SNR,CBF,ATT,sigma_CBF,sigma_ATT
5.0,20.0,0.5,,
5.0,23.157894736842106,0.5,,
5.0,26.315789473684212,0.5,,
5.0,29.473684210526315,0.5,,
5.0,32.631578947368425,0.5,,
5.0,35.78947368421053,0.5,800540075.666101,96863301.73852497
5.0,38.94736842105263,0.5,616014432.2428943,68492697.5074297
5.0,42.10526315789474,0.5,,
5.0,45.26315789473684,0.5,,
5.0,48.421052631578945,0.5,,
5.0,51.578947368421055,0.5,,
5.0,54.73684210526316,0.5,,
5.0,57.89473684210526,0.5,,
5.0,61.05263157894737,0.5,682813593.9504981,48431650.86926249
5.0,64.21052631578948,0.5,,
5.0,67.36842105263159,0.5,532769238.69655794,34246348.75371485
5.0,70.52631578947368,0.5,788767427.4945414,48431650.86926249
5.0,73.68421052631578,0.5,,
5.0,76.84210526315789,0.5,,
5.0,80.0,0.5,632663470.9521617,34246348.75371485
5.0,20.0,0.631578947368421,,
5.0,23.157894736842106,0.631578947368421,732557703.2077668,136985395.0148594
5.0,26.315789473684212,0.631578947368421,,
5.0,29.473684210526315,0.631578947368421,,
5.0,32.631578947368425,0.631578947368421,,
5.0,35.78947368421053,0.631578947368421,800540075.6661018,96863301.73852497
5.0,38.94736842105263,0.631578947368421,616014432.2428944,68492697.5074297
5.0,42.10526315789474,0.631578947368421,,
5.0,45.26315789473684,0.631578947368421,,
5.0,48.421052631578945,0.631578947368421,765855780.626301,68492697.5074297
5.0,51.578947368421055,0.631578947368421,,
5.0,54.73684210526316,0.631578947368421,612177704.9211366,48431650.86926249
5.0,57.89473684210526,0.631578947368421,,
5.0,61.05263157894737,0.631578947368421,,
5.0,64.21052631578948,0.631578947368421,,
5.0,67.36842105263159,0.631578947368421,753449482.9798608,48431650.86926249
5.0,70.52631578947368,0.631578947368421,,
5.0,73.68421052631578,0.631578947368421,,
5.0,76.84210526315789,0.631578947368421,,
5.0,80.0,0.631578947368421,632663470.9521626,34246348.75371485
5.0,20.0,0.763157894736842,,
5.0,23.157894736842106,0.763157894736842,,
5.0,26.315789473684212,0.763157894736842,,
5.0,29.473684210526315,0.763157894736842,,
5.0,32.631578947368425,0.763157894736842,,
5.0,35.78947368421053,0.763157894736842,566067316.1150923,68492697.5074297
5.0,38.94736842105263,0.763157894736842,,
5.0,42.10526315789474,0.763157894736842,,
5.0,45.26315789473684,0.763157894736842,,
5.0,48.421052631578945,0.763157894736842,,
5.0,51.578947368421055,0.763157894736842,,
5.0,54.73684210526316,0.763157894736842,,
5.0,57.89473684210526,0.763157894736842,,
5.0,61.05263157894737,0.763157894736842,,
5.0,64.21052631578948,0.763157894736842,,
5.0,67.36842105263159,0.763157894736842,,
5.0,70.52631578947368,0.763157894736842,,
5.0,73.68421052631578,0.763157894736842,,
5.0,76.84210526315789,0.763157894736842,429701658.2619513,24215825.434631243
5.0,80.0,0.763157894736842,,
5.0,20.0,0.8947368421052632,365268425.2606737,79088554.6868763
5.0,23.157894736842106,0.8947368421052632,,
5.0,26.315789473684212,0.8947368421052632,588632408.5780154,96863301.73852497
5.0,29.473684210526315,0.8947368421052632,466173083.85948795,68492697.5074297
5.0,32.631578947368425,0.8947368421052632,,
5.0,35.78947368421053,0.8947368421052632,,
5.0,38.94736842105263,0.8947368421052632,,
5.0,42.10526315789474,0.8947368421052632,,
5.0,45.26315789473684,0.8947368421052632,,
5.0,48.421052631578945,0.8947368421052632,,
5.0,51.578947368421055,0.8947368421052632,576859760.4064559,48431650.86926249
5.0,54.73684210526316,0.8947368421052632,612177704.9211366,48431650.86926249
5.0,57.89473684210526,0.8947368421052632,,
5.0,61.05263157894737,0.8947368421052632,,
5.0,64.21052631578948,0.8947368421052632,507795680.63265646,34246348.75371485
5.0,67.36842105263159,0.8947368421052632,532769238.6965577,34246348.75371485
5.0,70.52631578947368,0.8947368421052632,,
5.0,73.68421052631578,0.8947368421052632,,
5.0,76.84210526315789,0.8947368421052632,,
5.0,80.0,0.8947368421052632,,
5.0,20.0,1.026315789473684,632663470.952162,136985395.0148594
5.0,23.157894736842106,1.026315789473684,,
5.0,26.315789473684212,1.026315789473684,588632408.5780158,96863301.73852497
5.0,29.473684210526315,1.026315789473684,,
5.0,32.631578947368425,1.026315789473684,729904186.6367401,96863301.73852497
5.0,35.78947368421053,1.026315789473684,,
5.0,38.94736842105263,1.026315789473684,616014432.2428949,68492697.5074297
5.0,42.10526315789474,1.026315789473684,665961548.3706964,68492697.5074297
5.0,45.26315789473684,1.026315789473684,,
5.0,48.421052631578945,1.026315789473684,,
5.0,51.578947368421055,1.026315789473684,576859760.4064556,48431650.86926249
5.0,54.73684210526316,1.026315789473684,,
5.0,57.89473684210526,1.026315789473684,647495649.4358176,48431650.86926249
5.0,61.05263157894737,1.026315789473684,,
5.0,64.21052631578948,1.026315789473684,718131538.4651792,48431650.86926249
5.0,67.36842105263159,1.026315789473684,435004261.8192069,27962026.666666668
5.0,70.52631578947368,1.026315789473684,788767427.4945413,48431650.86926249
5.0,73.68421052631578,1.026315789473684,,
5.0,76.84210526315789,1.026315789473684,607689912.8882608,34246348.75371485
5.0,80.0,1.026315789473684,,
5.0,20.0,1.1578947368421053,,
5.0,23.157894736842106,1.1578947368421053,,
5.0,26.315789473684212,1.1578947368421053,,
5.0,29.473684210526315,1.1578947368421053,,
5.0,32.631578947368425,1.1578947368421053,729904186.6367396,96863301.73852497
5.0,35.78947368421053,1.1578947368421053,,
5.0,38.94736842105263,1.1578947368421053,,
5.0,42.10526315789474,1.1578947368421053,,
5.0,45.26315789473684,1.1578947368421053,,
5.0,48.421052631578945,1.1578947368421053,,
5.0,51.578947368421055,1.1578947368421053,,
5.0,54.73684210526316,1.1578947368421053,,
5.0,57.89473684210526,1.1578947368421053,,
5.0,61.05263157894737,1.1578947368421053,482822122.568755,34246348.75371485
5.0,64.21052631578948,1.1578947368421053,718131538.465179,48431650.86926249
5.0,67.36842105263159,1.1578947368421053,,
5.0,70.52631578947368,1.1578947368421053,,
5.0,73.68421052631578,1.1578947368421053,582716354.8243597,34246348.75371485
5.0,76.84210526315789,1.1578947368421053,,
5.0,80.0,1.1578947368421053,,
5.0,20.0,1.2894736842105263,447360630.51929164,96863301.73852497
5.0,23.157894736842106,1.2894736842105263,517996519.54865396,96863301.73852497
5.0,26.315789473684212,1.2894736842105263,,
5.0,29.473684210526315,1.2894736842105263,,
5.0,32.631578947368425,1.2894736842105263,,
5.0,35.78947368421053,1.2894736842105263,,
5.0,38.94736842105263,1.2894736842105263,435587982.3477313,48431650.86926249
5.0,42.10526315789474,1.2894736842105263,,
5.0,45.26315789473684,1.2894736842105263,,
5.0,48.421052631578945,1.2894736842105263,,
5.0,51.578947368421055,1.2894736842105263,,
5.0,54.73684210526316,1.2894736842105263,,
5.0,57.89473684210526,1.2894736842105263,457848564.50485384,34246348.75371485
5.0,61.05263157894737,1.2894736842105263,482822122.5687551,34246348.75371485
5.0,64.21052631578948,1.2894736842105263,718131538.4651794,48431650.86926249
5.0,67.36842105263159,1.2894736842105263,532769238.69655716,34246348.75371485
5.0,70.52631578947368,1.2894736842105263,,
5.0,73.68421052631578,1.2894736842105263,,
5.0,76.84210526315789,1.2894736842105263,607689912.8882601,34246348.75371485
5.0,80.0,1.2894736842105263,,
5.0,20.0,1.4210526315789473,,
5.0,23.157894736842106,1.4210526315789473,517996519.54865396,96863301.73852497
5.0,26.315789473684212,1.4210526315789473,,
5.0,29.473684210526315,1.4210526315789473,,
5.0,32.631578947368425,1.4210526315789473,,
5.0,35.78947368421053,1.4210526315789473,,
5.0,38.94736842105263,1.4210526315789473,,
5.0,42.10526315789474,1.4210526315789473,665961548.3706968,68492697.5074297
5.0,45.26315789473684,1.4210526315789473,506223871.3770936,48431650.86926249
5.0,48.421052631578945,1.4210526315789473,,
5.0,51.578947368421055,1.4210526315789473,576859760.4064552,48431650.86926249
5.0,54.73684210526316,1.4210526315789473,,
5.0,57.89473684210526,1.4210526315789473,,
5.0,61.05263157894737,1.4210526315789473,,
5.0,64.21052631578948,1.4210526315789473,507795680.63265646,34246348.75371485
5.0,67.36842105263159,1.4210526315789473,532769238.6965578,34246348.75371485
5.0,70.52631578947368,1.4210526315789473,557742796.7604588,34246348.75371485
5.0,73.68421052631578,1.4210526315789473,,
5.0,76.84210526315789,1.4210526315789473,,
5.0,80.0,1.4210526315789473,632663470.9521618,34246348.75371485
5.0,20.0,1.5526315789473684,7.902545735442463,0.6293548283016408
5.0,23.157894736842106,1.5526315789473684,8.220812467111395,0.5584982741343713
5.0,26.315789473684212,1.5526315789473684,8.46748907419952,0.5009274236312025
5.0,29.473684210526315,1.5526315789473684,8.594770678674621,0.4552050383318723
5.0,32.631578947368425,1.5526315789473684,8.739973244764649,0.4082545908312784
5.0,35.78947368421053,1.5526315789473684,8.789896249868432,0.37653838577665627
5.0,38.94736842105263,1.5526315789473684,8.870308563125082,0.34508891002076636
5.0,42.10526315789474,1.5526315789473684,9.017931162223112,0.3262111735941475
5.0,45.26315789473684,1.5526315789473684,9.087019265935448,0.3054266584115334
5.0,48.421052631578945,1.5526315789473684,8.844258925917757,0.2847387828224831
5.0,51.578947368421055,1.5526315789473684,9.083536655852702,0.2626189046001005
5.0,54.73684210526316,1.5526315789473684,9.091935676995508,0.25130634723512457
5.0,57.89473684210526,1.5526315789473684,9.161285268776927,0.23583831976720626
5.0,61.05263157894737,1.5526315789473684,9.123929078481195,0.22821615637720286
5.0,64.21052631578948,1.5526315789473684,9.223541009602558,0.2172713339016187
5.0,67.36842105263159,1.5526315789473684,9.038025863924162,0.20715867572186053
5.0,70.52631578947368,1.5526315789473684,9.12462376461836,0.19929259381275524
5.0,73.68421052631578,1.5526315789473684,9.171997282533608,0.18973485527096123
5.0,76.84210526315789,1.5526315789473684,9.155674210117946,0.1819540828236894
5.0,80.0,1.5526315789473684,9.083368267164834,0.17380116892771105
5.0,20.0,1.6842105263157894,7.9940569578327185,0.6333880382971943
5.0,23.157894736842106,1.6842105263157894,8.186158905695203,0.5696327428016308
5.0,26.315789473684212,1.6842105263157894,8.324990912492149,0.505180077085486
5.0,29.473684210526315,1.6842105263157894,8.392988172178109,0.4520204880485998
5.0,32.631578947368425,1.6842105263157894,8.585287600365554,0.4080321284617949
5.0,35.78947368421053,1.6842105263157894,8.647534194999112,0.38238685603219263
5.0,38.94736842105263,1.6842105263157894,8.70562374813435,0.34802179286762586
5.0,42.10526315789474,1.6842105263157894,8.720102223676225,0.3243665250412501
5.0,45.26315789473684,1.6842105263157894,8.82595321297368,0.3061748035444335
5.0,48.421052631578945,1.6842105263157894,8.925100545277811,0.28393044768150333
5.0,51.578947368421055,1.6842105263157894,8.92741331561795,0.26923952605440465
5.0,54.73684210526316,1.6842105263157894,9.002444715883792,0.25587234821420396
5.0,57.89473684210526,1.6842105263157894,8.919295590674034,0.24096547407100358
5.0,61.05263157894737,1.6842105263157894,8.954167122744282,0.22930014454430958
5.0,64.21052631578948,1.6842105263157894,8.903187900871808,0.2168457374196498
5.0,67.36842105263159,1.6842105263157894,9.013837741326732,0.20635663790844225
5.0,70.52631578947368,1.6842105263157894,9.07083762796611,0.19489628978159668
5.0,73.68421052631578,1.6842105263157894,8.923311247987108,0.1878428823126505
5.0,76.84210526315789,1.6842105263157894,9.126638997252941,0.18670303985026546
5.0,80.0,1.6842105263157894,9.066043190441473,0.17444828312966867
5.0,20.0,1.8157894736842104,7.842306202027284,0.6419990925399648
5.0,23.157894736842106,1.8157894736842104,8.25856779497771,0.5853997022566055
5.0,26.315789473684212,1.8157894736842104,8.2605337154728,0.5098538809335064
5.0,29.473684210526315,1.8157894736842104,8.64321572517491,0.46162810719527686
5.0,32.631578947368425,1.8157894736842104,8.55066428547264,0.4198652091428369
5.0,35.78947368421053,1.8157894736842104,8.605269568988485,0.3830144877949811
5.0,38.94736842105263,1.8157894736842104,8.714171913854477,0.3522013093824816
5.0,42.10526315789474,1.8157894736842104,8.69464064502609,0.3312296571994081
5.0,45.26315789473684,1.8157894736842104,8.750644964604005,0.3069339346391334
5.0,48.421052631578945,1.8157894736842104,8.846404170559182,0.2950304989101053
5.0,51.578947368421055,1.8157894736842104,8.948626719108557,0.2684268000133825
5.0,54.73684210526316,1.8157894736842104,8.598193077187693,0.2554667454200401
5.0,57.89473684210526,1.8157894736842104,8.776238669344432,0.24157296635536046
5.0,61.05263157894737,1.8157894736842104,8.96520151454893,0.23057856203273186
5.0,64.21052631578948,1.8157894736842104,8.825493117624921,0.22093894085220459
5.0,67.36842105263159,1.8157894736842104,8.921665961906074,0.20794859962857676
5.0,70.52631578947368,1.8157894736842104,9.074586112982836,0.20247790156233186
5.0,73.68421052631578,1.8157894736842104,8.837178216774745,0.19576334825003708
5.0,76.84210526315789,1.8157894736842104,8.949084015741116,0.184419599496368
5.0,80.0,1.8157894736842104,9.107428293322055,0.1746576245193942
5.0,20.0,1.9473684210526314,7.896825331743169,0.6406100374634067
5.0,23.157894736842106,1.9473684210526314,8.041859308520573,0.5689979363240684
5.0,26.315789473684212,1.9473684210526314,8.332957388854915,0.5200434858032412
5.0,29.473684210526315,1.9473684210526314,8.481214693798494,0.46728368891814825
5.0,32.631578947368425,1.9473684210526314,8.570182035947239,0.4266889851248484
5.0,35.78947368421053,1.9473684210526314,8.563376996729295,0.39185983745781106
5.0,38.94736842105263,1.9473684210526314,8.494742986215762,0.35854008910004354
5.0,42.10526315789474,1.9473684210526314,8.474287370642127,0.32914065639865864
5.0,45.26315789473684,1.9473684210526314,8.585407764204303,0.3131919107522161
5.0,48.421052631578945,1.9473684210526314,8.800805957411036,0.2948835934742466
5.0,51.578947368421055,1.9473684210526314,8.783533550608277,0.2801819749924997
5.0,54.73684210526316,1.9473684210526314,8.744058755845186,0.2619094032239685
5.0,57.89473684210526,1.9473684210526314,8.78580315426758,0.2479354608236523
5.0,61.05263157894737,1.9473684210526314,8.818919714030685,0.23658719184366997
5.0,64.21052631578948,1.9473684210526314,8.810962296696324,0.22156789952889375
5.0,67.36842105263159,1.9473684210526314,8.885539504976746,0.21758605039986426
5.0,70.52631578947368,1.9473684210526314,8.859215426683825,0.2066370624030878
5.0,73.68421052631578,1.9473684210526314,8.755965708652354,0.1937177886429566
5.0,76.84210526315789,1.9473684210526314,8.732767149369337,0.1871233297506695
5.0,80.0,1.9473684210526314,8.940432725034277,0.17835285668325612
5.0,20.0,2.0789473684210527,10.851780354718052,0.68961327493328
5.0,23.157894736842106,2.0789473684210527,11.343400654240625,0.618889448364963
5.0,26.315789473684212,2.0789473684210527,11.710749453928193,0.5577911071520959
5.0,29.473684210526315,2.0789473684210527,11.816351441748365,0.5049306880734068
5.0,32.631578947368425,2.0789473684210527,12.153602867957574,0.46692941571974694
5.0,35.78947368421053,2.0789473684210527,12.491014609871584,0.43476110300205895
5.0,38.94736842105263,2.0789473684210527,12.503219673638435,0.40133018150630817
5.0,42.10526315789474,2.0789473684210527,12.704360732204409,0.3745802451116663
5.0,45.26315789473684,2.0789473684210527,12.582837360983227,0.3494813234383646
5.0,48.421052631578945,2.0789473684210527,12.639349177706388,0.32141463421454153
5.0,51.578947368421055,2.0789473684210527,12.917054636815084,0.30936997134594496
5.0,54.73684210526316,2.0789473684210527,12.817883440637843,0.28877517189060137
5.0,57.89473684210526,2.0789473684210527,13.0665345835626,0.2807118430626315
5.0,61.05263157894737,2.0789473684210527,12.71011120778363,0.2615166525967674
5.0,64.21052631578948,2.0789473684210527,13.004905863166346,0.2535926983860671
5.0,67.36842105263159,2.0789473684210527,13.051369301718738,0.23968058053653316
5.0,70.52631578947368,2.0789473684210527,13.01342621026474,0.23395698425352407
5.0,73.68421052631578,2.0789473684210527,12.984428803398544,0.21914098537349294
5.0,76.84210526315789,2.0789473684210527,12.764771108789319,0.20714494633702055
5.0,80.0,2.0789473684210527,12.786245304444824,0.19948122163722992
5.0,20.0,2.2105263157894735,10.847977301176611,0.6823039797838558
5.0,23.157894736842106,2.2105263157894735,11.011575078792635,0.5966699740961076
5.0,26.315789473684212,2.2105263157894735,11.66400253525564,0.5475198287255445
5.0,29.473684210526315,2.2105263157894735,11.617257371817562,0.503553129041234
5.0,32.631578947368425,2.2105263157894735,12.089619442547955,0.45573629000941673
5.0,35.78947368421053,2.2105263157894735,12.276457283750545,0.42346651402891505
5.0,38.94736842105263,2.2105263157894735,12.159364632714054,0.38959689485476195
5.0,42.10526315789474,2.2105263157894735,12.291988770088592,0.36314246386837873
5.0,45.26315789473684,2.2105263157894735,12.522436996258893,0.33650383716846505
5.0,48.421052631578945,2.2105263157894735,12.637947064059059,0.32140877373349735
5.0,51.578947368421055,2.2105263157894735,12.371828736636779,0.2983782447508072
5.0,54.73684210526316,2.2105263157894735,12.571109554286233,0.2882470071999119
5.0,57.89473684210526,2.2105263157894735,12.620295079148267,0.26680060033924285
5.0,61.05263157894737,2.2105263157894735,12.960003360800535,0.2609871972303867
5.0,64.21052631578948,2.2105263157894735,12.815111094483708,0.24435106033153955
5.0,67.36842105263159,2.2105263157894735,12.880529950725908,0.2357819012006846
5.0,70.52631578947368,2.2105263157894735,12.926310061447618,0.22430067806351509
5.0,73.68421052631578,2.2105263157894735,12.669932198261023,0.2143570024438743
5.0,76.84210526315789,2.2105263157894735,12.664173916996871,0.2037128257045912
5.0,80.0,2.2105263157894735,12.99876300996435,0.2010148657705919
5.0,20.0,2.3421052631578947,10.818410650933918,0.6443166854831883
5.0,23.157894736842106,2.3421052631578947,10.935327310679202,0.584002519146377
5.0,26.315789473684212,2.3421052631578947,11.280744580679745,0.5283066116939086
5.0,29.473684210526315,2.3421052631578947,11.40045549433508,0.4786965408371645
5.0,32.631578947368425,2.3421052631578947,11.889062233388792,0.44398989183952076
5.0,35.78947368421053,2.3421052631578947,12.222084445019723,0.41498881230841206
5.0,38.94736842105263,2.3421052631578947,12.369449295908211,0.38841039817130024
5.0,42.10526315789474,2.3421052631578947,12.062679541130757,0.34871636842569015
5.0,45.26315789473684,2.3421052631578947,12.162364787875775,0.3308957553087451
5.0,48.421052631578945,2.3421052631578947,12.499395166672246,0.31022394327251124
5.0,51.578947368421055,2.3421052631578947,12.550553239846371,0.2957173913882158
5.0,54.73684210526316,2.3421052631578947,12.348940952184957,0.2754475539554131
5.0,57.89473684210526,2.3421052631578947,12.584413171732837,0.2621545598738005
5.0,61.05263157894737,2.3421052631578947,12.478597095512267,0.24910860365557388
5.0,64.21052631578948,2.3421052631578947,12.57780279635589,0.2412263320568316
5.0,67.36842105263159,2.3421052631578947,12.7630710725759,0.22664312238375459
5.0,70.52631578947368,2.3421052631578947,12.359949834885255,0.216987776343437
5.0,73.68421052631578,2.3421052631578947,12.544893037621636,0.21019261086127203
5.0,76.84210526315789,2.3421052631578947,12.802653534629778,0.20163434334819
5.0,80.0,2.3421052631578947,12.556282223792095,0.19320642338715976
5.0,20.0,2.473684210526316,10.567408179799509,0.6290699400674371
5.0,23.157894736842106,2.473684210526316,10.997097757288824,0.5700810741467671
5.0,26.315789473684212,2.473684210526316,11.444297930678177,0.5188685759751973
5.0,29.473684210526315,2.473684210526316,11.529186117615826,0.48259592037856824
5.0,32.631578947368425,2.473684210526316,12.055050694181924,0.43875868339135804
5.0,35.78947368421053,2.473684210526316,11.962886538241719,0.4058762128673138
5.0,38.94736842105263,2.473684210526316,11.937032285722635,0.37139155805997986
5.0,42.10526315789474,2.473684210526316,11.898862181675625,0.3429193789926583
5.0,45.26315789473684,2.473684210526316,12.342503677094168,0.32897205161818005
5.0,48.421052631578945,2.473684210526316,12.167667051050982,0.30170941772354026
5.0,51.578947368421055,2.473684210526316,12.245764016964452,0.2850403278814293
5.0,54.73684210526316,2.473684210526316,12.361746715598109,0.2698960936929768
5.0,57.89473684210526,2.473684210526316,12.487889020019312,0.26138387425024345
5.0,61.05263157894737,2.473684210526316,12.505371455614561,0.2500125184892402
5.0,64.21052631578948,2.473684210526316,12.608533260534948,0.23945122318601314
5.0,67.36842105263159,2.473684210526316,12.373834786233783,0.22445111132651982
5.0,70.52631578947368,2.473684210526316,12.682666738480954,0.21829211216005773
5.0,73.68421052631578,2.473684210526316,12.336455617960159,0.20340960486527718
5.0,76.84210526315789,2.473684210526316,12.475201165791075,0.19820228806498025
5.0,80.0,2.473684210526316,12.39894994385514,0.1921633537739081
5.0,20.0,2.6052631578947367,15.986298478181332,0.7991509333934704
5.0,23.157894736842106,2.6052631578947367,16.511591612003805,0.708615998420606
5.0,26.315789473684212,2.6052631578947367,17.250721366457544,0.6541839414568068
5.0,29.473684210526315,2.6052631578947367,17.78069297277349,0.60625795565728
5.0,32.631578947368425,2.6052631578947367,18.057272340042907,0.5634234030002058
5.0,35.78947368421053,2.6052631578947367,17.950094254956348,0.5091809547258126
5.0,38.94736842105263,2.6052631578947367,18.672777778910312,0.4863293764893086
5.0,42.10526315789474,2.6052631578947367,19.163535834253654,0.458763215441697
5.0,45.26315789473684,2.6052631578947367,19.446668037505457,0.43340324006216496
5.0,48.421052631578945,2.6052631578947367,19.761613198175606,0.404693980060936
5.0,51.578947368421055,2.6052631578947367,19.409555270860935,0.3827454684484051
5.0,54.73684210526316,2.6052631578947367,19.562658838564786,0.36051120736789205
5.0,57.89473684210526,2.6052631578947367,19.569384750717663,0.34751402214604193
5.0,61.05263157894737,2.6052631578947367,19.612257485013348,0.32593468901150086
5.0,64.21052631578948,2.6052631578947367,20.104144922325407,0.3168649396502792
5.0,67.36842105263159,2.6052631578947367,20.17237586224669,0.30138098708071254
5.0,70.52631578947368,2.6052631578947367,20.070080639851774,0.28789696191318503
5.0,73.68421052631578,2.6052631578947367,19.69217263919095,0.27536730632438905
5.0,76.84210526315789,2.6052631578947367,20.210057331696838,0.2628449056515562
5.0,80.0,2.6052631578947367,19.73653289623033,0.25365067889805265
5.0,20.0,2.736842105263158,15.847170804021188,0.7369124346663426
5.0,23.157894736842106,2.736842105263158,16.724025539393857,0.6791838428958364
5.0,26.315789473684212,2.736842105263158,16.991035534038527,0.6109522405144966
5.0,29.473684210526315,2.736842105263158,17.368330996075173,0.5591710555100798
5.0,32.631578947368425,2.736842105263158,18.18116809350019,0.5238740222008145
5.0,35.78947368421053,2.736842105263158,18.095582294692722,0.4823964606681993
5.0,38.94736842105263,2.736842105263158,18.548238836672343,0.4498382627996062
5.0,42.10526315789474,2.736842105263158,18.897269306629905,0.4107748127568897
5.0,45.26315789473684,2.736842105263158,18.830163515550076,0.39265613338206967
5.0,48.421052631578945,2.736842105263158,18.966488022308724,0.3754536780676823
5.0,51.578947368421055,2.736842105263158,18.97660006861909,0.3544363595561016
5.0,54.73684210526316,2.736842105263158,19.39535768372257,0.3423661677131477
5.0,57.89473684210526,2.736842105263158,19.527750145312705,0.3191083985934701
5.0,61.05263157894737,2.736842105263158,19.530812187941287,0.3051835842658991
5.0,64.21052631578948,2.736842105263158,19.77182318103665,0.2938065511989047
5.0,67.36842105263159,2.736842105263158,19.520255293712506,0.27994406687121126
5.0,70.52631578947368,2.736842105263158,19.660900065844626,0.2663848020756142
5.0,73.68421052631578,2.736842105263158,19.849164515932916,0.2616014315677116
5.0,76.84210526315789,2.736842105263158,20.02701562196245,0.2516018379254167
5.0,80.0,2.736842105263158,19.60023315216372,0.24036624606030968
5.0,20.0,2.8684210526315788,15.73339300711924,0.7044636307446674
5.0,23.157894736842106,2.8684210526315788,16.359905162153296,0.6223419344650323
5.0,26.315789473684212,2.8684210526315788,16.485353180082722,0.5567973454764938
5.0,29.473684210526315,2.8684210526315788,17.07676546719673,0.5182643008022224
5.0,32.631578947368425,2.8684210526315788,17.654052210244668,0.47874460701481336
5.0,35.78947368421053,2.8684210526315788,18.365048214360463,0.45328716233330923
5.0,38.94736842105263,2.8684210526315788,18.300331052294766,0.4173317191609321
5.0,42.10526315789474,2.8684210526315788,18.639265143394596,0.3906228036992615
5.0,45.26315789473684,2.8684210526315788,18.735783550889895,0.3687456091217186
5.0,48.421052631578945,2.8684210526315788,18.571684162807315,0.3441239713839425
5.0,51.578947368421055,2.8684210526315788,18.99476063620807,0.3332576019650552
5.0,54.73684210526316,2.8684210526315788,19.051038369599507,0.31195698819445794
5.0,57.89473684210526,2.8684210526315788,18.67961608786398,0.29686184427424456
5.0,61.05263157894737,2.8684210526315788,19.371813556411343,0.28296665225496576
5.0,64.21052631578948,2.8684210526315788,19.40763807931802,0.274314028848844
5.0,67.36842105263159,2.8684210526315788,19.408675675117557,0.26640563528408706
5.0,70.52631578947368,2.8684210526315788,19.63788268986877,0.25177860528518875
5.0,73.68421052631578,2.8684210526315788,19.378373533357223,0.24251922248659424
5.0,76.84210526315789,2.8684210526315788,19.430874616693448,0.22948800703846814
5.0,80.0,2.8684210526315788,19.712380733743174,0.22571617215767972
5.0,20.0,3.0,15.796189582209545,0.673879774596893
5.0,23.157894736842106,3.0,16.005822940205846,0.5869410191709024
5.0,26.315789473684212,3.0,16.674489096433962,0.5313675952177715
5.0,29.473684210526315,3.0,17.16345273043784,0.4799767162180923
5.0,32.631578947368425,3.0,17.557901688368464,0.4402271011056233
5.0,35.78947368421053,3.0,17.799648271374952,0.4042833044089129
5.0,38.94736842105263,3.0,17.72038621710071,0.3763636017060737
5.0,42.10526315789474,3.0,18.502819948144783,0.3601838318491561
5.0,45.26315789473684,3.0,18.47594805693707,0.3357004690574735
5.0,48.421052631578945,3.0,18.734794900701857,0.31702125862412206
5.0,51.578947368421055,3.0,18.755088320678603,0.29785969773544196
5.0,54.73684210526316,3.0,18.791229307655858,0.2840109245835558
5.0,57.89473684210526,3.0,18.98754513745097,0.2734145727166765
5.0,61.05263157894737,3.0,18.918797643228576,0.25983842886070957
5.0,64.21052631578948,3.0,19.04601084529846,0.25109553959291225
5.0,67.36842105263159,3.0,19.353864320105455,0.24288506606805915
5.0,70.52631578947368,3.0,19.151909983822225,0.22972737717778713
5.0,73.68421052631578,3.0,19.27429869688319,0.22177698806079374
5.0,76.84210526315789,3.0,19.12287212777559,0.21122454155474019
5.0,80.0,3.0,19.038778400838424,0.20260525637418753
10.0,20.0,0.5,316331735.4760809,68492697.5074297
10.0,23.157894736842106,0.5,,
10.0,26.315789473684212,0.5,416225967.7316855,68492697.5074297
10.0,29.473684210526315,0.5,,
10.0,32.631578947368425,0.5,,
10.0,35.78947368421053,0.5,,
10.0,38.94736842105263,0.5,,
10.0,42.10526315789474,0.5,,
10.0,45.26315789473684,0.5,,
10.0,48.421052631578945,0.5,382927890.3131504,34246348.75371485
10.0,51.578947368421055,0.5,407901448.3770518,34246348.75371485
10.0,54.73684210526316,0.5,432875006.44095296,34246348.75371485
10.0,57.89473684210526,0.5,,
10.0,61.05263157894737,0.5,,
10.0,64.21052631578948,0.5,359065769.2325896,24215825.434631243
10.0,67.36842105263159,0.5,,
10.0,70.52631578947368,0.5,394383713.74727064,24215825.434631243
10.0,73.68421052631578,0.5,,
10.0,76.84210526315789,0.5,,
10.0,80.0,0.5,,
10.0,20.0,0.631578947368421,,
10.0,23.157894736842106,0.631578947368421,366278851.6038834,68492697.5074297
10.0,26.315789473684212,0.631578947368421,416225967.73168564,68492697.5074297
10.0,29.473684210526315,0.631578947368421,,
10.0,32.631578947368425,0.631578947368421,,
10.0,35.78947368421053,0.631578947368421,283033658.05754614,34246348.75371485
10.0,38.94736842105263,0.631578947368421,308007216.1214472,34246348.75371485
10.0,42.10526315789474,0.631578947368421,,
10.0,45.26315789473684,0.631578947368421,,
10.0,48.421052631578945,0.631578947368421,,
10.0,51.578947368421055,0.631578947368421,,
10.0,54.73684210526316,0.631578947368421,432875006.4409529,34246348.75371485
10.0,57.89473684210526,0.631578947368421,,
10.0,61.05263157894737,0.631578947368421,,
10.0,64.21052631578948,0.631578947368421,,
10.0,67.36842105263159,0.631578947368421,,
10.0,70.52631578947368,0.631578947368421,,
10.0,73.68421052631578,0.631578947368421,412042686.00461143,24215825.434631243
10.0,76.84210526315789,0.631578947368421,,
10.0,80.0,0.631578947368421,,
10.0,20.0,0.763157894736842,,
10.0,23.157894736842106,0.763157894736842,,
10.0,26.315789473684212,0.763157894736842,,
10.0,29.473684210526315,0.763157894736842,,
10.0,32.631578947368425,0.763157894736842,,
10.0,35.78947368421053,0.763157894736842,400270037.8330508,48431650.86926249
10.0,38.94736842105263,0.763157894736842,,
10.0,42.10526315789474,0.763157894736842,,
10.0,45.26315789473684,0.763157894736842,,
10.0,48.421052631578945,0.763157894736842,,
10.0,51.578947368421055,0.763157894736842,235502011.0233292,19772138.671719074
10.0,54.73684210526316,0.763157894736842,,
10.0,57.89473684210526,0.763157894736842,,
10.0,61.05263157894737,0.763157894736842,,
10.0,64.21052631578948,0.763157894736842,,
10.0,67.36842105263159,0.763157894736842,,
10.0,70.52631578947368,0.763157894736842,,
10.0,73.68421052631578,0.763157894736842,,
10.0,76.84210526315789,0.763157894736842,,
10.0,80.0,0.763157894736842,223680315.259646,12107912.717315622
10.0,20.0,0.8947368421052632,,
10.0,23.157894736842106,0.8947368421052632,,
10.0,26.315789473684212,0.8947368421052632,,
10.0,29.473684210526315,0.8947368421052632,,
10.0,32.631578947368425,0.8947368421052632,,
10.0,35.78947368421053,0.8947368421052632,,
10.0,38.94736842105263,0.8947368421052632,,
10.0,42.10526315789474,0.8947368421052632,,
10.0,45.26315789473684,0.8947368421052632,,
10.0,48.421052631578945,0.8947368421052632,382927890.3131506,34246348.75371485
10.0,51.578947368421055,0.8947368421052632,,
10.0,54.73684210526316,0.8947368421052632,,
10.0,57.89473684210526,0.8947368421052632,,
10.0,61.05263157894737,0.8947368421052632,241411061.28437752,17123174.376857426
10.0,64.21052631578948,0.8947368421052632,,
10.0,67.36842105263159,0.8947368421052632,266384619.34827885,17123174.376857426
10.0,70.52631578947368,0.8947368421052632,,
10.0,73.68421052631578,0.8947368421052632,,
10.0,76.84210526315789,0.8947368421052632,303844956.4441306,17123174.376857426
10.0,80.0,0.8947368421052632,,
10.0,20.0,1.026315789473684,223680315.25964603,48431650.86926249
10.0,23.157894736842106,1.026315789473684,366278851.6038834,68492697.5074297
10.0,26.315789473684212,1.026315789473684,,
10.0,29.473684210526315,1.026315789473684,190314364.54590288,27962026.666666668
10.0,32.631578947368425,1.026315789473684,,
10.0,35.78947368421053,1.026315789473684,,
10.0,38.94736842105263,1.026315789473684,308007216.12144744,34246348.75371485
10.0,42.10526315789474,1.026315789473684,,
10.0,45.26315789473684,1.026315789473684,,
10.0,48.421052631578945,1.026315789473684,382927890.31315035,34246348.75371485
10.0,51.578947368421055,1.026315789473684,,
10.0,54.73684210526316,1.026315789473684,216437503.22047648,17123174.376857426
10.0,57.89473684210526,1.026315789473684,,
10.0,61.05263157894737,1.026315789473684,,
10.0,64.21052631578948,1.026315789473684,,
10.0,67.36842105263159,1.026315789473684,,
10.0,70.52631578947368,1.026315789473684,278871398.3802293,17123174.376857426
10.0,73.68421052631578,1.026315789473684,,
10.0,76.84210526315789,1.026315789473684,303844956.44413036,17123174.376857426
10.0,80.0,1.026315789473684,,
10.0,20.0,1.1578947368421053,,
10.0,23.157894736842106,1.1578947368421053,366278851.60388327,68492697.5074297
10.0,26.315789473684212,1.1578947368421053,294316204.28900796,48431650.86926249
10.0,29.473684210526315,1.1578947368421053,,
10.0,32.631578947368425,1.1578947368421053,,
10.0,35.78947368421053,1.1578947368421053,,
10.0,38.94736842105263,1.1578947368421053,,
10.0,42.10526315789474,1.1578947368421053,332980774.18534803,34246348.75371485
10.0,45.26315789473684,1.1578947368421053,,
10.0,48.421052631578945,1.1578947368421053,,
10.0,51.578947368421055,1.1578947368421053,288429880.2032277,24215825.434631243
10.0,54.73684210526316,1.1578947368421053,306088852.46056825,24215825.434631243
10.0,57.89473684210526,1.1578947368421053,,
10.0,61.05263157894737,1.1578947368421053,,
10.0,64.21052631578948,1.1578947368421053,,
10.0,67.36842105263159,1.1578947368421053,,
10.0,70.52631578947368,1.1578947368421053,278871398.3802294,17123174.376857426
10.0,73.68421052631578,1.1578947368421053,291358177.4121798,17123174.376857426
10.0,76.84210526315789,1.1578947368421053,,
10.0,80.0,1.1578947368421053,,
10.0,20.0,1.2894736842105263,,
10.0,23.157894736842106,1.2894736842105263,,
10.0,26.315789473684212,1.2894736842105263,,
10.0,29.473684210526315,1.2894736842105263,190314364.54590282,27962026.666666668
10.0,32.631578947368425,1.2894736842105263,182476046.65918484,24215825.434631243
10.0,35.78947368421053,1.2894736842105263,283033658.057546,34246348.75371485
10.0,38.94736842105263,1.2894736842105263,217793991.17386568,24215825.434631243
10.0,42.10526315789474,1.2894736842105263,,
10.0,45.26315789473684,1.2894736842105263,357954332.2492495,34246348.75371485
10.0,48.421052631578945,1.2894736842105263,270770907.9458871,24215825.434631243
10.0,51.578947368421055,1.2894736842105263,,
10.0,54.73684210526316,1.2894736842105263,,
10.0,57.89473684210526,1.2894736842105263,,
10.0,61.05263157894737,1.2894736842105263,,
10.0,64.21052631578948,1.2894736842105263,253897840.31632817,17123174.376857426
10.0,67.36842105263159,1.2894736842105263,266384619.34827858,17123174.376857426
10.0,70.52631578947368,1.2894736842105263,,
10.0,73.68421052631578,1.2894736842105263,206021343.00230557,12107912.717315622
10.0,76.84210526315789,1.2894736842105263,303844956.44413006,17123174.376857426
10.0,80.0,1.2894736842105263,316331735.4760807,17123174.376857426
10.0,20.0,1.4210526315789473,223680315.25964606,48431650.86926249
10.0,23.157894736842106,1.4210526315789473,,
10.0,26.315789473684212,1.4210526315789473,,
10.0,29.473684210526315,1.4210526315789473,,
10.0,32.631578947368425,1.4210526315789473,,
10.0,35.78947368421053,1.4210526315789473,,
10.0,38.94736842105263,1.4210526315789473,,
10.0,42.10526315789474,1.4210526315789473,,
10.0,45.26315789473684,1.4210526315789473,,
10.0,48.421052631578945,1.4210526315789473,270770907.9458872,24215825.434631243
10.0,51.578947368421055,1.4210526315789473,,
10.0,54.73684210526316,1.4210526315789473,216437503.2204765,17123174.376857426
10.0,57.89473684210526,1.4210526315789473,323747824.7179086,24215825.434631243
10.0,61.05263157894737,1.4210526315789473,241411061.2843775,17123174.376857426
10.0,64.21052631578948,1.4210526315789473,253897840.31632823,17123174.376857426
10.0,67.36842105263159,1.4210526315789473,,
10.0,70.52631578947368,1.4210526315789473,,
10.0,73.68421052631578,1.4210526315789473,291358177.4121799,17123174.376857426
10.0,76.84210526315789,1.4210526315789473,,
10.0,80.0,1.4210526315789473,,
10.0,20.0,1.5526315789473684,4.404045090053572,0.34048000879996276
10.0,23.157894736842106,1.5526315789473684,4.486322476430423,0.29458352971422175
10.0,26.315789473684212,1.5526315789473684,4.538951613043273,0.26618707073385045
10.0,29.473684210526315,1.5526315789473684,4.4750493030762755,0.23475565068658563
10.0,32.631578947368425,1.5526315789473684,4.530240531480666,0.21085685124042858
10.0,35.78947368421053,1.5526315789473684,4.62845954353402,0.1975625849759316
10.0,38.94736842105263,1.5526315789473684,4.561290110972006,0.17867692095139284
10.0,42.10526315789474,1.5526315789473684,4.5902371116067116,0.16635398026043496
10.0,45.26315789473684,1.5526315789473684,4.569069280582608,0.15385557997719418
10.0,48.421052631578945,1.5526315789473684,4.575523376554599,0.14585958828980816
10.0,51.578947368421055,1.5526315789473684,4.582388703215698,0.13526957733202985
10.0,54.73684210526316,1.5526315789473684,4.6744276110837015,0.12881982881859724
10.0,57.89473684210526,1.5526315789473684,4.61079204899032,0.12094503106005092
10.0,61.05263157894737,1.5526315789473684,4.63886167801779,0.11614023056271906
10.0,64.21052631578948,1.5526315789473684,4.640204173849562,0.11000783499673922
10.0,67.36842105263159,1.5526315789473684,4.61279150045042,0.10380858893949707
10.0,70.52631578947368,1.5526315789473684,4.594510832086266,0.09957115784828709
10.0,73.68421052631578,1.5526315789473684,4.570453855969157,0.0946141806321448
10.0,76.84210526315789,1.5526315789473684,4.565312297119093,0.09083379491728456
10.0,80.0,1.5526315789473684,4.684089243480435,0.08801479595862959
10.0,20.0,1.6842105263157894,4.443974807113992,0.3459846534227014
10.0,23.157894736842106,1.6842105263157894,4.460115311556831,0.2993473424290923
10.0,26.315789473684212,1.6842105263157894,4.45964314130567,0.261334649373372
10.0,29.473684210526315,1.6842105263157894,4.476568985815436,0.23588669889620478
10.0,32.631578947368425,1.6842105263157894,4.492234748090341,0.2161248529605336
10.0,35.78947368421053,1.6842105263157894,4.568854065164911,0.19844492962327795
10.0,38.94736842105263,1.6842105263157894,4.582906033371517,0.1810642551344602
10.0,42.10526315789474,1.6842105263157894,4.5200884389998395,0.16487855846921212
10.0,45.26315789473684,1.6842105263157894,4.445612355651588,0.15457508660283692
10.0,48.421052631578945,1.6842105263157894,4.565358855004066,0.14548512580956202
10.0,51.578947368421055,1.6842105263157894,4.583237825569275,0.13639449189694916
10.0,54.73684210526316,1.6842105263157894,4.580831899207839,0.12891030313479904
10.0,57.89473684210526,1.6842105263157894,4.62279716393915,0.12113130752776129
10.0,61.05263157894737,1.6842105263157894,4.592091354351205,0.11550989231399392
10.0,64.21052631578948,1.6842105263157894,4.469462933710556,0.10971421985101615
10.0,67.36842105263159,1.6842105263157894,4.59216880541181,0.10476845411760859
10.0,70.52631578947368,1.6842105263157894,4.4971007199526944,0.0985761766660519
10.0,73.68421052631578,1.6842105263157894,4.535297385768241,0.0961999055678715
10.0,76.84210526315789,1.6842105263157894,4.484326966959881,0.09262670811877506
10.0,80.0,1.6842105263157894,4.53549989932039,0.08777462174412919
10.0,20.0,1.8157894736842104,4.317503164272983,0.3484366504543731
10.0,23.157894736842106,1.8157894736842104,4.4182693728583935,0.30808044014109737
10.0,26.315789473684212,1.8157894736842104,4.386856295602796,0.26177286748438405
10.0,29.473684210526315,1.8157894736842104,4.43132614107513,0.23937459083676507
10.0,32.631578947368425,1.8157894736842104,4.435282457822307,0.2130755005182429
10.0,35.78947368421053,1.8157894736842104,4.438966448893638,0.19732784366873
10.0,38.94736842105263,1.8157894736842104,4.43853538499451,0.1815272667404856
10.0,42.10526315789474,1.8157894736842104,4.499900068431147,0.16722879328463106
10.0,45.26315789473684,1.8157894736842104,4.488313855777444,0.15545577379973163
10.0,48.421052631578945,1.8157894736842104,4.506755486259748,0.14961929386610837
10.0,51.578947368421055,1.8157894736842104,4.544900549532748,0.13742267398445743
10.0,54.73684210526316,1.8157894736842104,4.4343354806680955,0.1306781276581536
10.0,57.89473684210526,1.8157894736842104,4.379507150106867,0.12116568806834893
10.0,61.05263157894737,1.8157894736842104,4.458165184972198,0.11654263066433275
10.0,64.21052631578948,1.8157894736842104,4.480826171623278,0.11059570928335175
10.0,67.36842105263159,1.8157894736842104,4.474663871721667,0.10549008507740895
10.0,70.52631578947368,1.8157894736842104,4.49239155172423,0.1000236030518112
10.0,73.68421052631578,1.8157894736842104,4.4754206690914,0.0961048266920632
10.0,76.84210526315789,1.8157894736842104,4.455202533240991,0.09194678842412932
10.0,80.0,1.8157894736842104,4.449720793063286,0.08859658470359942
10.0,20.0,1.9473684210526314,4.280994075758193,0.3486448290021136
10.0,23.157894736842106,1.9473684210526314,4.371276572794135,0.305592421394776
10.0,26.315789473684212,1.9473684210526314,4.334451236760492,0.2712444058343554
10.0,29.473684210526315,1.9473684210526314,4.434278446659475,0.24572717592365523
10.0,32.631578947368425,1.9473684210526314,4.348581767851768,0.21957682030006467
10.0,35.78947368421053,1.9473684210526314,4.348651020155698,0.19874207664361915
10.0,38.94736842105263,1.9473684210526314,4.446355822631233,0.18513494159490035
10.0,42.10526315789474,1.9473684210526314,4.465945008175482,0.17220774660127813
10.0,45.26315789473684,1.9473684210526314,4.334058469076535,0.15956459162023495
10.0,48.421052631578945,1.9473684210526314,4.437828905097137,0.1484082109864184
10.0,51.578947368421055,1.9473684210526314,4.396887045453669,0.1366930931993717
10.0,54.73684210526316,1.9473684210526314,4.450294790974583,0.1342338323836693
10.0,57.89473684210526,1.9473684210526314,4.5019842008413375,0.12408570941528338
10.0,61.05263157894737,1.9473684210526314,4.52316519200305,0.11866500916389584
10.0,64.21052631578948,1.9473684210526314,4.452557002649828,0.11046228080553476
10.0,67.36842105263159,1.9473684210526314,4.482940317238952,0.10751078667900323
10.0,70.52631578947368,1.9473684210526314,4.4948021534228895,0.10317912496840023
10.0,73.68421052631578,1.9473684210526314,4.46216781046816,0.09880386282895011
10.0,76.84210526315789,1.9473684210526314,4.4121524056367925,0.09363353522922796
10.0,80.0,1.9473684210526314,4.351518451504622,0.09072269428112685
10.0,20.0,2.0789473684210527,6.3230292867467535,0.395761769531519
10.0,23.157894736842106,2.0789473684210527,6.567841031332391,0.3470790014684745
10.0,26.315789473684212,2.0789473684210527,6.430091534656355,0.3057069843651656
10.0,29.473684210526315,2.0789473684210527,6.461555880114949,0.2756169589727338
10.0,32.631578947368425,2.0789473684210527,6.428997759392488,0.2426933582290801
10.0,35.78947368421053,2.0789473684210527,6.514302562198049,0.2253059316686633
10.0,38.94736842105263,2.0789473684210527,6.588903932365932,0.20817422150362247
10.0,42.10526315789474,2.0789473684210527,6.562797713259556,0.19425196586181082
10.0,45.26315789473684,2.0789473684210527,6.5558733372042814,0.182674108102136
10.0,48.421052631578945,2.0789473684210527,6.531676707726701,0.1674452833644122
10.0,51.578947368421055,2.0789473684210527,6.635598909438315,0.15976257842187563
10.0,54.73684210526316,2.0789473684210527,6.6428672100265045,0.1516552361867563
10.0,57.89473684210526,2.0789473684210527,6.632985071939523,0.14199501799639808
10.0,61.05263157894737,2.0789473684210527,6.599176024115565,0.13291355057694498
10.0,64.21052631578948,2.0789473684210527,6.58323783888824,0.1279504870917107
10.0,67.36842105263159,2.0789473684210527,6.5271165657652706,0.12107118516938475
10.0,70.52631578947368,2.0789473684210527,6.463828105242243,0.11591094410858019
10.0,73.68421052631578,2.0789473684210527,6.663997162567388,0.11119276120311841
10.0,76.84210526315789,2.0789473684210527,6.559552991076324,0.10603056084027022
10.0,80.0,2.0789473684210527,6.69487249637918,0.10381395919757067
10.0,20.0,2.2105263157894735,6.251861427255124,0.38496837364936737
10.0,23.157894736842106,2.2105263157894735,6.253465481865883,0.3282812578835898
10.0,26.315789473684212,2.2105263157894735,6.374968248592647,0.29955160248528406
10.0,29.473684210526315,2.2105263157894735,6.372191005329934,0.2621352113493079
10.0,32.631578947368425,2.2105263157894735,6.391942851509252,0.24169353716489084
10.0,35.78947368421053,2.2105263157894735,6.514589852431801,0.22259620996232055
10.0,38.94736842105263,2.2105263157894735,6.4450878606821345,0.20118219902498896
10.0,42.10526315789474,2.2105263157894735,6.407187854005937,0.18723778179476327
10.0,45.26315789473684,2.2105263157894735,6.478757733606449,0.1754804203988195
10.0,48.421052631578945,2.2105263157894735,6.398820795716251,0.1644382123291333
10.0,51.578947368421055,2.2105263157894735,6.497806986618737,0.15345837096886733
10.0,54.73684210526316,2.2105263157894735,6.4977860501239295,0.14531450827410725
10.0,57.89473684210526,2.2105263157894735,6.463706466916505,0.13601287422993052
10.0,61.05263157894737,2.2105263157894735,6.4770974182444965,0.13016792177125885
10.0,64.21052631578948,2.2105263157894735,6.441017036106559,0.12226129467428723
10.0,67.36842105263159,2.2105263157894735,6.4924393541186145,0.11730965026488338
10.0,70.52631578947368,2.2105263157894735,6.41215867170607,0.11249822448099045
10.0,73.68421052631578,2.2105263157894735,6.556442000283725,0.10712030301598931
10.0,76.84210526315789,2.2105263157894735,6.460181638142678,0.1045215464301218
10.0,80.0,2.2105263157894735,6.54661500560366,0.0988721668892643
10.0,20.0,2.3421052631578947,6.110266062555507,0.370739789098557
10.0,23.157894736842106,2.3421052631578947,6.306254536529151,0.32645825599335454
10.0,26.315789473684212,2.3421052631578947,6.239552546532055,0.28702379514786175
10.0,29.473684210526315,2.3421052631578947,6.237320210045334,0.2598269595791008
10.0,32.631578947368425,2.3421052631578947,6.324561063652772,0.2402614928938153
10.0,35.78947368421053,2.3421052631578947,6.383323559004952,0.21395351315850858
10.0,38.94736842105263,2.3421052631578947,6.3703593023822025,0.2011701804228772
10.0,42.10526315789474,2.3421052631578947,6.345469625602535,0.18341062774144676
10.0,45.26315789473684,2.3421052631578947,6.355097687583194,0.17062045844991722
10.0,48.421052631578945,2.3421052631578947,6.384955571648111,0.16170998923607088
10.0,51.578947368421055,2.3421052631578947,6.389885070346996,0.15184546966691004
10.0,54.73684210526316,2.3421052631578947,6.377708856590088,0.14130710680906253
10.0,57.89473684210526,2.3421052631578947,6.336289067728592,0.13331927132285387
10.0,61.05263157894737,2.3421052631578947,6.354705776844533,0.12773809532809244
10.0,64.21052631578948,2.3421052631578947,6.398347361745477,0.1227864630000144
10.0,67.36842105263159,2.3421052631578947,6.430892847559042,0.11341086111523205
10.0,70.52631578947368,2.3421052631578947,6.371797747958294,0.10769285319618453
10.0,73.68421052631578,2.3421052631578947,6.3965249792588965,0.10641502496998684
10.0,76.84210526315789,2.3421052631578947,6.410168513831313,0.10226443102243656
10.0,80.0,2.3421052631578947,6.390494690420815,0.09623521659415178
10.0,20.0,2.473684210526316,5.864623973930606,0.35613843026915776
10.0,23.157894736842106,2.473684210526316,6.136273491618888,0.32033703697885446
10.0,26.315789473684212,2.473684210526316,6.128424324757988,0.281625617482431
10.0,29.473684210526315,2.473684210526316,6.210548766586858,0.25579417929168635
10.0,32.631578947368425,2.473684210526316,6.202451996030987,0.23396420684739516
10.0,35.78947368421053,2.473684210526316,6.226253756619307,0.21508502904233048
10.0,38.94736842105263,2.473684210526316,6.229401236898873,0.1979876688928698
10.0,42.10526315789474,2.473684210526316,6.275756869427889,0.1829671635186352
10.0,45.26315789473684,2.473684210526316,6.257383426623876,0.1698628943096336
10.0,48.421052631578945,2.473684210526316,6.307057116554263,0.1594097385537044
10.0,51.578947368421055,2.473684210526316,6.2439546710910685,0.15004506928207617
10.0,54.73684210526316,2.473684210526316,6.2965865159513354,0.1393542602401858
10.0,57.89473684210526,2.473684210526316,6.339010912397812,0.13208335075968333
10.0,61.05263157894737,2.473684210526316,6.229040489985271,0.1270786471757962
10.0,64.21052631578948,2.473684210526316,6.2739834713992195,0.11849154536863583
10.0,67.36842105263159,2.473684210526316,6.322198051153274,0.11463894675311198
10.0,70.52631578947368,2.473684210526316,6.364436469681361,0.10696626334694594
10.0,73.68421052631578,2.473684210526316,6.3651110956366175,0.10445514643924758
10.0,76.84210526315789,2.473684210526316,6.409131296361807,0.10046283282707254
10.0,80.0,2.473684210526316,6.33245744030331,0.09652471147724503
10.0,20.0,2.6052631578947367,9.342859027855406,0.47225626552874383
10.0,23.157894736842106,2.6052631578947367,9.829090586846482,0.4268922862815643
10.0,26.315789473684212,2.6052631578947367,9.82607661950342,0.3785486378988501
10.0,29.473684210526315,2.6052631578947367,10.049989998022312,0.34239038768649277
10.0,32.631578947368425,2.6052631578947367,10.09088388966357,0.31065077585946327
10.0,35.78947368421053,2.6052631578947367,10.041946807293511,0.2799627241526794
10.0,38.94736842105263,2.6052631578947367,9.888919789664316,0.2594703492983072
10.0,42.10526315789474,2.6052631578947367,9.911476527933418,0.24084855503528807
10.0,45.26315789473684,2.6052631578947367,9.975957528900054,0.22313066439850815
10.0,48.421052631578945,2.6052631578947367,10.100018560015133,0.21349926031638145
10.0,51.578947368421055,2.6052631578947367,10.127836655111231,0.19944588784091016
10.0,54.73684210526316,2.6052631578947367,10.09921303634945,0.18570530392905438
10.0,57.89473684210526,2.6052631578947367,10.094605811016567,0.1758037355154559
10.0,61.05263157894737,2.6052631578947367,10.012803432209708,0.16474871305525
10.0,64.21052631578948,2.6052631578947367,10.131669447420213,0.1608033723127697
10.0,67.36842105263159,2.6052631578947367,9.969847002403517,0.1510636226218525
10.0,70.52631578947368,2.6052631578947367,10.183074220356742,0.14546086844834127
10.0,73.68421052631578,2.6052631578947367,10.083415328761955,0.13895453435567823
10.0,76.84210526315789,2.6052631578947367,10.22929374272935,0.134446335394903
10.0,80.0,2.6052631578947367,10.228066072652213,0.12982590753991333
10.0,20.0,2.736842105263158,9.190176904793312,0.43837166025815943
10.0,23.157894736842106,2.736842105263158,9.561606120156602,0.3936841152053926
10.0,26.315789473684212,2.736842105263158,9.678521608459823,0.3456419321430355
10.0,29.473684210526315,2.736842105263158,9.770927725961727,0.31615464891466455
10.0,32.631578947368425,2.736842105263158,9.940661639251964,0.29118009315317084
10.0,35.78947368421053,2.736842105263158,9.836753050151922,0.2623218629480806
10.0,38.94736842105263,2.736842105263158,9.927203532010598,0.24816674921836454
10.0,42.10526315789474,2.736842105263158,9.823631089446087,0.22912580892403778
10.0,45.26315789473684,2.736842105263158,9.944031564159554,0.21265980843622456
10.0,48.421052631578945,2.736842105263158,9.956955490167303,0.19923243061759907
10.0,51.578947368421055,2.736842105263158,10.081234968062025,0.18793362599264743
10.0,54.73684210526316,2.736842105263158,9.916791347053838,0.17505632062002205
10.0,57.89473684210526,2.736842105263158,9.942284029061184,0.16753681787651287
10.0,61.05263157894737,2.736842105263158,9.969249050995401,0.15801730717759785
10.0,64.21052631578948,2.736842105263158,10.128435606849578,0.15375024470039889
10.0,67.36842105263159,2.736842105263158,9.853023343630156,0.14453775481328726
10.0,70.52631578947368,2.736842105263158,9.892178338048927,0.13695258378975217
10.0,73.68421052631578,2.736842105263158,10.030182753348324,0.1313129025201022
10.0,76.84210526315789,2.736842105263158,9.907333926254445,0.12698484138720703
10.0,80.0,2.736842105263158,10.252426642896953,0.12456808503028327
10.0,20.0,2.8684210526315788,9.120671047519505,0.40667167268549775
10.0,23.157894736842106,2.8684210526315788,9.326141638249565,0.3567044901263988
10.0,26.315789473684212,2.8684210526315788,9.696684419392993,0.32433996052999503
10.0,29.473684210526315,2.8684210526315788,9.529421021713233,0.29200194690314024
10.0,32.631578947368425,2.8684210526315788,9.696728100865299,0.27001213243317673
10.0,35.78947368421053,2.8684210526315788,9.693332895330137,0.24464611455029464
10.0,38.94736842105263,2.8684210526315788,9.740470937634367,0.2252266289884524
10.0,42.10526315789474,2.8684210526315788,9.670233845648655,0.21487098080842096
10.0,45.26315789473684,2.8684210526315788,9.709317539692556,0.19965839518316406
10.0,48.421052631578945,2.8684210526315788,9.892410879090573,0.19134993090209215
10.0,51.578947368421055,2.8684210526315788,9.892839846572759,0.1765262722969811
10.0,54.73684210526316,2.8684210526315788,9.785346852721764,0.16979726631125439
10.0,57.89473684210526,2.8684210526315788,9.847348384572916,0.15747001945622843
10.0,61.05263157894737,2.8684210526315788,9.833370854124315,0.15051836474355373
10.0,64.21052631578948,2.8684210526315788,9.705053393696637,0.1425942246794801
10.0,67.36842105263159,2.8684210526315788,9.660086312397324,0.13480587477066608
10.0,70.52631578947368,2.8684210526315788,9.805510437258874,0.13058194648077534
10.0,73.68421052631578,2.8684210526315788,9.941809665664014,0.1255211663397855
10.0,76.84210526315789,2.8684210526315788,9.949092105225354,0.12149492780130634
10.0,80.0,2.8684210526315788,9.854235403488406,0.114825431993473
10.0,20.0,3.0,9.096552088378687,0.37341852046103924
10.0,23.157894736842106,3.0,9.242970056030872,0.32823855759042564
10.0,26.315789473684212,3.0,9.328104388635476,0.29556561146009386
10.0,29.473684210526315,3.0,9.415445093095508,0.2676414333775003
10.0,32.631578947368425,3.0,9.64212254728568,0.24237426359172942
10.0,35.78947368421053,3.0,9.732305280803397,0.23259090388456874
10.0,38.94736842105263,3.0,9.559109635526145,0.2111982637416268
10.0,42.10526315789474,3.0,9.709674337427165,0.20024827820174057
10.0,45.26315789473684,3.0,9.598214757658939,0.18479527436232798
10.0,48.421052631578945,3.0,9.848491326816166,0.17331069558066484
10.0,51.578947368421055,3.0,9.671939176710314,0.16550899572551414
10.0,54.73684210526316,3.0,9.791731421619247,0.15829714307988166
10.0,57.89473684210526,3.0,9.821559378622624,0.14648793115230546
10.0,61.05263157894737,3.0,9.762895454836409,0.1436887734661089
10.0,64.21052631578948,3.0,9.717176242665143,0.13520905748877726
10.0,67.36842105263159,3.0,9.836262540973582,0.12823309428130722
10.0,70.52631578947368,3.0,9.736118161538963,0.1220874259276132
10.0,73.68421052631578,3.0,9.796713870113528,0.11866030045179755
10.0,76.84210526315789,3.0,9.602458545009123,0.11326813440190131
10.0,80.0,3.0,9.821360669727687,0.11006447111570081
20.0,20.0,0.5,,
20.0,23.157894736842106,0.5,,
20.0,26.315789473684212,0.5,,
20.0,29.473684210526315,0.5,,
20.0,32.631578947368425,0.5,129030049.9968226,17123174.376857426
20.0,35.78947368421053,0.5,200135018.91652524,24215825.434631243
20.0,38.94736842105263,0.5,,
20.0,42.10526315789474,0.5,,
20.0,45.26315789473684,0.5,,
20.0,48.421052631578945,0.5,,
20.0,51.578947368421055,0.5,,
20.0,54.73684210526316,0.5,,
20.0,57.89473684210526,0.5,,
20.0,61.05263157894737,0.5,,
20.0,64.21052631578948,0.5,179532884.61629477,12107912.717315622
20.0,67.36842105263159,0.5,,
20.0,70.52631578947368,0.5,197191856.87363538,12107912.717315622
20.0,73.68421052631578,0.5,,
20.0,76.84210526315789,0.5,,
20.0,80.0,0.5,,
20.0,20.0,0.631578947368421,,
20.0,23.157894736842106,0.631578947368421,183139425.80194172,34246348.75371485
20.0,26.315789473684212,0.631578947368421,,
20.0,29.473684210526315,0.631578947368421,116543270.96487199,17123174.376857426
20.0,32.631578947368425,0.631578947368421,129030049.99682257,17123174.376857426
20.0,35.78947368421053,0.631578947368421,,
20.0,38.94736842105263,0.631578947368421,,
20.0,42.10526315789474,0.631578947368421,,
20.0,45.26315789473684,0.631578947368421,,
20.0,48.421052631578945,0.631578947368421,,
20.0,51.578947368421055,0.631578947368421,144214940.1016139,12107912.717315622
20.0,54.73684210526316,0.631578947368421,,
20.0,57.89473684210526,0.631578947368421,,
20.0,61.05263157894737,0.631578947368421,120705530.6421888,8561587.188428713
20.0,64.21052631578948,0.631578947368421,,
20.0,67.36842105263159,0.631578947368421,,
20.0,70.52631578947368,0.631578947368421,113848771.64799559,6990506.666666667
20.0,73.68421052631578,0.631578947368421,,
20.0,76.84210526315789,0.631578947368421,,
20.0,80.0,0.631578947368421,,
20.0,20.0,0.763157894736842,,
20.0,23.157894736842106,0.763157894736842,183139425.8019415,34246348.75371485
20.0,26.315789473684212,0.763157894736842,,
20.0,29.473684210526315,0.763157894736842,164817074.40184453,24215825.434631243
20.0,32.631578947368425,0.763157894736842,129030049.9968225,17123174.376857426
20.0,35.78947368421053,0.763157894736842,,
20.0,38.94736842105263,0.763157894736842,108896995.5869329,12107912.717315622
20.0,42.10526315789474,0.763157894736842,166490387.09267405,17123174.376857426
20.0,45.26315789473684,0.763157894736842,,
20.0,48.421052631578945,0.763157894736842,191463945.1565752,17123174.376857426
20.0,51.578947368421055,0.763157894736842,,
20.0,54.73684210526316,0.763157894736842,,
20.0,57.89473684210526,0.763157894736842,,
20.0,61.05263157894737,0.763157894736842,,
20.0,64.21052631578948,0.763157894736842,,
20.0,67.36842105263159,0.763157894736842,188362370.74496514,12107912.717315622
20.0,70.52631578947368,0.763157894736842,197191856.8736354,12107912.717315622
20.0,73.68421052631578,0.763157894736842,206021343.0023056,12107912.717315622
20.0,76.84210526315789,0.763157894736842,107425414.56548782,6053956.358657811
20.0,80.0,0.763157894736842,,
20.0,20.0,0.8947368421052632,158165867.7380405,34246348.75371485
20.0,23.157894736842106,0.8947368421052632,,
20.0,26.315789473684212,0.8947368421052632,,
20.0,29.473684210526315,0.8947368421052632,,
20.0,32.631578947368425,0.8947368421052632,,
20.0,35.78947368421053,0.8947368421052632,200135018.91652554,24215825.434631243
20.0,38.94736842105263,0.8947368421052632,,
20.0,42.10526315789474,0.8947368421052632,,
20.0,45.26315789473684,0.8947368421052632,,
20.0,48.421052631578945,0.8947368421052632,,
20.0,51.578947368421055,0.8947368421052632,,
20.0,54.73684210526316,0.8947368421052632,,
20.0,57.89473684210526,0.8947368421052632,161873912.3589544,12107912.717315622
20.0,61.05263157894737,0.8947368421052632,170703398.48762456,12107912.717315622
20.0,64.21052631578948,0.8947368421052632,,
20.0,67.36842105263159,0.8947368421052632,,
20.0,70.52631578947368,0.8947368421052632,,
20.0,73.68421052631578,0.8947368421052632,,
20.0,76.84210526315789,0.8947368421052632,,
20.0,80.0,0.8947368421052632,,
20.0,20.0,1.026315789473684,,
20.0,23.157894736842106,1.026315789473684,,
20.0,26.315789473684212,1.026315789473684,,
20.0,29.473684210526315,1.026315789473684,,
20.0,32.631578947368425,1.026315789473684,182476046.65918505,24215825.434631243
20.0,35.78947368421053,1.026315789473684,100067509.45826273,12107912.717315622
20.0,38.94736842105263,1.026315789473684,154003608.06072372,17123174.376857426
20.0,42.10526315789474,1.026315789473684,,
20.0,45.26315789473684,1.026315789473684,,
20.0,48.421052631578945,1.026315789473684,,
20.0,51.578947368421055,1.026315789473684,,
20.0,54.73684210526316,1.026315789473684,,
20.0,57.89473684210526,1.026315789473684,,
20.0,61.05263157894737,1.026315789473684,,
20.0,64.21052631578948,1.026315789473684,,
20.0,67.36842105263159,1.026315789473684,,
20.0,70.52631578947368,1.026315789473684,139435699.19011465,8561587.188428713
20.0,73.68421052631578,1.026315789473684,145679088.70608994,8561587.188428713
20.0,76.84210526315789,1.026315789473684,,
20.0,80.0,1.026315789473684,,
20.0,20.0,1.1578947368421053,,
20.0,23.157894736842106,1.1578947368421053,,
20.0,26.315789473684212,1.1578947368421053,147158102.144504,24215825.434631243
20.0,29.473684210526315,1.1578947368421053,164817074.40184435,24215825.434631243
20.0,32.631578947368425,1.1578947368421053,182476046.6591849,24215825.434631243
20.0,35.78947368421053,1.1578947368421053,100067509.45826264,12107912.717315622
20.0,38.94736842105263,1.1578947368421053,,
20.0,42.10526315789474,1.1578947368421053,,
20.0,45.26315789473684,1.1578947368421053,,
20.0,48.421052631578945,1.1578947368421053,,
20.0,51.578947368421055,1.1578947368421053,101975362.09426291,8561587.188428713
20.0,54.73684210526316,1.1578947368421053,,
20.0,57.89473684210526,1.1578947368421053,,
20.0,61.05263157894737,1.1578947368421053,,
20.0,64.21052631578948,1.1578947368421053,,
20.0,67.36842105263159,1.1578947368421053,188362370.74496529,12107912.717315622
20.0,70.52631578947368,1.1578947368421053,,
20.0,73.68421052631578,1.1578947368421053,,
20.0,76.84210526315789,1.1578947368421053,,
20.0,80.0,1.1578947368421053,,
20.0,20.0,1.2894736842105263,,
20.0,23.157894736842106,1.2894736842105263,,
20.0,26.315789473684212,1.2894736842105263,,
20.0,29.473684210526315,1.2894736842105263,,
20.0,32.631578947368425,1.2894736842105263,,
20.0,35.78947368421053,1.2894736842105263,141516829.02877304,17123174.376857426
20.0,38.94736842105263,1.2894736842105263,,
20.0,42.10526315789474,1.2894736842105263,,
20.0,45.26315789473684,1.2894736842105263,,
20.0,48.421052631578945,1.2894736842105263,,
20.0,51.578947368421055,1.2894736842105263,,
20.0,54.73684210526316,1.2894736842105263,,
20.0,57.89473684210526,1.2894736842105263,114462141.12621346,8561587.188428713
20.0,61.05263157894737,1.2894736842105263,98555653.06841397,6990506.666666667
20.0,64.21052631578948,1.2894736842105263,103653359.26160786,6990506.666666667
20.0,67.36842105263159,1.2894736842105263,,
20.0,70.52631578947368,1.2894736842105263,,
20.0,73.68421052631578,1.2894736842105263,145679088.70608997,8561587.188428713
20.0,76.84210526315789,1.2894736842105263,,
20.0,80.0,1.2894736842105263,,
20.0,20.0,1.4210526315789473,111840157.62982303,24215825.434631243
20.0,23.157894736842106,1.4210526315789473,,
20.0,26.315789473684212,1.4210526315789473,,
20.0,29.473684210526315,1.4210526315789473,,
20.0,32.631578947368425,1.4210526315789473,91238023.32959247,12107912.717315622
20.0,35.78947368421053,1.4210526315789473,141516829.028773,17123174.376857426
20.0,38.94736842105263,1.4210526315789473,,
20.0,42.10526315789474,1.4210526315789473,166490387.09267423,17123174.376857426
20.0,45.26315789473684,1.4210526315789473,178977166.1246247,17123174.376857426
20.0,48.421052631578945,1.4210526315789473,,
20.0,51.578947368421055,1.4210526315789473,101975362.09426288,8561587.188428713
20.0,54.73684210526316,1.4210526315789473,,
20.0,57.89473684210526,1.4210526315789473,161873912.3589543,12107912.717315622
20.0,61.05263157894737,1.4210526315789473,120705530.64218873,8561587.188428713
20.0,64.21052631578948,1.4210526315789473,,
20.0,67.36842105263159,1.4210526315789473,,
20.0,70.52631578947368,1.4210526315789473,,
20.0,73.68421052631578,1.4210526315789473,,
20.0,76.84210526315789,1.4210526315789473,,
20.0,80.0,1.4210526315789473,,
20.0,20.0,1.5526315789473684,2.2916029030674125,0.1751019421103581
20.0,23.157894736842106,1.5526315789473684,2.3079007711569304,0.1506020910042836
20.0,26.315789473684212,1.5526315789473684,2.3293696955835395,0.13295894883975232
20.0,29.473684210526315,1.5526315789473684,2.274022222782357,0.11758126733620256
20.0,32.631578947368425,1.5526315789473684,2.313728081444234,0.10702912618012528
20.0,35.78947368421053,1.5526315789473684,2.3399643316058465,0.10037561857845159
20.0,38.94736842105263,1.5526315789473684,2.2877975954200047,0.08835541156752101
20.0,42.10526315789474,1.5526315789473684,2.3150022906383105,0.08324708448021395
20.0,45.26315789473684,1.5526315789473684,2.3355032548159724,0.07650030344265142
20.0,48.421052631578945,1.5526315789473684,2.3517152309505076,0.07257218197221894
20.0,51.578947368421055,1.5526315789473684,2.308660360502015,0.06896782775242614
20.0,54.73684210526316,1.5526315789473684,2.275320234460526,0.0640193311801899
20.0,57.89473684210526,1.5526315789473684,2.340448344362091,0.060109763344521554
20.0,61.05263157894737,1.5526315789473684,2.2845832312056777,0.05736673654476493
20.0,64.21052631578948,1.5526315789473684,2.320546183439217,0.055009167395520656
20.0,67.36842105263159,1.5526315789473684,2.361932277937815,0.05263745650831315
20.0,70.52631578947368,1.5526315789473684,2.2972937730494736,0.050262832659904555
20.0,73.68421052631578,1.5526315789473684,2.339054507338703,0.047090078954154055
20.0,76.84210526315789,1.5526315789473684,2.275926342214364,0.04500485951194966
20.0,80.0,1.5526315789473684,2.314010947074245,0.043833268916133185
20.0,20.0,1.6842105263157894,2.24981960849506,0.17451903981544786
20.0,23.157894736842106,1.6842105263157894,2.243644917833631,0.1494352919282967
20.0,26.315789473684212,1.6842105263157894,2.2423844273624804,0.13188019567620884
20.0,29.473684210526315,1.6842105263157894,2.285612155381806,0.12054599738816144
20.0,32.631578947368425,1.6842105263157894,2.306641907879944,0.10688068354974256
20.0,35.78947368421053,1.6842105263157894,2.3183911843742258,0.09914141805034381
20.0,38.94736842105263,1.6842105263157894,2.2432781284093406,0.08911407403681729
20.0,42.10526315789474,1.6842105263157894,2.297164554843356,0.08358068679255314
20.0,45.26315789473684,1.6842105263157894,2.218869428988461,0.07646309210593324
20.0,48.421052631578945,1.6842105263157894,2.245093394738309,0.07265581333935052
20.0,51.578947368421055,1.6842105263157894,2.2664821584926718,0.0686915059457689
20.0,54.73684210526316,1.6842105263157894,2.3031772908930974,0.06442373051789978
20.0,57.89473684210526,1.6842105263157894,2.286568713103388,0.05971517021212795
20.0,61.05263157894737,1.6842105263157894,2.3237438486433946,0.05753730757629792
20.0,64.21052631578948,1.6842105263157894,2.2754565762128154,0.05458036830399889
20.0,67.36842105263159,1.6842105263157894,2.245894843063776,0.05228272254005721
20.0,70.52631578947368,1.6842105263157894,2.272471340566477,0.04880566346490498
20.0,73.68421052631578,1.6842105263157894,2.2957935251526704,0.04783999770088447
20.0,76.84210526315789,1.6842105263157894,2.2803802967644256,0.045344992250973645
20.0,80.0,1.6842105263157894,2.270499603817801,0.04372431935756658
20.0,20.0,1.8157894736842104,2.2116067050455963,0.17602691049030103
20.0,23.157894736842106,1.8157894736842104,2.2561933593228063,0.1527447278984639
20.0,26.315789473684212,1.8157894736842104,2.2232360039246735,0.1350728936585669
20.0,29.473684210526315,1.8157894736842104,2.3053464113148925,0.12196884703912882
20.0,32.631578947368425,1.8157894736842104,2.2436350541111194,0.1087142400860658
20.0,35.78947368421053,1.8157894736842104,2.2248223878670017,0.09962181153962989
20.0,38.94736842105263,1.8157894736842104,2.232337991327706,0.08896622445964475
20.0,42.10526315789474,1.8157894736842104,2.221028802155174,0.0844924452797639
20.0,45.26315789473684,1.8157894736842104,2.260426899238921,0.07677812823248133
20.0,48.421052631578945,1.8157894736842104,2.2748359576332136,0.07224165391069928
20.0,51.578947368421055,1.8157894736842104,2.2166998323983287,0.06957665372805463
20.0,54.73684210526316,1.8157894736842104,2.221372982857052,0.06397276760095366
20.0,57.89473684210526,1.8157894736842104,2.2538397696038257,0.0610749136721134
20.0,61.05263157894737,1.8157894736842104,2.2407251283477083,0.05827793169653882
20.0,64.21052631578948,1.8157894736842104,2.2637582764899826,0.05501062672742989
20.0,67.36842105263159,1.8157894736842104,2.2234331179053006,0.05304867873129945
20.0,70.52631578947368,1.8157894736842104,2.2210082853477244,0.04967945718799214
20.0,73.68421052631578,1.8157894736842104,2.24230811272293,0.04818481949344389
20.0,76.84210526315789,1.8157894736842104,2.2385265900457005,0.04540367068296366
20.0,80.0,1.8157894736842104,2.23927273833734,0.04415955679775783
20.0,20.0,1.9473684210526314,2.1865311223694968,0.1815940913144733
20.0,23.157894736842106,1.9473684210526314,2.204916448958227,0.15512118067955316
20.0,26.315789473684212,1.9473684210526314,2.232178160628566,0.1352344171273545
20.0,29.473684210526315,1.9473684210526314,2.238109255903618,0.12145031274047587
20.0,32.631578947368425,1.9473684210526314,2.1935388937641176,0.11088527197538185
20.0,35.78947368421053,1.9473684210526314,2.2540384650130614,0.10282471442036711
20.0,38.94736842105263,1.9473684210526314,2.205589739337154,0.09313138355390571
20.0,42.10526315789474,1.9473684210526314,2.2259763683640013,0.08699497164584852
20.0,45.26315789473684,1.9473684210526314,2.173841550142335,0.07869023349891428
20.0,48.421052631578945,1.9473684210526314,2.183100095260945,0.07398256110929996
20.0,51.578947368421055,1.9473684210526314,2.248362415789379,0.07008587351372744
20.0,54.73684210526316,1.9473684210526314,2.2572448025396836,0.06561857367058614
20.0,57.89473684210526,1.9473684210526314,2.211551293534594,0.06281080337524525
20.0,61.05263157894737,1.9473684210526314,2.2021232576624,0.05927930772601267
20.0,64.21052631578948,1.9473684210526314,2.217872526202134,0.056507089540657085
20.0,67.36842105263159,1.9473684210526314,2.19722594047804,0.05325468280031492
20.0,70.52631578947368,1.9473684210526314,2.2031626694241337,0.05097685195064535
20.0,73.68421052631578,1.9473684210526314,2.1778108154829727,0.048470778835280975
20.0,76.84210526315789,1.9473684210526314,2.2596200029452262,0.04706772783393029
20.0,80.0,1.9473684210526314,2.222139087899325,0.04498848666856224
20.0,20.0,2.0789473684210527,3.272545510433906,0.2043362371372625
20.0,23.157894736842106,2.0789473684210527,3.187780390508032,0.1741730945955297
20.0,26.315789473684212,2.0789473684210527,3.294123646642473,0.15463539924838304
20.0,29.473684210526315,2.0789473684210527,3.3584904186612454,0.14022796957228253
20.0,32.631578947368425,2.0789473684210527,3.26966634265865,0.12465375334253108
20.0,35.78947368421053,2.0789473684210527,3.2591378477954924,0.11253938628423565
20.0,38.94736842105263,2.0789473684210527,3.3607410838451415,0.1064134422837005
20.0,42.10526315789474,2.0789473684210527,3.2380658917381653,0.09676028189104144
20.0,45.26315789473684,2.0789473684210527,3.282132557549084,0.08918827468945018
20.0,48.421052631578945,2.0789473684210527,3.342273874262552,0.08548750541868166
20.0,51.578947368421055,2.0789473684210527,3.2962406745209423,0.07919717508384776
20.0,54.73684210526316,2.0789473684210527,3.302915176103763,0.0753506699682523
20.0,57.89473684210526,2.0789473684210527,3.2345174573112287,0.06957072391605373
20.0,61.05263157894737,2.0789473684210527,3.253544474787214,0.06773505851838849
20.0,64.21052631578948,2.0789473684210527,3.301681515399243,0.06341947946763254
20.0,67.36842105263159,2.0789473684210527,3.284944911773869,0.06020081491389977
20.0,70.52631578947368,2.0789473684210527,3.351181050849953,0.059599574200362576
20.0,73.68421052631578,2.0789473684210527,3.2948679239690324,0.055831914131995244
20.0,76.84210526315789,2.0789473684210527,3.262600095817473,0.05251361375373062
20.0,80.0,2.0789473684210527,3.2894290881754,0.051319183826146565
20.0,20.0,2.2105263157894735,3.2328320347070605,0.19664034304890596
20.0,23.157894736842106,2.2105263157894735,3.230079919925988,0.17019140330888125
20.0,26.315789473684212,2.2105263157894735,3.192741544495605,0.15209658224832662
20.0,29.473684210526315,2.2105263157894735,3.2185366585348456,0.13471253697100005
20.0,32.631578947368425,2.2105263157894735,3.2176809347191555,0.12169271219413537
20.0,35.78947368421053,2.2105263157894735,3.249600631567429,0.11134017653927446
20.0,38.94736842105263,2.2105263157894735,3.2762727199250876,0.10334829196665685
20.0,42.10526315789474,2.2105263157894735,3.2190512701085052,0.09530371122353257
20.0,45.26315789473684,2.2105263157894735,3.256046775718254,0.08794841882662634
20.0,48.421052631578945,2.2105263157894735,3.2954916570602424,0.08202997831262396
20.0,51.578947368421055,2.2105263157894735,3.2792830961474353,0.07770805061473547
20.0,54.73684210526316,2.2105263157894735,3.2242876429005225,0.07357376113284897
20.0,57.89473684210526,2.2105263157894735,3.2298110789183205,0.06885677728059449
20.0,61.05263157894737,2.2105263157894735,3.209437288106958,0.06533726138538208
20.0,64.21052631578948,2.2105263157894735,3.234749493569379,0.06246849721294448
20.0,67.36842105263159,2.2105263157894735,3.2897437531814178,0.05932034555136521
20.0,70.52631578947368,2.2105263157894735,3.206857918389,0.057229922450089024
20.0,73.68421052631578,2.2105263157894735,3.2554107535366477,0.05387032552313613
20.0,76.84210526315789,2.2105263157894735,3.219323832422478,0.05106111467857551
20.0,80.0,2.2105263157894735,3.22744004905905,0.049598210003852075
20.0,20.0,2.3421052631578947,3.1854219496476164,0.19437220048446957
20.0,23.157894736842106,2.3421052631578947,3.149332837523611,0.16725765821477323
20.0,26.315789473684212,2.3421052631578947,3.1884251357443505,0.14888080499278233
20.0,29.473684210526315,2.3421052631578947,3.1870506111959847,0.1305052567481643
20.0,32.631578947368425,2.3421052631578947,3.1559144835076793,0.11918340504954598
20.0,35.78947368421053,2.3421052631578947,3.1574583408371044,0.10922158529582185
20.0,38.94736842105263,2.3421052631578947,3.1598884871605404,0.10031772507873532
20.0,42.10526315789474,2.3421052631578947,3.19465077291978,0.09403193572476656
20.0,45.26315789473684,2.3421052631578947,3.2440402017149754,0.08657024510509219
20.0,48.421052631578945,2.3421052631578947,3.242894599784823,0.08234727044295471
20.0,51.578947368421055,2.3421052631578947,3.220176363805253,0.0745249847656956
20.0,54.73684210526316,2.3421052631578947,3.1721103040077625,0.0717262415090848
20.0,57.89473684210526,2.3421052631578947,3.1990287644565853,0.06825090431711801
20.0,61.05263157894737,2.3421052631578947,3.1205476937030086,0.06293808285971882
20.0,64.21052631578948,2.3421052631578947,3.2239326887849105,0.06123674009161942
20.0,67.36842105263159,2.3421052631578947,3.222775838703765,0.05837606901714465
20.0,70.52631578947368,2.3421052631578947,3.2498134986644915,0.055651810113693134
20.0,73.68421052631578,2.3421052631578947,3.2065263754888385,0.05270070757743308
20.0,76.84210526315789,2.3421052631578947,3.181871973637676,0.050858689566359895
20.0,80.0,2.3421052631578947,3.2136506837914927,0.04788491602880314
20.0,20.0,2.473684210526316,3.132652142817404,0.1918391393985824
20.0,23.157894736842106,2.473684210526316,3.1469620777741265,0.1644479716333369
20.0,26.315789473684212,2.473684210526316,3.146532836313911,0.14742540543518798
20.0,29.473684210526315,2.473684210526316,3.1435037061865714,0.13132344873073976
20.0,32.631578947368425,2.473684210526316,3.1620031934245603,0.11854034597163958
20.0,35.78947368421053,2.473684210526316,3.1929755698179214,0.107069983340186
20.0,38.94736842105263,2.473684210526316,3.123695372229726,0.09965046703250079
20.0,42.10526315789474,2.473684210526316,3.176922214176918,0.09253745928516191
20.0,45.26315789473684,2.473684210526316,3.1363138165982805,0.08380711144148895
20.0,48.421052631578945,2.473684210526316,3.146666919663411,0.07896091961020685
20.0,51.578947368421055,2.473684210526316,3.1667040249183915,0.07482842243203906
20.0,54.73684210526316,2.473684210526316,3.114175435138552,0.07093433823135455
20.0,57.89473684210526,2.473684210526316,3.145773433760957,0.06580594920326785
20.0,61.05263157894737,2.473684210526316,3.1449712459261847,0.06417335654622554
20.0,64.21052631578948,2.473684210526316,3.1580870572999293,0.060097688323788645
20.0,67.36842105263159,2.473684210526316,3.1968703823363223,0.05650395384590192
20.0,70.52631578947368,2.473684210526316,3.164675200640415,0.05489337101723751
20.0,73.68421052631578,2.473684210526316,3.146873522900218,0.05184759632906382
20.0,76.84210526315789,2.473684210526316,3.1674256138419143,0.04988596229239291
20.0,80.0,2.473684210526316,3.154803125962047,0.0482457350828413
20.0,20.0,2.6052631578947367,5.108673962460782,0.2565518081723272
20.0,23.157894736842106,2.6052631578947367,5.042469657626583,0.21826231115022177
20.0,26.315789473684212,2.6052631578947367,5.0202092491301915,0.19488265198572266
20.0,29.473684210526315,2.6052631578947367,5.163129715807889,0.17731449996894605
20.0,32.631578947368425,2.6052631578947367,5.113610284091243,0.15838167664459132
20.0,35.78947368421053,2.6052631578947367,5.092945669478928,0.14261816545737682
20.0,38.94736842105263,2.6052631578947367,5.0844454059799915,0.13072957586308392
20.0,42.10526315789474,2.6052631578947367,5.05122661388833,0.12127969091248977
20.0,45.26315789473684,2.6052631578947367,5.1121900017418165,0.11406323145807977
20.0,48.421052631578945,2.6052631578947367,5.033075970286636,0.10457427605082563
20.0,51.578947368421055,2.6052631578947367,5.086455970892294,0.0999337775419446
20.0,54.73684210526316,2.6052631578947367,5.164185275147404,0.09623871892469157
20.0,57.89473684210526,2.6052631578947367,5.0707329582467375,0.0895561981378571
20.0,61.05263157894737,2.6052631578947367,5.06721932299039,0.083330444182013
20.0,64.21052631578948,2.6052631578947367,4.978313319135413,0.07788710415760648
20.0,67.36842105263159,2.6052631578947367,5.116510174797212,0.07763833653084852
20.0,70.52631578947368,2.6052631578947367,5.132386825399281,0.07343185495776942
20.0,73.68421052631578,2.6052631578947367,4.962511158188946,0.06939830373528681
20.0,76.84210526315789,2.6052631578947367,5.128847015694754,0.06723832467264268
20.0,80.0,2.6052631578947367,5.130252924178422,0.06501694416528721
20.0,20.0,2.736842105263158,5.039802470083855,0.23885401441507467
20.0,23.157894736842106,2.736842105263158,4.966632851436302,0.20847229177033347
20.0,26.315789473684212,2.736842105263158,4.98576226030308,0.18606659125689637
20.0,29.473684210526315,2.736842105263158,4.998454217005088,0.1635011319367649
20.0,32.631578947368425,2.736842105263158,4.988429010608476,0.14623978867514772
20.0,35.78947368421053,2.736842105263158,4.988847021613444,0.13570946463970804
20.0,38.94736842105263,2.736842105263158,5.001106204651478,0.1252548105172619
20.0,42.10526315789474,2.736842105263158,4.960006068145357,0.11324133930905717
20.0,45.26315789473684,2.736842105263158,5.0057407802651905,0.10851735118206313
20.0,48.421052631578945,2.736842105263158,5.027654262278116,0.09976939869640707
20.0,51.578947368421055,2.736842105263158,5.075088901351881,0.09373363188145488
20.0,54.73684210526316,2.736842105263158,4.990120965920634,0.08828865967650201
20.0,57.89473684210526,2.736842105263158,5.005962967455325,0.08273731354971772
20.0,61.05263157894737,2.736842105263158,5.039972796085978,0.08030797838180793
20.0,64.21052631578948,2.736842105263158,4.953754398475269,0.07579330547235437
20.0,67.36842105263159,2.736842105263158,5.0300241799520435,0.07226986850850216
20.0,70.52631578947368,2.736842105263158,4.946713250160094,0.06846199137529184
20.0,73.68421052631578,2.736842105263158,4.997886685386718,0.0665207051730853
20.0,76.84210526315789,2.736842105263158,5.0505209307425725,0.06406629653763816
20.0,80.0,2.736842105263158,5.007007735454798,0.06019502570935419
20.0,20.0,2.8684210526315788,4.9173401169613875,0.22266466971228258
20.0,23.157894736842106,2.8684210526315788,4.9540602891192,0.19553969382480468
20.0,26.315789473684212,2.8684210526315788,4.892701783377519,0.17140091279409467
20.0,29.473684210526315,2.8684210526315788,4.95978743316214,0.15515920397870728
20.0,32.631578947368425,2.8684210526315788,4.8672904788834925,0.14231370809042546
20.0,35.78947368421053,2.8684210526315788,4.860832005996498,0.1253974693722901
20.0,38.94736842105263,2.8684210526315788,5.005067003065362,0.1193562001864143
20.0,42.10526315789474,2.8684210526315788,4.9052963303093975,0.10833845499530453
20.0,45.26315789473684,2.8684210526315788,4.903382433759478,0.10190845542345713
20.0,48.421052631578945,2.8684210526315788,5.005252815327916,0.09666075157721273
20.0,51.578947368421055,2.8684210526315788,4.943335948083583,0.08967148217106981
20.0,54.73684210526316,2.8684210526315788,5.001369123153933,0.08535151264099855
20.0,57.89473684210526,2.8684210526315788,4.935449412431988,0.07863117408815151
20.0,61.05263157894737,2.8684210526315788,4.9277170178997824,0.07450562223691884
20.0,64.21052631578948,2.8684210526315788,4.831713646493827,0.0712573517901286
20.0,67.36842105263159,2.8684210526315788,4.899470356869231,0.06849834071965033
20.0,70.52631578947368,2.8684210526315788,5.0161183027169685,0.06645090808445404
20.0,73.68421052631578,2.8684210526315788,4.978339183826197,0.0636684669703576
20.0,76.84210526315789,2.8684210526315788,4.990321583155958,0.06021579455366221
20.0,80.0,2.8684210526315788,5.07721052945734,0.058351925642961544
20.0,20.0,3.0,4.795407988629034,0.20737644816903136
20.0,23.157894736842106,3.0,4.78213421208011,0.1781925448588373
20.0,26.315789473684212,3.0,4.8440928220713,0.1624322738762853
20.0,29.473684210526315,3.0,4.854975272435685,0.1456472206055219
20.0,32.631578947368425,3.0,4.844921280663859,0.13316163433554973
20.0,35.78947368421053,3.0,4.907434852622519,0.12045019587158495
20.0,38.94736842105263,3.0,4.95464752635939,0.11357650795301337
20.0,42.10526315789474,3.0,4.83862101617211,0.10557264487034372
20.0,45.26315789473684,3.0,4.8035758017016965,0.09608608853123754
20.0,48.421052631578945,3.0,4.882959144780848,0.08956078381587591
20.0,51.578947368421055,3.0,4.883785794603776,0.08586620464298846
20.0,54.73684210526316,3.0,4.958157092274078,0.0807168950273261
20.0,57.89473684210526,3.0,4.910059189341066,0.07681762325053884
20.0,61.05263157894737,3.0,4.907448042014098,0.07254300470050981
20.0,64.21052631578948,3.0,4.91595943238566,0.06946304812819473
20.0,67.36842105263159,3.0,4.860925831535706,0.06577588164845173
20.0,70.52631578947368,3.0,4.888464641221244,0.06174166357663197
20.0,73.68421052631578,3.0,4.860066559356874,0.06076260857625562
20.0,76.84210526315789,3.0,4.953442160593019,0.057830032222695095
20.0,80.0,3.0,4.847980865924064,0.05585915646889424
30.0,20.0,0.5,111840157.62982298,24215825.434631243
30.0,23.157894736842106,0.5,,
30.0,26.315789473684212,0.5,,
30.0,29.473684210526315,0.5,116543270.96487191,17123174.376857426
30.0,32.631578947368425,0.5,129030049.9968226,17123174.376857426
30.0,35.78947368421053,0.5,100067509.45826264,12107912.717315622
30.0,38.94736842105263,0.5,,
30.0,42.10526315789474,0.5,,
30.0,45.26315789473684,0.5,89488583.0623124,8561587.188428713
30.0,48.421052631578945,0.5,,
30.0,51.578947368421055,0.5,,
30.0,54.73684210526316,0.5,,
30.0,57.89473684210526,0.5,,
30.0,61.05263157894737,0.5,,
30.0,64.21052631578948,0.5,,
30.0,67.36842105263159,0.5,,
30.0,70.52631578947368,0.5,,
30.0,73.68421052631578,0.5,,
30.0,76.84210526315789,0.5,,
30.0,80.0,0.5,,
30.0,20.0,0.631578947368421,,
30.0,23.157894736842106,0.631578947368421,,
30.0,26.315789473684212,0.631578947368421,,
30.0,29.473684210526315,0.631578947368421,82408537.20092224,12107912.717315622
30.0,32.631578947368425,0.631578947368421,,
30.0,35.78947368421053,0.631578947368421,,
30.0,38.94736842105263,0.631578947368421,77001804.0303618,8561587.188428713
30.0,42.10526315789474,0.631578947368421,,
30.0,45.26315789473684,0.631578947368421,126555967.84427343,12107912.717315622
30.0,48.421052631578945,0.631578947368421,,
30.0,51.578947368421055,0.631578947368421,101975362.09426296,8561587.188428713
30.0,54.73684210526316,0.631578947368421,,
30.0,57.89473684210526,0.631578947368421,,
30.0,61.05263157894737,0.631578947368421,69689370.60894431,4943034.667929769
30.0,64.21052631578948,0.631578947368421,,
30.0,67.36842105263159,0.631578947368421,133192309.67413945,8561587.188428713
30.0,70.52631578947368,0.631578947368421,80503238.46205644,4943034.667929769
30.0,73.68421052631578,0.631578947368421,,
30.0,76.84210526315789,0.631578947368421,,
30.0,80.0,0.631578947368421,,
30.0,20.0,0.763157894736842,,
30.0,23.157894736842106,0.763157894736842,,
30.0,26.315789473684212,0.763157894736842,,
30.0,29.473684210526315,0.763157894736842,116543270.96487199,17123174.376857426
30.0,32.631578947368425,0.763157894736842,,
30.0,35.78947368421053,0.763157894736842,141516829.02877304,17123174.376857426
30.0,38.94736842105263,0.763157894736842,,
30.0,42.10526315789474,0.763157894736842,,
30.0,45.26315789473684,0.763157894736842,,
30.0,48.421052631578945,0.763157894736842,95731972.5782876,8561587.188428713
30.0,51.578947368421055,0.763157894736842,,
30.0,54.73684210526316,0.763157894736842,,
30.0,57.89473684210526,0.763157894736842,,
30.0,61.05263157894737,0.763157894736842,,
30.0,64.21052631578948,0.763157894736842,,
30.0,67.36842105263159,0.763157894736842,133192309.67413938,8561587.188428713
30.0,70.52631578947368,0.763157894736842,,
30.0,73.68421052631578,0.763157894736842,103010671.5011528,6053956.358657811
30.0,76.84210526315789,0.763157894736842,,
30.0,80.0,0.763157894736842,,
30.0,20.0,0.8947368421052632,,
30.0,23.157894736842106,0.8947368421052632,,
30.0,26.315789473684212,0.8947368421052632,,
30.0,29.473684210526315,0.8947368421052632,,
30.0,32.631578947368425,0.8947368421052632,,
30.0,35.78947368421053,0.8947368421052632,70758414.51438658,8561587.188428713
30.0,38.94736842105263,0.8947368421052632,,
30.0,42.10526315789474,0.8947368421052632,,
30.0,45.26315789473684,0.8947368421052632,,
30.0,48.421052631578945,0.8947368421052632,95731972.57828765,8561587.188428713
30.0,51.578947368421055,0.8947368421052632,,
30.0,54.73684210526316,0.8947368421052632,,
30.0,57.89473684210526,0.8947368421052632,,
30.0,61.05263157894737,0.8947368421052632,,
30.0,64.21052631578948,0.8947368421052632,,
30.0,67.36842105263159,0.8947368421052632,,
30.0,70.52631578947368,0.8947368421052632,98595928.43681769,6053956.358657811
30.0,73.68421052631578,0.8947368421052632,103010671.50115277,6053956.358657811
30.0,76.84210526315789,0.8947368421052632,,
30.0,80.0,0.8947368421052632,,
30.0,20.0,1.026315789473684,,
30.0,23.157894736842106,1.026315789473684,,
30.0,26.315789473684212,1.026315789473684,104056491.93292135,17123174.376857426
30.0,29.473684210526315,1.026315789473684,116543270.96487191,17123174.376857426
30.0,32.631578947368425,1.026315789473684,91238023.32959251,12107912.717315622
30.0,35.78947368421053,1.026315789473684,,
30.0,38.94736842105263,1.026315789473684,,
30.0,42.10526315789474,1.026315789473684,,
30.0,45.26315789473684,1.026315789473684,,
30.0,48.421052631578945,1.026315789473684,,
30.0,51.578947368421055,1.026315789473684,101975362.09426296,8561587.188428713
30.0,54.73684210526316,1.026315789473684,,
30.0,57.89473684210526,1.026315789473684,,
30.0,61.05263157894737,1.026315789473684,,
30.0,64.21052631578948,1.026315789473684,,
30.0,67.36842105263159,1.026315789473684,,
30.0,70.52631578947368,1.026315789473684,,
30.0,73.68421052631578,1.026315789473684,103010671.5011528,6053956.358657811
30.0,76.84210526315789,1.026315789473684,,
30.0,80.0,1.026315789473684,111840157.62982303,6053956.358657811
30.0,20.0,1.1578947368421053,,
30.0,23.157894736842106,1.1578947368421053,,
30.0,26.315789473684212,1.1578947368421053,104056491.9329214,17123174.376857426
30.0,29.473684210526315,1.1578947368421053,116543270.96487187,17123174.376857426
30.0,32.631578947368425,1.1578947368421053,,
30.0,35.78947368421053,1.1578947368421053,,
30.0,38.94736842105263,1.1578947368421053,,
30.0,42.10526315789474,1.1578947368421053,,
30.0,45.26315789473684,1.1578947368421053,,
30.0,48.421052631578945,1.1578947368421053,,
30.0,51.578947368421055,1.1578947368421053,,
30.0,54.73684210526316,1.1578947368421053,,
30.0,57.89473684210526,1.1578947368421053,66084747.99124031,4943034.667929769
30.0,61.05263157894737,1.1578947368421053,85351699.24381226,6053956.358657811
30.0,64.21052631578948,1.1578947368421053,,
30.0,67.36842105263159,1.1578947368421053,94181185.37248264,6053956.358657811
30.0,70.52631578947368,1.1578947368421053,98595928.4368177,6053956.358657811
30.0,73.68421052631578,1.1578947368421053,72839544.35304496,4280793.5942143565
30.0,76.84210526315789,1.1578947368421053,,
30.0,80.0,1.1578947368421053,,
30.0,20.0,1.2894736842105263,,
30.0,23.157894736842106,1.2894736842105263,,
30.0,26.315789473684212,1.2894736842105263,,
30.0,29.473684210526315,1.2894736842105263,116543270.96487187,17123174.376857426
30.0,32.631578947368425,1.2894736842105263,91238023.32959244,12107912.717315622
30.0,35.78947368421053,1.2894736842105263,,
30.0,38.94736842105263,1.2894736842105263,,
30.0,42.10526315789474,1.2894736842105263,,
30.0,45.26315789473684,1.2894736842105263,,
30.0,48.421052631578945,1.2894736842105263,,
30.0,51.578947368421055,1.2894736842105263,101975362.09426294,8561587.188428713
30.0,54.73684210526316,1.2894736842105263,,
30.0,57.89473684210526,1.2894736842105263,80936956.17947714,6053956.358657811
30.0,61.05263157894737,1.2894736842105263,120705530.64218877,8561587.188428713
30.0,64.21052631578948,1.2894736842105263,63474460.079082035,4280793.5942143565
30.0,67.36842105263159,1.2894736842105263,94181185.3724825,6053956.358657811
30.0,70.52631578947368,1.2894736842105263,69717849.59505732,4280793.5942143565
30.0,73.68421052631578,1.2894736842105263,,
30.0,76.84210526315789,1.2894736842105263,107425414.56548779,6053956.358657811
30.0,80.0,1.2894736842105263,,
30.0,20.0,1.4210526315789473,,
30.0,23.157894736842106,1.4210526315789473,,
30.0,26.315789473684212,1.4210526315789473,,
30.0,29.473684210526315,1.4210526315789473,,
30.0,32.631578947368425,1.4210526315789473,,
30.0,35.78947368421053,1.4210526315789473,100067509.45826264,12107912.717315622
30.0,38.94736842105263,1.4210526315789473,,
30.0,42.10526315789474,1.4210526315789473,67969415.90925103,6990506.666666667
30.0,45.26315789473684,1.4210526315789473,,
30.0,48.421052631578945,1.4210526315789473,,
30.0,51.578947368421055,1.4210526315789473,72107470.05080691,6053956.358657811
30.0,54.73684210526316,1.4210526315789473,,
30.0,57.89473684210526,1.4210526315789473,,
30.0,61.05263157894737,1.4210526315789473,,
30.0,64.21052631578948,1.4210526315789473,89766442.30814745,6053956.358657811
30.0,67.36842105263159,1.4210526315789473,,
30.0,70.52631578947368,1.4210526315789473,98595928.4368177,6053956.358657811
30.0,73.68421052631578,1.4210526315789473,,
30.0,76.84210526315789,1.4210526315789473,107425414.5654879,6053956.358657811
30.0,80.0,1.4210526315789473,,
30.0,20.0,1.5526315789473684,1.5666629439624464,0.11562744353082795
30.0,23.157894736842106,1.5526315789473684,1.5292495529563543,0.10039967251997403
30.0,26.315789473684212,1.5526315789473684,1.5385288679832856,0.08967927195214248
30.0,29.473684210526315,1.5526315789473684,1.5682345327719616,0.08112725495207782
30.0,32.631578947368425,1.5526315789473684,1.5200361997142202,0.07111384387780749
30.0,35.78947368421053,1.5526315789473684,1.5273464364616611,0.06547682932041576
30.0,38.94736842105263,1.5526315789473684,1.5639075549682893,0.05921431288215546
30.0,42.10526315789474,1.5526315789473684,1.5291686833681628,0.05468804140267101
30.0,45.26315789473684,1.5526315789473684,1.5472165034034433,0.05159766267098193
30.0,48.421052631578945,1.5526315789473684,1.5247305603973496,0.048278416271854675
30.0,51.578947368421055,1.5526315789473684,1.544072841527402,0.04455479753627556
30.0,54.73684210526316,1.5526315789473684,1.564924077136799,0.04333605405176706
30.0,57.89473684210526,1.5526315789473684,1.5603038159125453,0.04079309813763619
30.0,61.05263157894737,1.5526315789473684,1.5286441454677608,0.03818641268875079
30.0,64.21052631578948,1.5526315789473684,1.5658205355473505,0.03664239528477545
30.0,67.36842105263159,1.5526315789473684,1.5402315916942397,0.03434013112381839
30.0,70.52631578947368,1.5526315789473684,1.574949272266939,0.033984331427863286
30.0,73.68421052631578,1.5526315789473684,1.5321382908878234,0.031416970865283576
30.0,76.84210526315789,1.5526315789473684,1.5419768749162766,0.030207674131315764
30.0,80.0,1.5526315789473684,1.5204935724087245,0.029250376197967807
30.0,20.0,1.6842105263157894,1.5132073715415064,0.11720531561097874
30.0,23.157894736842106,1.6842105263157894,1.4943576439848618,0.09907353790908831
30.0,26.315789473684212,1.6842105263157894,1.5232951109506248,0.08876425694575267
30.0,29.473684210526315,1.6842105263157894,1.5401250582940993,0.07910671483762648
30.0,32.631578947368425,1.6842105263157894,1.5310966869515974,0.07335639850477965
30.0,35.78947368421053,1.6842105263157894,1.518960702833595,0.06548704038348069
30.0,38.94736842105263,1.6842105263157894,1.5170038743490084,0.059868603238903084
30.0,42.10526315789474,1.6842105263157894,1.5428881250985864,0.056653996226384694
30.0,45.26315789473684,1.6842105263157894,1.4942956108689431,0.051020657466218935
30.0,48.421052631578945,1.6842105263157894,1.531501038276705,0.04788105692127694
30.0,51.578947368421055,1.6842105263157894,1.522737637616038,0.046319259781050566
30.0,54.73684210526316,1.6842105263157894,1.5257373878636704,0.042682622541488725
30.0,57.89473684210526,1.6842105263157894,1.5053868328173685,0.04023920861633673
30.0,61.05263157894737,1.6842105263157894,1.4968403669126789,0.03791986499535371
30.0,64.21052631578948,1.6842105263157894,1.5127510799214818,0.03611360444154091
30.0,67.36842105263159,1.6842105263157894,1.5231381922877787,0.03496501270048576
30.0,70.52631578947368,1.6842105263157894,1.5221826272580123,0.03317407311046871
30.0,73.68421052631578,1.6842105263157894,1.524748018341462,0.031891526628688854
30.0,76.84210526315789,1.6842105263157894,1.5099930524395657,0.030049862085091226
30.0,80.0,1.6842105263157894,1.5070342471692528,0.02883579724980054
30.0,20.0,1.8157894736842104,1.5102506518485956,0.11912883858018103
30.0,23.157894736842106,1.8157894736842104,1.4812109185989684,0.10011151493458154
30.0,26.315789473684212,1.8157894736842104,1.5006641032182277,0.08875211120601754
30.0,29.473684210526315,1.8157894736842104,1.499857350730351,0.08048134533775353
30.0,32.631578947368425,1.8157894736842104,1.4999940994408836,0.07249712869414207
30.0,35.78947368421053,1.8157894736842104,1.5046548003229376,0.06690643387758652
30.0,38.94736842105263,1.8157894736842104,1.4832711165032357,0.06122596527140431
30.0,42.10526315789474,1.8157894736842104,1.509943066912393,0.05658250430214963
30.0,45.26315789473684,1.8157894736842104,1.5002901357913592,0.05234591928158437
30.0,48.421052631578945,1.8157894736842104,1.480965396564142,0.047852214687363386
30.0,51.578947368421055,1.8157894736842104,1.4866238550094888,0.045600117136335515
30.0,54.73684210526316,1.8157894736842104,1.5148209543511084,0.043449166431792315
30.0,57.89473684210526,1.8157894736842104,1.4839301838818066,0.041053159062584964
30.0,61.05263157894737,1.8157894736842104,1.4970289987749905,0.039501782869202653
30.0,64.21052631578948,1.8157894736842104,1.509843093849838,0.0373023251725609
30.0,67.36842105263159,1.8157894736842104,1.5107448081239905,0.03515727163581462
30.0,70.52631578947368,1.8157894736842104,1.5232013497898391,0.033923452065277665
30.0,73.68421052631578,1.8157894736842104,1.4942552179717006,0.032853939064730865
30.0,76.84210526315789,1.8157894736842104,1.504530190578348,0.03095878632956059
30.0,80.0,1.8157894736842104,1.5003010887473482,0.02943737653751136
30.0,20.0,1.9473684210526314,1.4556018516624454,0.11874051697844164
30.0,23.157894736842106,1.9473684210526314,1.4988600916455452,0.10360043701765553
30.0,26.315789473684212,1.9473684210526314,1.4743860703065554,0.0912098846818063
30.0,29.473684210526315,1.9473684210526314,1.4965965408231434,0.08124073321944372
30.0,32.631578947368425,1.9473684210526314,1.508139998040648,0.07274856145308502
30.0,35.78947368421053,1.9473684210526314,1.4817948068399394,0.06840958467456369
30.0,38.94736842105263,1.9473684210526314,1.4849867520016928,0.061898286098109497
30.0,42.10526315789474,1.9473684210526314,1.4706651957197476,0.056961015300522694
30.0,45.26315789473684,1.9473684210526314,1.4855580701819653,0.05449651720965983
30.0,48.421052631578945,1.9473684210526314,1.4840506763301766,0.05008005376615035
30.0,51.578947368421055,1.9473684210526314,1.4808558813034736,0.047101640476801314
30.0,54.73684210526316,1.9473684210526314,1.4861231284689103,0.043693593727299716
30.0,57.89473684210526,1.9473684210526314,1.4855311234318438,0.04119868676524552
30.0,61.05263157894737,1.9473684210526314,1.4436047138633163,0.03940526029877995
30.0,64.21052631578948,1.9473684210526314,1.475351172911411,0.03738313968955567
30.0,67.36842105263159,1.9473684210526314,1.4797073609901141,0.03575946752949663
30.0,70.52631578947368,1.9473684210526314,1.4860693574016097,0.03449935106299366
30.0,73.68421052631578,1.9473684210526314,1.4629506355283803,0.032469234342115315
30.0,76.84210526315789,1.9473684210526314,1.4891333669733107,0.03152345001713504
30.0,80.0,1.9473684210526314,1.4972969518384815,0.030248633425382955
30.0,20.0,2.0789473684210527,2.177339584143385,0.13478525421103787
30.0,23.157894736842106,2.0789473684210527,2.1980120312409905,0.11841669936487624
30.0,26.315789473684212,2.0789473684210527,2.221711282291746,0.10450490438413265
30.0,29.473684210526315,2.0789473684210527,2.2077460929262904,0.09145573071215386
30.0,32.631578947368425,2.0789473684210527,2.197969508982399,0.08235403867509698
30.0,35.78947368421053,2.0789473684210527,2.211721390784952,0.07634616082743735
30.0,38.94736842105263,2.0789473684210527,2.1942598323852773,0.06951215969389335
30.0,42.10526315789474,2.0789473684210527,2.1797016541356444,0.06461145576788294
30.0,45.26315789473684,2.0789473684210527,2.187519617710928,0.06092354685690645
30.0,48.421052631578945,2.0789473684210527,2.1787997361220595,0.05564537022166743
30.0,51.578947368421055,2.0789473684210527,2.2045171540978226,0.053320632423302414
30.0,54.73684210526316,2.0789473684210527,2.174098331519495,0.04914288427097339
30.0,57.89473684210526,2.0789473684210527,2.210519271504392,0.04719046083260258
30.0,61.05263157894737,2.0789473684210527,2.221879525026822,0.04399768298081801
30.0,64.21052631578948,2.0789473684210527,2.20760504191072,0.042516672176764275
30.0,67.36842105263159,2.0789473684210527,2.200738452578845,0.04084015909167424
30.0,70.52631578947368,2.0789473684210527,2.2354639381539623,0.03929778716126616
30.0,73.68421052631578,2.0789473684210527,2.200359373174555,0.03645068885562991
30.0,76.84210526315789,2.0789473684210527,2.2535239475218156,0.03619423569063345
30.0,80.0,2.0789473684210527,2.1764879158812214,0.033521732879356246
30.0,20.0,2.2105263157894735,2.139601152227905,0.13408858081580738
30.0,23.157894736842106,2.2105263157894735,2.182715535547026,0.11505548014105726
30.0,26.315789473684212,2.2105263157894735,2.165705131459849,0.10042519877183685
30.0,29.473684210526315,2.2105263157894735,2.1282173189759486,0.09067408961462106
30.0,32.631578947368425,2.2105263157894735,2.1616511880206892,0.08072882032195937
30.0,35.78947368421053,2.2105263157894735,2.168659367724328,0.07479912830156621
30.0,38.94736842105263,2.2105263157894735,2.144257863748619,0.06864038283720243
30.0,42.10526315789474,2.2105263157894735,2.1656402260987972,0.06339824262781558
30.0,45.26315789473684,2.2105263157894735,2.1889980328597285,0.05924563539523412
30.0,48.421052631578945,2.2105263157894735,2.1537593053684136,0.05612367890957909
30.0,51.578947368421055,2.2105263157894735,2.15934683867947,0.05188440489125045
30.0,54.73684210526316,2.2105263157894735,2.146265119651619,0.04819253724497434
30.0,57.89473684210526,2.2105263157894735,2.19121389939288,0.045418734219148896
30.0,61.05263157894737,2.2105263157894735,2.1558770746757974,0.04348726937491692
30.0,64.21052631578948,2.2105263157894735,2.19398801109947,0.0418856835281295
30.0,67.36842105263159,2.2105263157894735,2.1607745614568574,0.03882928072820044
30.0,70.52631578947368,2.2105263157894735,2.1946001868818117,0.03787194517890013
30.0,73.68421052631578,2.2105263157894735,2.1818095782065243,0.03632060479119049
30.0,76.84210526315789,2.2105263157894735,2.1685690008663077,0.03485400455726874
30.0,80.0,2.2105263157894735,2.1590558945529983,0.0331430213229899
30.0,20.0,2.3421052631578947,2.127157875370393,0.12824075491073883
30.0,23.157894736842106,2.3421052631578947,2.112417038895076,0.11189754146197348
30.0,26.315789473684212,2.3421052631578947,2.15608153698308,0.0998253825452388
30.0,29.473684210526315,2.3421052631578947,2.1306174088625647,0.0889841874093971
30.0,32.631578947368425,2.3421052631578947,2.108775217609725,0.0790698021783997
30.0,35.78947368421053,2.3421052631578947,2.138522552373471,0.07342847871281505
30.0,38.94736842105263,2.3421052631578947,2.16051056218377,0.0668683974242745
30.0,42.10526315789474,2.3421052631578947,2.1246612542078633,0.06195708017051706
30.0,45.26315789473684,2.3421052631578947,2.123866035520884,0.056966428827637396
30.0,48.421052631578945,2.3421052631578947,2.128040669586782,0.054476068507263574
30.0,51.578947368421055,2.3421052631578947,2.120573053967729,0.05031968123427783
30.0,54.73684210526316,2.3421052631578947,2.1419321417233412,0.047584191790787586
30.0,57.89473684210526,2.3421052631578947,2.1300981443304385,0.045145582939477374
30.0,61.05263157894737,2.3421052631578947,2.147083436885811,0.042259897440445914
30.0,64.21052631578948,2.3421052631578947,2.1690835533483943,0.040627340871708384
30.0,67.36842105263159,2.3421052631578947,2.1051518359921664,0.03922132476408191
30.0,70.52631578947368,2.3421052631578947,2.13552145880317,0.036457342614544766
30.0,73.68421052631578,2.3421052631578947,2.133946455626553,0.03505003421477489
30.0,76.84210526315789,2.3421052631578947,2.1147460811123735,0.033305378088940484
30.0,80.0,2.3421052631578947,2.1350250610881027,0.03241047183423722
30.0,20.0,2.473684210526316,2.1451148348890507,0.1289829071985288
30.0,23.157894736842106,2.473684210526316,2.0435268834348888,0.10832923493887474
30.0,26.315789473684212,2.473684210526316,2.097870735515688,0.09730645188178676
30.0,29.473684210526315,2.473684210526316,2.1240254994398255,0.08688628525160208
30.0,32.631578947368425,2.473684210526316,2.128957718861434,0.07805482036980611
30.0,35.78947368421053,2.473684210526316,2.101084499635279,0.0723508984978195
30.0,38.94736842105263,2.473684210526316,2.1007706686519345,0.0655617529706378
30.0,42.10526315789474,2.473684210526316,2.1161438865206104,0.06093112745576208
30.0,45.26315789473684,2.473684210526316,2.1235424952561535,0.05746736987302888
30.0,48.421052631578945,2.473684210526316,2.0516803881171164,0.05283876240619825
30.0,51.578947368421055,2.473684210526316,2.0682358665055687,0.05028507199355556
30.0,54.73684210526316,2.473684210526316,2.135091035350627,0.04747655292145148
30.0,57.89473684210526,2.473684210526316,2.0928777187955,0.04500758754264464
30.0,61.05263157894737,2.473684210526316,2.1144214690665417,0.04189956398012927
30.0,64.21052631578948,2.473684210526316,2.085049924045233,0.04013701266461962
30.0,67.36842105263159,2.473684210526316,2.1180462040820216,0.038436751349412955
30.0,70.52631578947368,2.473684210526316,2.1330788789381447,0.03577952700130808
30.0,73.68421052631578,2.473684210526316,2.1141858221042877,0.03475352984605353
30.0,76.84210526315789,2.473684210526316,2.1338638486431756,0.03379224732296391
30.0,80.0,2.473684210526316,2.088826890509625,0.03177074597371424
30.0,20.0,2.6052631578947367,3.3565204603931558,0.17078483509007938
30.0,23.157894736842106,2.6052631578947367,3.403614131520772,0.14914757714766996
30.0,26.315789473684212,2.6052631578947367,3.4298271759869463,0.13141595613899063
30.0,29.473684210526315,2.6052631578947367,3.3636298261379,0.11671416954461764
30.0,32.631578947368425,2.6052631578947367,3.397801153278871,0.1052148947523444
30.0,35.78947368421053,2.6052631578947367,3.409693171569253,0.09702893500713058
30.0,38.94736842105263,2.6052631578947367,3.422693467782358,0.08873746538582504
30.0,42.10526315789474,2.6052631578947367,3.4510454126251884,0.08273621777125495
30.0,45.26315789473684,2.6052631578947367,3.3602341478443893,0.07466950441275941
30.0,48.421052631578945,2.6052631578947367,3.4609279665782844,0.07142671294542603
30.0,51.578947368421055,2.6052631578947367,3.3913371273663904,0.0671745434895539
30.0,54.73684210526316,2.6052631578947367,3.3296581222400907,0.06246577657001386
30.0,57.89473684210526,2.6052631578947367,3.4004855288792357,0.0600373056556185
30.0,61.05263157894737,2.6052631578947367,3.3935822476558744,0.05595443160448807
30.0,64.21052631578948,2.6052631578947367,3.4099482756177757,0.0535242882149322
30.0,67.36842105263159,2.6052631578947367,3.346642458814707,0.05093367279287846
30.0,70.52631578947368,2.6052631578947367,3.369530475431842,0.04856567795322813
30.0,73.68421052631578,2.6052631578947367,3.391020193348941,0.046361240819065
30.0,76.84210526315789,2.6052631578947367,3.3366215473264806,0.044445875179758364
30.0,80.0,2.6052631578947367,3.397852035257369,0.043187615543497856
30.0,20.0,2.736842105263158,3.2882884114659916,0.16041051554080754
30.0,23.157894736842106,2.736842105263158,3.304361024126781,0.14039472008608425
30.0,26.315789473684212,2.736842105263158,3.302750239196137,0.11980534611648043
30.0,29.473684210526315,2.736842105263158,3.3354904821791718,0.10982673958128895
30.0,32.631578947368425,2.736842105263158,3.3998072679153055,0.10092747482644134
30.0,35.78947368421053,2.736842105263158,3.290351180556137,0.08968891689548888
30.0,38.94736842105263,2.736842105263158,3.37599590728965,0.0851769784163054
30.0,42.10526315789474,2.736842105263158,3.3247473566906547,0.07635337691643283
30.0,45.26315789473684,2.736842105263158,3.3334445194855915,0.07097441184802034
30.0,48.421052631578945,2.736842105263158,3.2825240751062212,0.06630826618808515
30.0,51.578947368421055,2.736842105263158,3.2905552666291022,0.06218204620145886
30.0,54.73684210526316,2.736842105263158,3.387869380855168,0.06007560703034866
30.0,57.89473684210526,2.736842105263158,3.3271714211583974,0.055739824303068224
30.0,61.05263157894737,2.736842105263158,3.368271924606245,0.053710788365053524
30.0,64.21052631578948,2.736842105263158,3.319007449689072,0.0515249119115192
30.0,67.36842105263159,2.736842105263158,3.333645476782737,0.04869583497330631
30.0,70.52631578947368,2.736842105263158,3.3585141952452795,0.045672746071274646
30.0,73.68421052631578,2.736842105263158,3.328764673632848,0.044075533895365095
30.0,76.84210526315789,2.736842105263158,3.3547838288185634,0.04247708131090788
30.0,80.0,2.736842105263158,3.3611216504361416,0.040932852674520674
30.0,20.0,2.8684210526315788,3.254160396162358,0.15394234242371074
30.0,23.157894736842106,2.8684210526315788,3.233147367920212,0.13109316544962588
30.0,26.315789473684212,2.8684210526315788,3.304599410136734,0.11673674641426726
30.0,29.473684210526315,2.8684210526315788,3.3304618135344537,0.10477782251443657
30.0,32.631578947368425,2.8684210526315788,3.276446158405112,0.09498473503113503
30.0,35.78947368421053,2.8684210526315788,3.2817117632702657,0.08600739819830461
30.0,38.94736842105263,2.8684210526315788,3.3709531017535266,0.08029394993465139
30.0,42.10526315789474,2.8684210526315788,3.327648215908062,0.0734339899338365
30.0,45.26315789473684,2.8684210526315788,3.3383693007045125,0.06900143075264328
30.0,48.421052631578945,2.8684210526315788,3.2729380632171305,0.06392965577546857
30.0,51.578947368421055,2.8684210526315788,3.2996897561069773,0.05959823203094992
30.0,54.73684210526316,2.8684210526315788,3.2769164853067556,0.05556516132893327
30.0,57.89473684210526,2.8684210526315788,3.3248671320444023,0.05399107280967287
30.0,61.05263157894737,2.8684210526315788,3.327588454148232,0.051148020840200405
30.0,64.21052631578948,2.8684210526315788,3.287930357006403,0.047574944886001114
30.0,67.36842105263159,2.8684210526315788,3.346374783244411,0.04641313596096101
30.0,70.52631578947368,2.8684210526315788,3.3671921692606657,0.04378725320294143
30.0,73.68421052631578,2.8684210526315788,3.3225412318774548,0.04251342616218005
30.0,76.84210526315789,2.8684210526315788,3.2831300487465582,0.04033205315045621
30.0,80.0,2.8684210526315788,3.2464870919690747,0.037879666397221026
30.0,20.0,3.0,3.229485311609395,0.14403380596771623
30.0,23.157894736842106,3.0,3.232550141136353,0.124000016002449
30.0,26.315789473684212,3.0,3.2540509315679413,0.11205140299289978
30.0,29.473684210526315,3.0,3.288893875172887,0.09950661952917933
30.0,32.631578947368425,3.0,3.30222559133472,0.09097701367089917
30.0,35.78947368421053,3.0,3.2778750386159077,0.08282071457104936
30.0,38.94736842105263,3.0,3.3647419180218248,0.0765005018869756
30.0,42.10526315789474,3.0,3.2609384249677245,0.07064506383233551
30.0,45.26315789473684,3.0,3.280733251419148,0.0649934254049146
30.0,48.421052631578945,3.0,3.25276005376883,0.060116360411590214
30.0,51.578947368421055,3.0,3.2330918354939753,0.05762919156869204
30.0,54.73684210526316,3.0,3.282311716341544,0.05403307844798172
30.0,57.89473684210526,3.0,3.252474289158516,0.050037870793304906
30.0,61.05263157894737,3.0,3.2845006447564526,0.049089334918903216
30.0,64.21052631578948,3.0,3.306078746096954,0.046325151715856494
30.0,67.36842105263159,3.0,3.2983240364961337,0.044006050979060185
30.0,70.52631578947368,3.0,3.295208256812776,0.0413545737672776
30.0,73.68421052631578,3.0,3.279398018375115,0.040587243673433034
30.0,76.84210526315789,3.0,3.2538205224233345,0.03885325648589688
30.0,80.0,3.0,3.335512862846746,0.037434611687370806
50.0,20.0,0.5,,
50.0,23.157894736842106,0.5,,
50.0,26.315789473684212,0.5,,
50.0,29.473684210526315,0.5,,
50.0,32.631578947368425,0.5,64515024.9984113,8561587.188428713
50.0,35.78947368421053,0.5,,
50.0,38.94736842105263,0.5,,
50.0,42.10526315789474,0.5,,
50.0,45.26315789473684,0.5,,
50.0,48.421052631578945,0.5,,
50.0,51.578947368421055,0.5,50987681.04713148,4280793.5942143565
50.0,54.73684210526316,0.5,,
50.0,57.89473684210526,0.5,57231070.5631068,4280793.5942143565
50.0,61.05263157894737,0.5,85351699.24381226,6053956.358657811
50.0,64.21052631578948,0.5,44883221.1540737,3026978.1793289054
50.0,67.36842105263159,0.5,66596154.83706973,4280793.5942143565
50.0,70.52631578947368,0.5,,
50.0,73.68421052631578,0.5,,
50.0,76.84210526315789,0.5,43856241.84873221,2471517.3339648843
50.0,80.0,0.5,79082933.86902022,4280793.5942143565
50.0,20.0,0.631578947368421,79082933.86902031,17123174.376857426
50.0,23.157894736842106,0.631578947368421,,
50.0,26.315789473684212,0.631578947368421,,
50.0,29.473684210526315,0.631578947368421,,
50.0,32.631578947368425,0.631578947368421,64515024.99841128,8561587.188428713
50.0,35.78947368421053,0.631578947368421,70758414.51438653,8561587.188428713
50.0,38.94736842105263,0.631578947368421,44457012.285016194,4943034.667929769
50.0,42.10526315789474,0.631578947368421,,
50.0,45.26315789473684,0.631578947368421,,
50.0,48.421052631578945,0.631578947368421,67692726.98647179,6053956.358657811
50.0,51.578947368421055,0.631578947368421,,
50.0,54.73684210526316,0.631578947368421,,
50.0,57.89473684210526,0.631578947368421,80936956.1794772,6053956.358657811
50.0,61.05263157894737,0.631578947368421,,
50.0,64.21052631578948,0.631578947368421,,
50.0,67.36842105263159,0.631578947368421,,
50.0,70.52631578947368,0.631578947368421,49297964.218408875,3026978.1793289054
50.0,73.68421052631578,0.631578947368421,72839544.35304503,4280793.5942143565
50.0,76.84210526315789,0.631578947368421,,
50.0,80.0,0.631578947368421,,
50.0,20.0,0.763157894736842,,
50.0,23.157894736842106,0.763157894736842,37383178.750088066,6990506.666666667
50.0,26.315789473684212,0.763157894736842,73579051.07225205,12107912.717315622
50.0,29.473684210526315,0.763157894736842,,
50.0,32.631578947368425,0.763157894736842,,
50.0,35.78947368421053,0.763157894736842,70758414.51438653,8561587.188428713
50.0,38.94736842105263,0.763157894736842,44457012.28501619,4943034.667929769
50.0,42.10526315789474,0.763157894736842,,
50.0,45.26315789473684,0.763157894736842,44744291.53115619,4280793.5942143565
50.0,48.421052631578945,0.763157894736842,,
50.0,51.578947368421055,0.763157894736842,,
50.0,54.73684210526316,0.763157894736842,,
50.0,57.89473684210526,0.763157894736842,,
50.0,61.05263157894737,0.763157894736842,60352765.32109439,4280793.5942143565
50.0,64.21052631578948,0.763157894736842,,
50.0,67.36842105263159,0.763157894736842,,
50.0,70.52631578947368,0.763157894736842,,
50.0,73.68421052631578,0.763157894736842,,
50.0,76.84210526315789,0.763157894736842,75961239.11103256,4280793.5942143565
50.0,80.0,0.763157894736842,,
50.0,20.0,0.8947368421052632,79082933.86902025,17123174.376857426
50.0,23.157894736842106,0.8947368421052632,,
50.0,26.315789473684212,0.8947368421052632,73579051.07225193,12107912.717315622
50.0,29.473684210526315,0.8947368421052632,,
50.0,32.631578947368425,0.8947368421052632,64515024.99841125,8561587.188428713
50.0,35.78947368421053,0.8947368421052632,,
50.0,38.94736842105263,0.8947368421052632,,
50.0,42.10526315789474,0.8947368421052632,58863240.85780162,6053956.358657811
50.0,45.26315789473684,0.8947368421052632,,
50.0,48.421052631578945,0.8947368421052632,,
50.0,51.578947368421055,0.8947368421052632,,
50.0,54.73684210526316,0.8947368421052632,54109375.805119134,4280793.5942143565
50.0,57.89473684210526,0.8947368421052632,,
50.0,61.05263157894737,0.8947368421052632,,
50.0,64.21052631578948,0.8947368421052632,63474460.07908206,4280793.5942143565
50.0,67.36842105263159,0.8947368421052632,66596154.83706971,4280793.5942143565
50.0,70.52631578947368,0.8947368421052632,49297964.218408845,3026978.1793289054
50.0,73.68421052631578,0.8947368421052632,,
50.0,76.84210526315789,0.8947368421052632,75961239.11103266,4280793.5942143565
50.0,80.0,0.8947368421052632,,
50.0,20.0,1.026315789473684,,
50.0,23.157894736842106,1.026315789473684,,
50.0,26.315789473684212,1.026315789473684,,
50.0,29.473684210526315,1.026315789473684,,
50.0,32.631578947368425,1.026315789473684,,
50.0,35.78947368421053,1.026315789473684,,
50.0,38.94736842105263,1.026315789473684,,
50.0,42.10526315789474,1.026315789473684,,
50.0,45.26315789473684,1.026315789473684,63277983.92213672,6053956.358657811
50.0,48.421052631578945,1.026315789473684,,
50.0,51.578947368421055,1.026315789473684,72107470.05080694,6053956.358657811
50.0,54.73684210526316,1.026315789473684,76522213.11514206,6053956.358657811
50.0,57.89473684210526,1.026315789473684,57231070.563106775,4280793.5942143565
50.0,61.05263157894737,1.026315789473684,,
50.0,64.21052631578948,1.026315789473684,63474460.07908202,4280793.5942143565
50.0,67.36842105263159,1.026315789473684,,
50.0,70.52631578947368,1.026315789473684,,
50.0,73.68421052631578,1.026315789473684,,
50.0,76.84210526315789,1.026315789473684,,
50.0,80.0,1.026315789473684,,
50.0,20.0,1.1578947368421053,,
50.0,23.157894736842106,1.1578947368421053,,
50.0,26.315789473684212,1.1578947368421053,42480884.94328191,6990506.666666667
50.0,29.473684210526315,1.1578947368421053,,
50.0,32.631578947368425,1.1578947368421053,,
50.0,35.78947368421053,1.1578947368421053,,
50.0,38.94736842105263,1.1578947368421053,54448497.79346645,6053956.358657811
50.0,42.10526315789474,1.1578947368421053,,
50.0,45.26315789473684,1.1578947368421053,,
50.0,48.421052631578945,1.1578947368421053,,
50.0,51.578947368421055,1.1578947368421053,72107470.05080694,6053956.358657811
50.0,54.73684210526316,1.1578947368421053,,
50.0,57.89473684210526,1.1578947368421053,40468478.0897386,3026978.1793289054
50.0,61.05263157894737,1.1578947368421053,60352765.32109437,4280793.5942143565
50.0,64.21052631578948,1.1578947368421053,,
50.0,67.36842105263159,1.1578947368421053,66596154.83706976,4280793.5942143565
50.0,70.52631578947368,1.1578947368421053,69717849.59505735,4280793.5942143565
50.0,73.68421052631578,1.1578947368421053,,
50.0,76.84210526315789,1.1578947368421053,,
50.0,80.0,1.1578947368421053,55920078.81491151,3026978.1793289054
50.0,20.0,1.2894736842105263,55920078.81491145,12107912.717315622
50.0,23.157894736842106,1.2894736842105263,,
50.0,26.315789473684212,1.2894736842105263,,
50.0,29.473684210526315,1.2894736842105263,,
50.0,32.631578947368425,1.2894736842105263,45619011.66479622,6053956.358657811
50.0,35.78947368421053,1.2894736842105263,50033754.729131326,6053956.358657811
50.0,38.94736842105263,1.2894736842105263,54448497.79346642,6053956.358657811
50.0,42.10526315789474,1.2894736842105263,,
50.0,45.26315789473684,1.2894736842105263,,
50.0,48.421052631578945,1.2894736842105263,,
50.0,51.578947368421055,1.2894736842105263,,
50.0,54.73684210526316,1.2894736842105263,,
50.0,57.89473684210526,1.2894736842105263,,
50.0,61.05263157894737,1.2894736842105263,60352765.32109438,4280793.5942143565
50.0,64.21052631578948,1.2894736842105263,,
50.0,67.36842105263159,1.2894736842105263,,
50.0,70.52631578947368,1.2894736842105263,,
50.0,73.68421052631578,1.2894736842105263,,
50.0,76.84210526315789,1.2894736842105263,53712707.28274389,3026978.1793289054
50.0,80.0,1.2894736842105263,,
50.0,20.0,1.4210526315789473,,
50.0,23.157894736842106,1.4210526315789473,,
50.0,26.315789473684212,1.4210526315789473,,
50.0,29.473684210526315,1.4210526315789473,58271635.48243593,8561587.188428713
50.0,32.631578947368425,1.4210526315789473,,
50.0,35.78947368421053,1.4210526315789473,,
50.0,38.94736842105263,1.4210526315789473,,
50.0,42.10526315789474,1.4210526315789473,41622596.77316856,4280793.5942143565
50.0,45.26315789473684,1.4210526315789473,63277983.922136694,6053956.358657811
50.0,48.421052631578945,1.4210526315789473,67692726.9864718,6053956.358657811
50.0,51.578947368421055,1.4210526315789473,50987681.04713146,4280793.5942143565
50.0,54.73684210526316,1.4210526315789473,54109375.80511912,4280793.5942143565
50.0,57.89473684210526,1.4210526315789473,,
50.0,61.05263157894737,1.4210526315789473,60352765.32109437,4280793.5942143565
50.0,64.21052631578948,1.4210526315789473,,
50.0,67.36842105263159,1.4210526315789473,,
50.0,70.52631578947368,1.4210526315789473,69717849.59505737,4280793.5942143565
50.0,73.68421052631578,1.4210526315789473,,
50.0,76.84210526315789,1.4210526315789473,,
50.0,80.0,1.4210526315789473,55920078.814911515,3026978.1793289054
50.0,20.0,1.5526315789473684,0.9286517043820182,0.07017912683115801
50.0,23.157894736842106,1.5526315789473684,0.9172841614133742,0.05988401784967583
50.0,26.315789473684212,1.5526315789473684,0.9103772179560482,0.05299723815337084
50.0,29.473684210526315,1.5526315789473684,0.9231185049709081,0.0481633703514817
50.0,32.631578947368425,1.5526315789473684,0.9305274782412013,0.04368424190000488
50.0,35.78947368421053,1.5526315789473684,0.9060423166508104,0.03881009296514886
50.0,38.94736842105263,1.5526315789473684,0.9336818467743931,0.03590535669703385
50.0,42.10526315789474,1.5526315789473684,0.9253712766751754,0.03377012890909298
50.0,45.26315789473684,1.5526315789473684,0.928544014686036,0.031202781569107437
50.0,48.421052631578945,1.5526315789473684,0.9289204621845384,0.028835959677007836
50.0,51.578947368421055,1.5526315789473684,0.9268517071629744,0.02689623034090274
50.0,54.73684210526316,1.5526315789473684,0.9372369245499005,0.02553342507206159
50.0,57.89473684210526,1.5526315789473684,0.9257455339057097,0.024113168137378575
50.0,61.05263157894737,1.5526315789473684,0.9282276325668409,0.022802553237665193
50.0,64.21052631578948,1.5526315789473684,0.9367221741782857,0.021982037166680624
50.0,67.36842105263159,1.5526315789473684,0.9193921736614244,0.020916782802982297
50.0,70.52631578947368,1.5526315789473684,0.94167039291937,0.01982479142634013
50.0,73.68421052631578,1.5526315789473684,0.9090258207403511,0.018763935190964028
50.0,76.84210526315789,1.5526315789473684,0.9371305058396493,0.018268248943605955
50.0,80.0,1.5526315789473684,0.9316685545606013,0.017643240689381515
50.0,20.0,1.6842105263157894,0.8998390901663547,0.07004146783487858
50.0,23.157894736842106,1.6842105263157894,0.9031469575480789,0.06005146378185098
50.0,26.315789473684212,1.6842105263157894,0.914470741187469,0.05348179118653607
50.0,29.473684210526315,1.6842105263157894,0.9151600541941096,0.048066206015151894
50.0,32.631578947368425,1.6842105263157894,0.892297099036414,0.04277962376756934
50.0,35.78947368421053,1.6842105263157894,0.92151290579804,0.03923161313413661
50.0,38.94736842105263,1.6842105263157894,0.9129513476774943,0.035780719606796615
50.0,42.10526315789474,1.6842105263157894,0.9147930676455466,0.03377635047620253
50.0,45.26315789473684,1.6842105263157894,0.91746226857301,0.030548775330000753
50.0,48.421052631578945,1.6842105263157894,0.9079854138313723,0.028848288674818794
50.0,51.578947368421055,1.6842105263157894,0.906013549935701,0.027122279635833187
50.0,54.73684210526316,1.6842105263157894,0.9083424850203452,0.025429377200898134
50.0,57.89473684210526,1.6842105263157894,0.9158766139106584,0.024058403429539858
50.0,61.05263157894737,1.6842105263157894,0.9179830210522295,0.02296202126432695
50.0,64.21052631578948,1.6842105263157894,0.9207870969414746,0.02174690618767552
50.0,67.36842105263159,1.6842105263157894,0.9122444950145049,0.020565348380326677
50.0,70.52631578947368,1.6842105263157894,0.9059392464807172,0.01987692744211841
50.0,73.68421052631578,1.6842105263157894,0.9032322049984212,0.019132201844129608
50.0,76.84210526315789,1.6842105263157894,0.8980697190581431,0.017968927059882796
50.0,80.0,1.6842105263157894,0.9001051999971957,0.017393188370607562
50.0,20.0,1.8157894736842104,0.9069764919202535,0.07169969282849824
50.0,23.157894736842106,1.8157894736842104,0.9037670144838259,0.06158790067342578
50.0,26.315789473684212,1.8157894736842104,0.8866071227794435,0.053881566006186786
50.0,29.473684210526315,1.8157894736842104,0.8989999290188526,0.04839203905798721
50.0,32.631578947368425,1.8157894736842104,0.9054558664462232,0.04403040298051427
50.0,35.78947368421053,1.8157894736842104,0.8951770027193402,0.03984810389689226
50.0,38.94736842105263,1.8157894736842104,0.9049717307744358,0.036781346856551
50.0,42.10526315789474,1.8157894736842104,0.893673161183005,0.033395372016863545
50.0,45.26315789473684,1.8157894736842104,0.9092170901788499,0.031396586166386325
50.0,48.421052631578945,1.8157894736842104,0.8997728382582657,0.028959544958328764
50.0,51.578947368421055,1.8157894736842104,0.8870621558280415,0.027593083742184207
50.0,54.73684210526316,1.8157894736842104,0.8970505645005435,0.02583566192956307
50.0,57.89473684210526,1.8157894736842104,0.8983325531039265,0.024491402371720636
50.0,61.05263157894737,1.8157894736842104,0.9062141242782294,0.023449686277592245
50.0,64.21052631578948,1.8157894736842104,0.8910040343697188,0.022357462039546118
50.0,67.36842105263159,1.8157894736842104,0.8953263272763962,0.02087999985028151
50.0,70.52631578947368,1.8157894736842104,0.8994687047619941,0.020025854517639153
50.0,73.68421052631578,1.8157894736842104,0.9032757367696893,0.01915934701217943
50.0,76.84210526315789,1.8157894736842104,0.8977712773485808,0.01856194514165374
50.0,80.0,1.8157894736842104,0.9065300263488074,0.01784881512107756
50.0,20.0,1.9473684210526314,0.8886902666630482,0.07303096353315272
50.0,23.157894736842106,1.9473684210526314,0.8969172533817205,0.06209601795349854
50.0,26.315789473684212,1.9473684210526314,0.8974707927710487,0.05492005465784727
50.0,29.473684210526315,1.9473684210526314,0.908701161797435,0.04952175959899232
50.0,32.631578947368425,1.9473684210526314,0.8829048981861192,0.04422646333110565
50.0,35.78947368421053,1.9473684210526314,0.8862909369458253,0.040849012019464295
50.0,38.94736842105263,1.9473684210526314,0.8845466478107774,0.03716626956592647
50.0,42.10526315789474,1.9473684210526314,0.8761947340267616,0.03439096136769937
50.0,45.26315789473684,1.9473684210526314,0.8797551505288106,0.032224112978470866
50.0,48.421052631578945,1.9473684210526314,0.8786058655701984,0.030360541699890026
50.0,51.578947368421055,1.9473684210526314,0.8867080068071905,0.02802891496779141
50.0,54.73684210526316,1.9473684210526314,0.8766047358721699,0.02652682192210749
50.0,57.89473684210526,1.9473684210526314,0.9024582131840484,0.025008768184074635
50.0,61.05263157894737,1.9473684210526314,0.9013343316775836,0.023836579742813682
50.0,64.21052631578948,1.9473684210526314,0.8908958704600366,0.02246012377917441
50.0,67.36842105263159,1.9473684210526314,0.9112398035231577,0.02136080727567745
50.0,70.52631578947368,1.9473684210526314,0.8895839586156445,0.020476518540683934
50.0,73.68421052631578,1.9473684210526314,0.8828163965635342,0.019687374951339837
50.0,76.84210526315789,1.9473684210526314,0.8930796321884633,0.018859019152802418
50.0,80.0,1.9473684210526314,0.8863169216295873,0.01795697163399968
50.0,20.0,2.0789473684210527,1.3296275167095502,0.0815271810415524
50.0,23.157894736842106,2.0789473684210527,1.3207603544299844,0.07071635547133458
50.0,26.315789473684212,2.0789473684210527,1.3186057423011608,0.06186151583357399
50.0,29.473684210526315,2.0789473684210527,1.31256408208191,0.054738496720570635
50.0,32.631578947368425,2.0789473684210527,1.3331782015659401,0.05064110672474858
50.0,35.78947368421053,2.0789473684210527,1.315263491033428,0.04464201776454172
50.0,38.94736842105263,2.0789473684210527,1.3129779225958944,0.042357520300905956
50.0,42.10526315789474,2.0789473684210527,1.3108792277523853,0.03890083252188329
50.0,45.26315789473684,2.0789473684210527,1.3166504765677098,0.03599962471541853
50.0,48.421052631578945,2.0789473684210527,1.3075349851584224,0.03317055121839232
50.0,51.578947368421055,2.0789473684210527,1.3086247273796987,0.03197988763421465
50.0,54.73684210526316,2.0789473684210527,1.3283104519985882,0.029805460310606564
50.0,57.89473684210526,2.0789473684210527,1.3081300072412767,0.028177380582901382
50.0,61.05263157894737,2.0789473684210527,1.3256917061543922,0.02716430807991035
50.0,64.21052631578948,2.0789473684210527,1.34297537381806,0.0258526221786294
50.0,67.36842105263159,2.0789473684210527,1.3207834891070078,0.024530032924157414
50.0,70.52631578947368,2.0789473684210527,1.3030200057366321,0.02297987532082863
50.0,73.68421052631578,2.0789473684210527,1.3135377911534225,0.02217159507231149
50.0,76.84210526315789,2.0789473684210527,1.3189236770460186,0.02118612455388145
50.0,80.0,2.0789473684210527,1.316741717833525,0.02062499017766721
50.0,20.0,2.2105263157894735,1.2983148102839197,0.08022263278122736
50.0,23.157894736842106,2.2105263157894735,1.3026497293830535,0.06800111668833403
50.0,26.315789473684212,2.2105263157894735,1.2920445361943316,0.060870443984879695
50.0,29.473684210526315,2.2105263157894735,1.2901832629634435,0.05459063719090187
50.0,32.631578947368425,2.2105263157894735,1.3049542258737115,0.04960859175576573
50.0,35.78947368421053,2.2105263157894735,1.2940148668984266,0.04449100229691359
50.0,38.94736842105263,2.2105263157894735,1.3066543573266438,0.04097079185149948
50.0,42.10526315789474,2.2105263157894735,1.2974231256360917,0.038053054640030844
50.0,45.26315789473684,2.2105263157894735,1.2771724909692628,0.03469550531731486
50.0,48.421052631578945,2.2105263157894735,1.2825217961607136,0.03281065505057959
50.0,51.578947368421055,2.2105263157894735,1.3059767006158154,0.030704055424890235
50.0,54.73684210526316,2.2105263157894735,1.271970429995939,0.028517240921132975
50.0,57.89473684210526,2.2105263157894735,1.3178480671675592,0.02768218169546428
50.0,61.05263157894737,2.2105263157894735,1.2967186571870455,0.025977778917352066
50.0,64.21052631578948,2.2105263157894735,1.3021546897774596,0.024617607050401925
50.0,67.36842105263159,2.2105263157894735,1.2947334644455517,0.023594762855759396
50.0,70.52631578947368,2.2105263157894735,1.313317896656871,0.02309403462101445
50.0,73.68421052631578,2.2105263157894735,1.2920861450554941,0.021244311455869757
50.0,76.84210526315789,2.2105263157894735,1.2912991160478602,0.020735299226512842
50.0,80.0,2.2105263157894735,1.301291481845113,0.01989049549445412
50.0,20.0,2.3421052631578947,1.2672732105715971,0.07829300333192898
50.0,23.157894736842106,2.3421052631578947,1.2721318292857384,0.0679454185564685
50.0,26.315789473684212,2.3421052631578947,1.284146941521913,0.05862728528300968
50.0,29.473684210526315,2.3421052631578947,1.2937563709622009,0.0532664162222795
50.0,32.631578947368425,2.3421052631578947,1.2774124835614213,0.047925527317812196
50.0,35.78947368421053,2.3421052631578947,1.2879567204166067,0.043414415680374616
50.0,38.94736842105263,2.3421052631578947,1.292729272972635,0.040755935335590285
50.0,42.10526315789474,2.3421052631578947,1.277102709733211,0.03678920550172238
50.0,45.26315789473684,2.3421052631578947,1.285558908793391,0.03440306255605101
50.0,48.421052631578945,2.3421052631578947,1.2862547443595311,0.03273384063184564
50.0,51.578947368421055,2.3421052631578947,1.2808236023233674,0.030563323662523848
50.0,54.73684210526316,2.3421052631578947,1.2951840373378025,0.028397241167303768
50.0,57.89473684210526,2.3421052631578947,1.2917319752302172,0.027185378068389634
50.0,61.05263157894737,2.3421052631578947,1.2572312338820166,0.024695072012680584
50.0,64.21052631578948,2.3421052631578947,1.2655148984091475,0.0243982799144511
50.0,67.36842105263159,2.3421052631578947,1.2823134831513283,0.023077388692792217
50.0,70.52631578947368,2.3421052631578947,1.2692609653254923,0.022257180659237978
50.0,73.68421052631578,2.3421052631578947,1.2706530324538994,0.020937159612081
50.0,76.84210526315789,2.3421052631578947,1.281139053592636,0.020242359967114792
50.0,80.0,2.3421052631578947,1.2789032405681267,0.019603521314574757
50.0,20.0,2.473684210526316,1.2635552942319768,0.07728964213962577
50.0,23.157894736842106,2.473684210526316,1.2665389861784597,0.06675546528105704
50.0,26.315789473684212,2.473684210526316,1.281634862528078,0.0595872471762555
50.0,29.473684210526315,2.473684210526316,1.2545902568519294,0.05264196494089097
50.0,32.631578947368425,2.473684210526316,1.2602072877269686,0.046838228064684566
50.0,35.78947368421053,2.473684210526316,1.272769903194274,0.043166657087356355
50.0,38.94736842105263,2.473684210526316,1.2572654207951266,0.03959679174337568
50.0,42.10526315789474,2.473684210526316,1.2549436313276958,0.03633696216320191
50.0,45.26315789473684,2.473684210526316,1.2712853832635782,0.034368164513457714
50.0,48.421052631578945,2.473684210526316,1.2841888199548854,0.032535939964616394
50.0,51.578947368421055,2.473684210526316,1.2759924561067104,0.03051472309585309
50.0,54.73684210526316,2.473684210526316,1.2672682415819676,0.02789332926375277
50.0,57.89473684210526,2.473684210526316,1.2714265994806087,0.02618092327180796
50.0,61.05263157894737,2.473684210526316,1.2627569898086477,0.025600645825585962
50.0,64.21052631578948,2.473684210526316,1.2484964568799903,0.02365812399876552
50.0,67.36842105263159,2.473684210526316,1.2665542239080676,0.022878042990664545
50.0,70.52631578947368,2.473684210526316,1.2720872249466415,0.021713389378382478
50.0,73.68421052631578,2.473684210526316,1.2620361082055587,0.02039543597046446
50.0,76.84210526315789,2.473684210526316,1.261777140465417,0.020378225965605748
50.0,80.0,2.473684210526316,1.2820015538688074,0.019234078342562435
50.0,20.0,2.6052631578947367,2.028334550682726,0.10342234718189341
50.0,23.157894736842106,2.6052631578947367,2.041300543061189,0.08965064383410565
50.0,26.315789473684212,2.6052631578947367,2.0471525252542104,0.07867256726746881
50.0,29.473684210526315,2.6052631578947367,2.031370520049719,0.06988201634132904
50.0,32.631578947368425,2.6052631578947367,2.0400291792256318,0.06331313463238573
50.0,35.78947368421053,2.6052631578947367,2.0178739040959712,0.056504765972215334
50.0,38.94736842105263,2.6052631578947367,2.033377485892984,0.05331360576804385
50.0,42.10526315789474,2.6052631578947367,2.021289896134554,0.049179762098051395
50.0,45.26315789473684,2.6052631578947367,2.0484239243295477,0.04548367362255589
50.0,48.421052631578945,2.6052631578947367,2.0475149463406486,0.042929383361937856
50.0,51.578947368421055,2.6052631578947367,2.040265115827745,0.04016223776949423
50.0,54.73684210526316,2.6052631578947367,2.0437518151962584,0.037663971224382975
50.0,57.89473684210526,2.6052631578947367,2.032059362559264,0.03547706630941825
50.0,61.05263157894737,2.6052631578947367,2.0522017222635895,0.03371896942867955
50.0,64.21052631578948,2.6052631578947367,2.0659938854206343,0.03290994532638527
50.0,67.36842105263159,2.6052631578947367,1.998097554172621,0.030571378349097476
50.0,70.52631578947368,2.6052631578947367,2.010430540130872,0.028554209936274954
50.0,73.68421052631578,2.6052631578947367,2.0698241815865863,0.02845427527843696
50.0,76.84210526315789,2.6052631578947367,2.0504586895142505,0.026770792476082723
50.0,80.0,2.6052631578947367,2.056762862160333,0.026287247408082602
50.0,20.0,2.736842105263158,2.0029713628740935,0.09722775871956885
50.0,23.157894736842106,2.736842105263158,1.972954554393675,0.08414883284654393
50.0,26.315789473684212,2.736842105263158,1.9837741691274522,0.07424662926138895
50.0,29.473684210526315,2.736842105263158,2.0025924697740236,0.06576657120367475
50.0,32.631578947368425,2.736842105263158,2.0194490294068204,0.06006724669518464
50.0,35.78947368421053,2.736842105263158,2.0066303173892,0.054807766625125716
50.0,38.94736842105263,2.736842105263158,2.0121342547904653,0.05063493857273123
50.0,42.10526315789474,2.736842105263158,2.007420509234497,0.045987296195807735
50.0,45.26315789473684,2.736842105263158,2.028982757935402,0.04279594237202847
50.0,48.421052631578945,2.736842105263158,1.9892351664296253,0.04015287256291574
50.0,51.578947368421055,2.736842105263158,1.9768050287530416,0.037580585976404866
50.0,54.73684210526316,2.736842105263158,1.986133147458611,0.03508047826051443
50.0,57.89473684210526,2.736842105263158,2.015746128234024,0.034240951759397245
50.0,61.05263157894737,2.736842105263158,1.9680848989564228,0.03196734992790038
50.0,64.21052631578948,2.736842105263158,2.0567659993908296,0.03120564629919617
50.0,67.36842105263159,2.736842105263158,2.004726477579543,0.029322303344027908
50.0,70.52631578947368,2.736842105263158,2.01020036531343,0.027581176365614447
50.0,73.68421052631578,2.736842105263158,2.015883910429455,0.026703021941275218
50.0,76.84210526315789,2.736842105263158,2.021981996049712,0.025534559860873652
50.0,80.0,2.736842105263158,1.9746517916811472,0.02451883156536532
50.0,20.0,2.8684210526315788,1.9706140374947605,0.09182279342535915
50.0,23.157894736842106,2.8684210526315788,1.9770014109165872,0.07976210900703798
50.0,26.315789473684212,2.8684210526315788,1.9651291921255167,0.06980978053704183
50.0,29.473684210526315,2.8684210526315788,1.9927846002165204,0.06326676539416393
50.0,32.631578947368425,2.8684210526315788,1.979725115992319,0.0570808523531174
50.0,35.78947368421053,2.8684210526315788,1.980211660494004,0.05119109748321168
50.0,38.94736842105263,2.8684210526315788,1.9783554405878254,0.047346956411304375
50.0,42.10526315789474,2.8684210526315788,2.010799493715126,0.04442851517746977
50.0,45.26315789473684,2.8684210526315788,1.965966471220254,0.04112421373992573
50.0,48.421052631578945,2.8684210526315788,1.9385246099354758,0.037661967236170955
50.0,51.578947368421055,2.8684210526315788,1.979172303467461,0.03588075761912873
50.0,54.73684210526316,2.8684210526315788,2.0076570517959915,0.03393708498858145
50.0,57.89473684210526,2.8684210526315788,2.023547892837302,0.03212662100441341
50.0,61.05263157894737,2.8684210526315788,1.9548453775720604,0.030276192445272767
50.0,64.21052631578948,2.8684210526315788,1.9814385125115825,0.028919327915158093
50.0,67.36842105263159,2.8684210526315788,1.9450652507447719,0.02728566916492548
50.0,70.52631578947368,2.8684210526315788,1.9568324470326428,0.02588834608167935
50.0,73.68421052631578,2.8684210526315788,2.0044682530280373,0.02519626038950446
50.0,76.84210526315789,2.8684210526315788,2.0009740253784476,0.024309874012784456
50.0,80.0,2.8684210526315788,2.023280617691018,0.02342774514787729
50.0,20.0,3.0,1.9644394811841162,0.08884843496407563
50.0,23.157894736842106,3.0,1.9448618459784048,0.07545952038697444
50.0,26.315789473684212,3.0,1.9749352702029184,0.06745080073887728
50.0,29.473684210526315,3.0,1.9617389431405337,0.059721738845903635
50.0,32.631578947368425,3.0,1.9462906870528989,0.053303772331176794
50.0,35.78947368421053,3.0,1.9784277706613256,0.0498868740627524
50.0,38.94736842105263,3.0,1.9709343001759982,0.04546267074897748
50.0,42.10526315789474,3.0,1.9547388050954952,0.042167088408025154
50.0,45.26315789473684,3.0,1.9460627452781014,0.03928649912833369
50.0,48.421052631578945,3.0,2.0007766485861405,0.036699762515659026
50.0,51.578947368421055,3.0,1.9871286630829692,0.03460418630762161
50.0,54.73684210526316,3.0,1.9751716321696131,0.03308946154701632
50.0,57.89473684210526,3.0,1.9588741728393446,0.030538426266041873
50.0,61.05263157894737,3.0,1.9858968785545354,0.029650575709908707
50.0,64.21052631578948,3.0,1.9685442092428145,0.027943837603172674
50.0,67.36842105263159,3.0,1.953211219384868,0.026371753617964372
50.0,70.52631578947368,3.0,1.942327659348427,0.024835432063764356
50.0,73.68421052631578,3.0,1.9865122149771448,0.024458245367083208
50.0,76.84210526315789,3.0,1.9600211602173576,0.022868256234314113
50.0,80.0,3.0,1.9491685187489518,0.02239195788348277
100.0,20.0,0.5,,
100.0,23.157894736842106,0.5,,
100.0,26.315789473684212,0.5,,
100.0,29.473684210526315,0.5,,
100.0,32.631578947368425,0.5,,
100.0,35.78947368421053,0.5,35379207.25719324,4280793.5942143565
100.0,38.94736842105263,0.5,,
100.0,42.10526315789474,0.5,,
100.0,45.26315789473684,0.5,,
100.0,48.421052631578945,0.5,,
100.0,51.578947368421055,0.5,,
100.0,54.73684210526316,0.5,,
100.0,57.89473684210526,0.5,,
100.0,61.05263157894737,0.5,,
100.0,64.21052631578948,0.5,,
100.0,67.36842105263159,0.5,,
100.0,70.52631578947368,0.5,24648982.109204415,1513489.0896644527
100.0,73.68421052631578,0.5,,
100.0,76.84210526315789,0.5,37980619.55551631,2140396.7971071783
100.0,80.0,0.5,39541466.93451011,2140396.7971071783
100.0,20.0,0.631578947368421,,
100.0,23.157894736842106,0.631578947368421,,
100.0,26.315789473684212,0.631578947368421,,
100.0,29.473684210526315,0.631578947368421,,
100.0,32.631578947368425,0.631578947368421,,
100.0,35.78947368421053,0.631578947368421,35379207.257193275,4280793.5942143565
100.0,38.94736842105263,0.631578947368421,,
100.0,42.10526315789474,0.631578947368421,,
100.0,45.26315789473684,0.631578947368421,,
100.0,48.421052631578945,0.631578947368421,,
100.0,51.578947368421055,0.631578947368421,36053735.025403485,3026978.1793289054
100.0,54.73684210526316,0.631578947368421,38261106.55757103,3026978.1793289054
100.0,57.89473684210526,0.631578947368421,,
100.0,61.05263157894737,0.631578947368421,42675849.62190615,3026978.1793289054
100.0,64.21052631578948,0.631578947368421,,
100.0,67.36842105263159,0.631578947368421,,
100.0,70.52631578947368,0.631578947368421,34858924.79752869,2140396.7971071783
100.0,73.68421052631578,0.631578947368421,,
100.0,76.84210526315789,0.631578947368421,37980619.55551632,2140396.7971071783
100.0,80.0,0.631578947368421,27960039.40745578,1513489.0896644527
100.0,20.0,0.763157894736842,,
100.0,23.157894736842106,0.763157894736842,22892428.225242693,4280793.5942143565
100.0,26.315789473684212,0.763157894736842,,
100.0,29.473684210526315,0.763157894736842,,
100.0,32.631578947368425,0.763157894736842,22809505.83239812,3026978.1793289054
100.0,35.78947368421053,0.763157894736842,25016877.364565678,3026978.1793289054
100.0,38.94736842105263,0.763157894736842,,
100.0,42.10526315789474,0.763157894736842,41622596.77316851,4280793.5942143565
100.0,45.26315789473684,0.763157894736842,31638991.961068347,3026978.1793289054
100.0,48.421052631578945,0.763157894736842,,
100.0,51.578947368421055,0.763157894736842,20815633.62220815,1747626.6666666667
100.0,54.73684210526316,0.763157894736842,,
100.0,57.89473684210526,0.763157894736842,40468478.089738585,3026978.1793289054
100.0,61.05263157894737,0.763157894736842,30176382.660547193,2140396.7971071783
100.0,64.21052631578948,0.763157894736842,,
100.0,67.36842105263159,0.763157894736842,,
100.0,70.52631578947368,0.763157894736842,34858924.79752869,2140396.7971071783
100.0,73.68421052631578,0.763157894736842,,
100.0,76.84210526315789,0.763157894736842,37980619.55551628,2140396.7971071783
100.0,80.0,0.763157894736842,,
100.0,20.0,0.8947368421052632,,
100.0,23.157894736842106,0.8947368421052632,,
100.0,26.315789473684212,0.8947368421052632,,
100.0,29.473684210526315,0.8947368421052632,29135817.741217997,4280793.5942143565
100.0,32.631578947368425,0.8947368421052632,,
100.0,35.78947368421053,0.8947368421052632,,
100.0,38.94736842105263,0.8947368421052632,,
100.0,42.10526315789474,0.8947368421052632,,
100.0,45.26315789473684,0.8947368421052632,31638991.96106836,3026978.1793289054
100.0,48.421052631578945,0.8947368421052632,,
100.0,51.578947368421055,0.8947368421052632,,
100.0,54.73684210526316,0.8947368421052632,22090060.170506593,1747626.6666666667
100.0,57.89473684210526,0.8947368421052632,28615535.281553395,2140396.7971071783
100.0,61.05263157894737,0.8947368421052632,,
100.0,64.21052631578948,0.8947368421052632,,
100.0,67.36842105263159,0.8947368421052632,,
100.0,70.52631578947368,0.8947368421052632,,
100.0,73.68421052631578,0.8947368421052632,,
100.0,76.84210526315789,0.8947368421052632,,
100.0,80.0,0.8947368421052632,39541466.934510134,2140396.7971071783
100.0,20.0,1.026315789473684,,
100.0,23.157894736842106,1.026315789473684,,
100.0,26.315789473684212,1.026315789473684,36789525.53612599,6053956.358657811
100.0,29.473684210526315,1.026315789473684,,
100.0,32.631578947368425,1.026315789473684,,
100.0,35.78947368421053,1.026315789473684,,
100.0,38.94736842105263,1.026315789473684,,
100.0,42.10526315789474,1.026315789473684,,
100.0,45.26315789473684,1.026315789473684,31638991.961068366,3026978.1793289054
100.0,48.421052631578945,1.026315789473684,,
100.0,51.578947368421055,1.026315789473684,,
100.0,54.73684210526316,1.026315789473684,27054687.90255956,2140396.7971071783
100.0,57.89473684210526,1.026315789473684,28615535.28155338,2140396.7971071783
100.0,61.05263157894737,1.026315789473684,,
100.0,64.21052631578948,1.026315789473684,,
100.0,67.36842105263159,1.026315789473684,,
100.0,70.52631578947368,1.026315789473684,24648982.10920442,1513489.0896644527
100.0,73.68421052631578,1.026315789473684,18209886.088261243,1070198.3985535891
100.0,76.84210526315789,1.026315789473684,,
100.0,80.0,1.026315789473684,27960039.407455754,1513489.0896644527
100.0,20.0,1.1578947368421053,,
100.0,23.157894736842106,1.1578947368421053,,
100.0,26.315789473684212,1.1578947368421053,36789525.536125995,6053956.358657811
100.0,29.473684210526315,1.1578947368421053,20602134.300230544,3026978.1793289054
100.0,32.631578947368425,1.1578947368421053,,
100.0,35.78947368421053,1.1578947368421053,35379207.25719325,4280793.5942143565
100.0,38.94736842105263,1.1578947368421053,38500902.01518091,4280793.5942143565
100.0,42.10526315789474,1.1578947368421053,,
100.0,45.26315789473684,1.1578947368421053,,
100.0,48.421052631578945,1.1578947368421053,,
100.0,51.578947368421055,1.1578947368421053,,
100.0,54.73684210526316,1.1578947368421053,,
100.0,57.89473684210526,1.1578947368421053,,
100.0,61.05263157894737,1.1578947368421053,17422342.652236074,1235758.6669824421
100.0,64.21052631578948,1.1578947368421053,,
100.0,67.36842105263159,1.1578947368421053,33298077.41853487,2140396.7971071783
100.0,70.52631578947368,1.1578947368421053,34858924.79752868,2140396.7971071783
100.0,73.68421052631578,1.1578947368421053,,
100.0,76.84210526315789,1.1578947368421053,,
100.0,80.0,1.1578947368421053,27960039.407455757,1513489.0896644527
100.0,20.0,1.2894736842105263,,
100.0,23.157894736842106,1.2894736842105263,,
100.0,26.315789473684212,1.2894736842105263,,
100.0,29.473684210526315,1.2894736842105263,,
100.0,32.631578947368425,1.2894736842105263,,
100.0,35.78947368421053,1.2894736842105263,25016877.364565663,3026978.1793289054
100.0,38.94736842105263,1.2894736842105263,,
100.0,42.10526315789474,1.2894736842105263,,
100.0,45.26315789473684,1.2894736842105263,,
100.0,48.421052631578945,1.2894736842105263,23932993.144571897,2140396.7971071783
100.0,51.578947368421055,1.2894736842105263,,
100.0,54.73684210526316,1.2894736842105263,,
100.0,57.89473684210526,1.2894736842105263,,
100.0,61.05263157894737,1.2894736842105263,21337924.810953066,1513489.0896644527
100.0,64.21052631578948,1.2894736842105263,,
100.0,67.36842105263159,1.2894736842105263,,
100.0,70.52631578947368,1.2894736842105263,,
100.0,73.68421052631578,1.2894736842105263,,
100.0,76.84210526315789,1.2894736842105263,,
100.0,80.0,1.2894736842105263,,
100.0,20.0,1.4210526315789473,27960039.40745575,6053956.358657811
100.0,23.157894736842106,1.4210526315789473,,
100.0,26.315789473684212,1.4210526315789473,,
100.0,29.473684210526315,1.4210526315789473,,
100.0,32.631578947368425,1.4210526315789473,,
100.0,35.78947368421053,1.4210526315789473,,
100.0,38.94736842105263,1.4210526315789473,,
100.0,42.10526315789474,1.4210526315789473,,
100.0,45.26315789473684,1.4210526315789473,,
100.0,48.421052631578945,1.4210526315789473,,
100.0,51.578947368421055,1.4210526315789473,,
100.0,54.73684210526316,1.4210526315789473,,
100.0,57.89473684210526,1.4210526315789473,20234239.044869293,1513489.0896644527
100.0,61.05263157894737,1.4210526315789473,,
100.0,64.21052631578948,1.4210526315789473,31737230.039541036,2140396.7971071783
100.0,67.36842105263159,1.4210526315789473,,
100.0,70.52631578947368,1.4210526315789473,,
100.0,73.68421052631578,1.4210526315789473,,
100.0,76.84210526315789,1.4210526315789473,,
100.0,80.0,1.4210526315789473,,
100.0,20.0,1.5526315789473684,0.4622651840450773,0.034970485974398294
100.0,23.157894736842106,1.5526315789473684,0.4661109774583702,0.030237101254404486
100.0,26.315789473684212,1.5526315789473684,0.4648300790159074,0.026930863595863892
100.0,29.473684210526315,1.5526315789473684,0.45942530877394605,0.023810341279038413
100.0,32.631578947368425,1.5526315789473684,0.4713306888746789,0.021733105135415418
100.0,35.78947368421053,1.5526315789473684,0.4643232441974775,0.01964690743591241
100.0,38.94736842105263,1.5526315789473684,0.45787985567630735,0.018148761315046485
100.0,42.10526315789474,1.5526315789473684,0.4537298536856802,0.01650255072371718
100.0,45.26315789473684,1.5526315789473684,0.4644169178002307,0.015552987585180046
100.0,48.421052631578945,1.5526315789473684,0.4692890159398376,0.014553093292518474
100.0,51.578947368421055,1.5526315789473684,0.46546064560007167,0.013521115671142465
100.0,54.73684210526316,1.5526315789473684,0.4601192035335374,0.01271939076236138
100.0,57.89473684210526,1.5526315789473684,0.4664729449970146,0.012328781767199495
100.0,61.05263157894737,1.5526315789473684,0.45722928855125394,0.011660314311387926
100.0,64.21052631578948,1.5526315789473684,0.4631116480102406,0.011093748480204862
100.0,67.36842105263159,1.5526315789473684,0.46069610954980245,0.010217075083927869
100.0,70.52631578947368,1.5526315789473684,0.4600111913126124,0.009861300190559329
100.0,73.68421052631578,1.5526315789473684,0.4577130765215999,0.00957665765829156
100.0,76.84210526315789,1.5526315789473684,0.4586258399842646,0.009034815565567704
100.0,80.0,1.5526315789473684,0.46197201432371937,0.008740852938080891
100.0,20.0,1.6842105263157894,0.45402614314939677,0.034551203408056626
100.0,23.157894736842106,1.6842105263157894,0.45939499004353546,0.031018936386076088
100.0,26.315789473684212,1.6842105263157894,0.45290784858237493,0.026409973442546173
100.0,29.473684210526315,1.6842105263157894,0.45238838886813726,0.023920843119491518
100.0,32.631578947368425,1.6842105263157894,0.45991264720095787,0.021950474161096408
100.0,35.78947368421053,1.6842105263157894,0.45944973745861833,0.0195738420582076
100.0,38.94736842105263,1.6842105263157894,0.4557135827354392,0.017793572730059052
100.0,42.10526315789474,1.6842105263157894,0.45309302729735523,0.017058772070195523
100.0,45.26315789473684,1.6842105263157894,0.4625075320075864,0.015474839487728136
100.0,48.421052631578945,1.6842105263157894,0.4558244944381622,0.014323402848739711
100.0,51.578947368421055,1.6842105263157894,0.4555238218711842,0.013631251329034623
100.0,54.73684210526316,1.6842105263157894,0.4601813254892972,0.012872103714724097
100.0,57.89473684210526,1.6842105263157894,0.4564876317351992,0.012105472156457178
100.0,61.05263157894737,1.6842105263157894,0.4520732611262547,0.011474998370006281
100.0,64.21052631578948,1.6842105263157894,0.45659673042242743,0.010795062982427661
100.0,67.36842105263159,1.6842105263157894,0.45397052739474475,0.010580985111942179
100.0,70.52631578947368,1.6842105263157894,0.4560776998574207,0.010080790517871228
100.0,73.68421052631578,1.6842105263157894,0.45671933719076974,0.00962421555585644
100.0,76.84210526315789,1.6842105263157894,0.45615642389804256,0.009111949515484592
100.0,80.0,1.6842105263157894,0.46148830755275444,0.008741463350113833
100.0,20.0,1.8157894736842104,0.4436039825324698,0.03552125552657335
100.0,23.157894736842106,1.8157894736842104,0.4516946062223421,0.030779638172063205
100.0,26.315789473684212,1.8157894736842104,0.4465197727291518,0.02695273059969528
100.0,29.473684210526315,1.8157894736842104,0.4616709876795895,0.024130087256393557
100.0,32.631578947368425,1.8157894736842104,0.4526941200507638,0.02167040403290068
100.0,35.78947368421053,1.8157894736842104,0.44745862492195837,0.020047243680029216
100.0,38.94736842105263,1.8157894736842104,0.4537796427113628,0.018216971932386222
100.0,42.10526315789474,1.8157894736842104,0.4495739009971618,0.01669270176842861
100.0,45.26315789473684,1.8157894736842104,0.4543563418449754,0.01577019959686858
100.0,48.421052631578945,1.8157894736842104,0.4528765194871819,0.014657886043402811
100.0,51.578947368421055,1.8157894736842104,0.45633800399282176,0.013883616713349948
100.0,54.73684210526316,1.8157894736842104,0.44990002138008495,0.012786762866468454
100.0,57.89473684210526,1.8157894736842104,0.44736106529598235,0.012388411948980358
100.0,61.05263157894737,1.8157894736842104,0.4505864440235744,0.01154111023663704
100.0,64.21052631578948,1.8157894736842104,0.44903612714324087,0.010867972769731345
100.0,67.36842105263159,1.8157894736842104,0.4501660397481068,0.010583636176471381
100.0,70.52631578947368,1.8157894736842104,0.4453635707813435,0.010035581687129569
100.0,73.68421052631578,1.8157894736842104,0.44992748770281715,0.00970324088891018
100.0,76.84210526315789,1.8157894736842104,0.4539179911675661,0.00932108570187384
100.0,80.0,1.8157894736842104,0.44947355123322486,0.008996358107976908
100.0,20.0,1.9473684210526314,0.44513501759074187,0.03648766681761343
100.0,23.157894736842106,1.9473684210526314,0.4311875923635295,0.03106385463566173
100.0,26.315789473684212,1.9473684210526314,0.4431542250473384,0.0268921363680575
100.0,29.473684210526315,1.9473684210526314,0.4414125825403462,0.024650188447106054
100.0,32.631578947368425,1.9473684210526314,0.44444262303181553,0.022333167484264654
100.0,35.78947368421053,1.9473684210526314,0.4511035546956483,0.020121583504040357
100.0,38.94736842105263,1.9473684210526314,0.45233320065048255,0.018652292623109648
100.0,42.10526315789474,1.9473684210526314,0.45137060046142297,0.017162498772306998
100.0,45.26315789473684,1.9473684210526314,0.44441608676862604,0.016260865907649278
100.0,48.421052631578945,1.9473684210526314,0.43465210168423,0.01525468124623086
100.0,51.578947368421055,1.9473684210526314,0.45059037044700534,0.01395546160816791
100.0,54.73684210526316,1.9473684210526314,0.4461380804945791,0.013113338893113264
100.0,57.89473684210526,1.9473684210526314,0.44723961222359093,0.01260496960671057
100.0,61.05263157894737,1.9473684210526314,0.44491997071189915,0.011835244643412091
100.0,64.21052631578948,1.9473684210526314,0.4464094208155158,0.01121905745030974
100.0,67.36842105263159,1.9473684210526314,0.4417053906285986,0.010674828798102519
100.0,70.52631578947368,1.9473684210526314,0.4467685893387179,0.010054927470143379
100.0,73.68421052631578,1.9473684210526314,0.43811061000780366,0.009762421946044259
100.0,76.84210526315789,1.9473684210526314,0.44118770267635576,0.009275913728458093
100.0,80.0,1.9473684210526314,0.44460761052741915,0.008957204250181058
100.0,20.0,2.0789473684210527,0.6581033679797988,0.040856995692053005
100.0,23.157894736842106,2.0789473684210527,0.6659380107020393,0.035187213979458995
100.0,26.315789473684212,2.0789473684210527,0.6604381869038415,0.031161078472051934
100.0,29.473684210526315,2.0789473684210527,0.6627243489110177,0.027947073668619087
100.0,32.631578947368425,2.0789473684210527,0.6525104101176926,0.025074765951883873
100.0,35.78947368421053,2.0789473684210527,0.64895779938594,0.022319388838181544
100.0,38.94736842105263,2.0789473684210527,0.654483474599623,0.0208623822076168
100.0,42.10526315789474,2.0789473684210527,0.6569309017104096,0.019421738177367785
100.0,45.26315789473684,2.0789473684210527,0.6664457405158034,0.018228206270279778
100.0,48.421052631578945,2.0789473684210527,0.6639496271045027,0.01706041110899184
100.0,51.578947368421055,2.0789473684210527,0.665489029341843,0.01589299875514651
100.0,54.73684210526316,2.0789473684210527,0.6478905403015952,0.014852137952949188
100.0,57.89473684210526,2.0789473684210527,0.6517727330140195,0.014135044193771273
100.0,61.05263157894737,2.0789473684210527,0.6546559785263564,0.013264016602546542
100.0,64.21052631578948,2.0789473684210527,0.6540872480333999,0.012409874155893503
100.0,67.36842105263159,2.0789473684210527,0.6633682142048516,0.01217520185322225
100.0,70.52631578947368,2.0789473684210527,0.6656097922385846,0.011698766094808697
100.0,73.68421052631578,2.0789473684210527,0.6537117673980556,0.011156770677898786
100.0,76.84210526315789,2.0789473684210527,0.6612632616042713,0.010686553519378967
100.0,80.0,2.0789473684210527,0.6678285308545344,0.01036543393251396
100.0,20.0,2.2105263157894735,0.6540116699424071,0.040087019948113964
100.0,23.157894736842106,2.2105263157894735,0.650791444958807,0.03450987490941895
100.0,26.315789473684212,2.2105263157894735,0.6548003067634524,0.03025116168719579
100.0,29.473684210526315,2.2105263157894735,0.650761868485484,0.027199646357452943
100.0,32.631578947368425,2.2105263157894735,0.6457709241297958,0.024058276713560853
100.0,35.78947368421053,2.2105263157894735,0.6511759869269027,0.022199292413913805
100.0,38.94736842105263,2.2105263157894735,0.6498082255800316,0.020465132491043564
100.0,42.10526315789474,2.2105263157894735,0.6505802744676246,0.019132666717644867
100.0,45.26315789473684,2.2105263157894735,0.6483449555093824,0.01765854066018986
100.0,48.421052631578945,2.2105263157894735,0.6462987926066746,0.016304940023433447
100.0,51.578947368421055,2.2105263157894735,0.6469310912105966,0.015433220656177419
100.0,54.73684210526316,2.2105263157894735,0.6590824279247518,0.015052405855829941
100.0,57.89473684210526,2.2105263157894735,0.6496959159276876,0.013525409365527418
100.0,61.05263157894737,2.2105263157894735,0.6563488557807737,0.01307007446642585
100.0,64.21052631578948,2.2105263157894735,0.6423956564310391,0.012338821657408789
100.0,67.36842105263159,2.2105263157894735,0.6472442981930985,0.011773579603080701
100.0,70.52631578947368,2.2105263157894735,0.6553539131709711,0.011296392698306394
100.0,73.68421052631578,2.2105263157894735,0.6455952535024423,0.010765394136359826
100.0,76.84210526315789,2.2105263157894735,0.6544495800262866,0.010343237946325834
100.0,80.0,2.2105263157894735,0.6466328963977326,0.009905616976495737
100.0,20.0,2.3421052631578947,0.6412751948450427,0.039132764632518566
100.0,23.157894736842106,2.3421052631578947,0.6353580385411115,0.03400451075828573
100.0,26.315789473684212,2.3421052631578947,0.6240999576954815,0.02883296155657245
100.0,29.473684210526315,2.3421052631578947,0.6497490360908594,0.026900319498755244
100.0,32.631578947368425,2.3421052631578947,0.6255782837003424,0.02339569710681656
100.0,35.78947368421053,2.3421052631578947,0.630343140082209,0.022030548790868756
100.0,38.94736842105263,2.3421052631578947,0.6327273446478958,0.019933498761873433
100.0,42.10526315789474,2.3421052631578947,0.6507299153125743,0.018833615918039507
100.0,45.26315789473684,2.3421052631578947,0.6480275002863303,0.01749920422990369
100.0,48.421052631578945,2.3421052631578947,0.6320888566739703,0.016049021697282288
100.0,51.578947368421055,2.3421052631578947,0.6359987717528781,0.015043843046823026
100.0,54.73684210526316,2.3421052631578947,0.6482033577883193,0.014558624529730332
100.0,57.89473684210526,2.3421052631578947,0.6410955791726621,0.013713564900547313
100.0,61.05263157894737,2.3421052631578947,0.6449666809823195,0.012555301700737835
100.0,64.21052631578948,2.3421052631578947,0.6467920416092092,0.012083775858164414
100.0,67.36842105263159,2.3421052631578947,0.6478293786290185,0.011887183605421837
100.0,70.52631578947368,2.3421052631578947,0.6452239069712202,0.010998641518226476
100.0,73.68421052631578,2.3421052631578947,0.6349737623400104,0.010454997310577216
100.0,76.84210526315789,2.3421052631578947,0.6409547586502786,0.010186608102297927
100.0,80.0,2.3421052631578947,0.6502319587379141,0.009837991593211678
100.0,20.0,2.473684210526316,0.6264240188704057,0.03813008939549219
100.0,23.157894736842106,2.473684210526316,0.6235124702468428,0.03354097154606592
100.0,26.315789473684212,2.473684210526316,0.6366116983043654,0.02937668622213025
100.0,29.473684210526315,2.473684210526316,0.6265814132760021,0.025751483428136886
100.0,32.631578947368425,2.473684210526316,0.643966782502903,0.023378888115013544
100.0,35.78947368421053,2.473684210526316,0.6399484519940648,0.02184099607574378
100.0,38.94736842105263,2.473684210526316,0.6357977848228553,0.01978782162232239
100.0,42.10526315789474,2.473684210526316,0.6270861860983588,0.017964039839456908
100.0,45.26315789473684,2.473684210526316,0.6232213898899982,0.017100607671240907
100.0,48.421052631578945,2.473684210526316,0.6319960291980943,0.01578518706576316
100.0,51.578947368421055,2.473684210526316,0.6270814479861075,0.015015229992732306
100.0,54.73684210526316,2.473684210526316,0.6327291768664035,0.013995151372516942
100.0,57.89473684210526,2.473684210526316,0.6330846424944525,0.0134463108605268
100.0,61.05263157894737,2.473684210526316,0.6393901387014339,0.012962215146243182
100.0,64.21052631578948,2.473684210526316,0.6369327750086563,0.012081813728489588
100.0,67.36842105263159,2.473684210526316,0.635848037760783,0.01154390844702906
100.0,70.52631578947368,2.473684210526316,0.646014183581845,0.01102470162678568
100.0,73.68421052631578,2.473684210526316,0.639680780212814,0.010401271641255322
100.0,76.84210526315789,2.473684210526316,0.6357428819550323,0.009945447824232699
100.0,80.0,2.473684210526316,0.6268201433676931,0.009351796630646081
100.0,20.0,2.6052631578947367,1.0202187148552704,0.05117385751103542
100.0,23.157894736842106,2.6052631578947367,1.0218327743740576,0.04481908969891937
100.0,26.315789473684212,2.6052631578947367,1.015614140345173,0.039000486764833885
100.0,29.473684210526315,2.6052631578947367,1.0098645409347666,0.034378742267887674
100.0,32.631578947368425,2.6052631578947367,1.0086581110655033,0.03143484655983757
100.0,35.78947368421053,2.6052631578947367,1.0120002902680478,0.028934356228946623
100.0,38.94736842105263,2.6052631578947367,1.0211562017077613,0.02660440964079179
100.0,42.10526315789474,2.6052631578947367,1.0236615030443073,0.02468284817271567
100.0,45.26315789473684,2.6052631578947367,1.0278358289939042,0.022825425179839924
100.0,48.421052631578945,2.6052631578947367,1.0181564818158613,0.021534308864898686
100.0,51.578947368421055,2.6052631578947367,1.0188527753200955,0.020247566767815712
100.0,54.73684210526316,2.6052631578947367,1.016368070404444,0.018955262256107618
100.0,57.89473684210526,2.6052631578947367,1.0322772755399856,0.0179441254966621
100.0,61.05263157894737,2.6052631578947367,1.0152598557494381,0.016880780815382176
100.0,64.21052631578948,2.6052631578947367,1.009771372169988,0.016036115283383293
100.0,67.36842105263159,2.6052631578947367,1.011076820504996,0.01510721947634035
100.0,70.52631578947368,2.6052631578947367,1.0226329985649156,0.01439890872041526
100.0,73.68421052631578,2.6052631578947367,1.0082028403091792,0.013910253621140324
100.0,76.84210526315789,2.6052631578947367,1.0263397727261023,0.013550722063117596
100.0,80.0,2.6052631578947367,1.0014643555640155,0.012775194347999501
100.0,20.0,2.736842105263158,0.979833158495767,0.048134706613792134
100.0,23.157894736842106,2.736842105263158,1.032020971265499,0.04233904588831059
100.0,26.315789473684212,2.736842105263158,1.0195997188530495,0.03745911757275011
100.0,29.473684210526315,2.736842105263158,1.003146246597249,0.03308444656368103
100.0,32.631578947368425,2.736842105263158,1.0094478565152116,0.030275205001339265
100.0,35.78947368421053,2.736842105263158,0.9933869401942518,0.027020076578202386
100.0,38.94736842105263,2.736842105263158,1.005633668164032,0.025187612516447723
100.0,42.10526315789474,2.736842105263158,0.9945626713652658,0.02293044707913812
100.0,45.26315789473684,2.736842105263158,0.9980887980296923,0.02137729038332975
100.0,48.421052631578945,2.736842105263158,1.0030635869318656,0.020119881297484998
100.0,51.578947368421055,2.736842105263158,0.9910266548532778,0.019065610272938436
100.0,54.73684210526316,2.736842105263158,1.0147546258533342,0.018187538935298654
100.0,57.89473684210526,2.736842105263158,0.9797013108579906,0.016687635921089
100.0,61.05263157894737,2.736842105263158,1.0140134815639599,0.01643101260351754
100.0,64.21052631578948,2.736842105263158,1.0139617493549526,0.015350124458634944
100.0,67.36842105263159,2.736842105263158,1.0182734059105607,0.014427073021463992
100.0,70.52631578947368,2.736842105263158,1.0106762898071064,0.013797503151776146
100.0,73.68421052631578,2.736842105263158,1.0022222408956074,0.013427610033918756
100.0,76.84210526315789,2.736842105263158,1.0021945805525516,0.012876653212312888
100.0,80.0,2.736842105263158,1.0192635667663055,0.012330178570723731
100.0,20.0,2.8684210526315788,0.9882925138639395,0.046413042492681626
100.0,23.157894736842106,2.8684210526315788,0.9875330051458577,0.040514675839462846
100.0,26.315789473684212,2.8684210526315788,1.001925275066949,0.03531609799633666
100.0,29.473684210526315,2.8684210526315788,1.0087423991524702,0.03146681292777761
100.0,32.631578947368425,2.8684210526315788,1.0040573432793787,0.028514789699762184
100.0,35.78947368421053,2.8684210526315788,0.9999372223487669,0.025864081855751512
100.0,38.94736842105263,2.8684210526315788,0.9954913898974282,0.02411998405957134
100.0,42.10526315789474,2.8684210526315788,0.9990167145756977,0.0220704029653771
100.0,45.26315789473684,2.8684210526315788,0.9796715928370142,0.020230165659629738
100.0,48.421052631578945,2.8684210526315788,0.990197228412116,0.019005868365408594
100.0,51.578947368421055,2.8684210526315788,0.9936877198909886,0.01785657550385692
100.0,54.73684210526316,2.8684210526315788,0.9779654950225168,0.016581837931175816
100.0,57.89473684210526,2.8684210526315788,0.9827001956513586,0.015891551742756794
100.0,61.05263157894737,2.8684210526315788,0.9898758245528751,0.015263856497101042
100.0,64.21052631578948,2.8684210526315788,0.9959914216935853,0.014365406379186495
100.0,67.36842105263159,2.8684210526315788,0.9860348819432467,0.013548357370566198
100.0,70.52631578947368,2.8684210526315788,0.9798981569424909,0.012982270679248935
100.0,73.68421052631578,2.8684210526315788,0.9802721604312271,0.012552369710324321
100.0,76.84210526315789,2.8684210526315788,1.0048680680823028,0.012272151957577223
100.0,80.0,2.8684210526315788,0.9909314044573243,0.011851732598970282
100.0,20.0,3.0,0.9617023854919199,0.043891710880388284
100.0,23.157894736842106,3.0,0.983878320932795,0.03826941610436872
100.0,26.315789473684212,3.0,0.9650099727799434,0.033859291062782085
100.0,29.473684210526315,3.0,0.9889041294472762,0.03053569895452922
100.0,32.631578947368425,3.0,0.9755608303135462,0.027507593139299454
100.0,35.78947368421053,3.0,0.965279780791775,0.02450348414111896
100.0,38.94736842105263,3.0,0.9895661756609235,0.022967330899821396
100.0,42.10526315789474,3.0,0.985181896332317,0.021377830682647682
100.0,45.26315789473684,3.0,0.972003462128939,0.019727829163471305
100.0,48.421052631578945,3.0,0.9865803666521299,0.018246236209682434
100.0,51.578947368421055,3.0,0.9831811271789958,0.01737771891436463
100.0,54.73684210526316,3.0,0.9608754508573525,0.015987451647419732
100.0,57.89473684210526,3.0,0.96700358442669,0.015153981100372306
100.0,61.05263157894737,3.0,0.9907812708753474,0.014689365357985538
100.0,64.21052631578948,3.0,0.9700405218037389,0.013693373220066335
100.0,67.36842105263159,3.0,0.9851378705643696,0.012924979475409283
100.0,70.52631578947368,3.0,0.9799526587592156,0.012610420854570158
100.0,73.68421052631578,3.0,0.9870760752551057,0.0120018992769392
100.0,76.84210526315789,3.0,1.000525588490627,0.01163132492375746
100.0,80.0,3.0,0.9834876617758321,0.011043017764865739
inf,20.0,0.5,0.0,0.0
inf,23.157894736842106,0.5,0.0,0.0
inf,26.315789473684212,0.5,0.0,0.0
inf,29.473684210526315,0.5,0.0,0.0
inf,32.631578947368425,0.5,0.0,0.0
inf,35.78947368421053,0.5,0.0,0.0
inf,38.94736842105263,0.5,0.0,0.0
inf,42.10526315789474,0.5,0.0,0.0
inf,45.26315789473684,0.5,0.0,0.0
inf,48.421052631578945,0.5,0.0,0.0
inf,51.578947368421055,0.5,0.0,0.0
inf,54.73684210526316,0.5,0.0,0.0
inf,57.89473684210526,0.5,0.0,0.0
inf,61.05263157894737,0.5,0.0,0.0
inf,64.21052631578948,0.5,0.0,0.0
inf,67.36842105263159,0.5,0.0,0.0
inf,70.52631578947368,0.5,0.0,0.0
inf,73.68421052631578,0.5,0.0,0.0
inf,76.84210526315789,0.5,0.0,0.0
inf,80.0,0.5,0.0,0.0
inf,20.0,0.631578947368421,0.0,0.0
inf,23.157894736842106,0.631578947368421,0.0,0.0
inf,26.315789473684212,0.631578947368421,0.0,0.0
inf,29.473684210526315,0.631578947368421,0.0,0.0
inf,32.631578947368425,0.631578947368421,0.0,0.0
inf,35.78947368421053,0.631578947368421,0.0,0.0
inf,38.94736842105263,0.631578947368421,0.0,0.0
inf,42.10526315789474,0.631578947368421,0.0,0.0
inf,45.26315789473684,0.631578947368421,0.0,0.0
inf,48.421052631578945,0.631578947368421,0.0,0.0
inf,51.578947368421055,0.631578947368421,0.0,0.0
inf,54.73684210526316,0.631578947368421,0.0,0.0
inf,57.89473684210526,0.631578947368421,0.0,0.0
inf,61.05263157894737,0.631578947368421,0.0,0.0
inf,64.21052631578948,0.631578947368421,0.0,0.0
inf,67.36842105263159,0.631578947368421,0.0,0.0
inf,70.52631578947368,0.631578947368421,0.0,0.0
inf,73.68421052631578,0.631578947368421,0.0,0.0
inf,76.84210526315789,0.631578947368421,0.0,0.0
inf,80.0,0.631578947368421,0.0,0.0
inf,20.0,0.763157894736842,0.0,0.0
inf,23.157894736842106,0.763157894736842,0.0,0.0
inf,26.315789473684212,0.763157894736842,0.0,0.0
inf,29.473684210526315,0.763157894736842,0.0,0.0
inf,32.631578947368425,0.763157894736842,0.0,0.0
inf,35.78947368421053,0.763157894736842,0.0,0.0
inf,38.94736842105263,0.763157894736842,0.0,0.0
inf,42.10526315789474,0.763157894736842,0.0,0.0
inf,45.26315789473684,0.763157894736842,0.0,0.0
inf,48.421052631578945,0.763157894736842,0.0,0.0
inf,51.578947368421055,0.763157894736842,0.0,0.0
inf,54.73684210526316,0.763157894736842,0.0,0.0
inf,57.89473684210526,0.763157894736842,0.0,0.0
inf,61.05263157894737,0.763157894736842,0.0,0.0
inf,64.21052631578948,0.763157894736842,0.0,0.0
inf,67.36842105263159,0.763157894736842,0.0,0.0
inf,70.52631578947368,0.763157894736842,0.0,0.0
inf,73.68421052631578,0.763157894736842,0.0,0.0
inf,76.84210526315789,0.763157894736842,0.0,0.0
inf,80.0,0.763157894736842,0.0,0.0
inf,20.0,0.8947368421052632,0.0,0.0
inf,23.157894736842106,0.8947368421052632,0.0,0.0
inf,26.315789473684212,0.8947368421052632,0.0,0.0
inf,29.473684210526315,0.8947368421052632,0.0,0.0
inf,32.631578947368425,0.8947368421052632,0.0,0.0
inf,35.78947368421053,0.8947368421052632,0.0,0.0
inf,38.94736842105263,0.8947368421052632,0.0,0.0
inf,42.10526315789474,0.8947368421052632,0.0,0.0
inf,45.26315789473684,0.8947368421052632,0.0,0.0
inf,48.421052631578945,0.8947368421052632,0.0,0.0
inf,51.578947368421055,0.8947368421052632,0.0,0.0
inf,54.73684210526316,0.8947368421052632,0.0,0.0
inf,57.89473684210526,0.8947368421052632,0.0,0.0
inf,61.05263157894737,0.8947368421052632,0.0,0.0
inf,64.21052631578948,0.8947368421052632,0.0,0.0
inf,67.36842105263159,0.8947368421052632,0.0,0.0
inf,70.52631578947368,0.8947368421052632,0.0,0.0
inf,73.68421052631578,0.8947368421052632,0.0,0.0
inf,76.84210526315789,0.8947368421052632,0.0,0.0
inf,80.0,0.8947368421052632,0.0,0.0
inf,20.0,1.026315789473684,0.0,0.0
inf,23.157894736842106,1.026315789473684,0.0,0.0
inf,26.315789473684212,1.026315789473684,0.0,0.0
inf,29.473684210526315,1.026315789473684,0.0,0.0
inf,32.631578947368425,1.026315789473684,0.0,0.0
inf,35.78947368421053,1.026315789473684,0.0,0.0
inf,38.94736842105263,1.026315789473684,0.0,0.0
inf,42.10526315789474,1.026315789473684,0.0,0.0
inf,45.26315789473684,1.026315789473684,0.0,0.0
inf,48.421052631578945,1.026315789473684,0.0,0.0
inf,51.578947368421055,1.026315789473684,0.0,0.0
inf,54.73684210526316,1.026315789473684,0.0,0.0
inf,57.89473684210526,1.026315789473684,0.0,0.0
inf,61.05263157894737,1.026315789473684,0.0,0.0
inf,64.21052631578948,1.026315789473684,0.0,0.0
inf,67.36842105263159,1.026315789473684,0.0,0.0
inf,70.52631578947368,1.026315789473684,0.0,0.0
inf,73.68421052631578,1.026315789473684,0.0,0.0
inf,76.84210526315789,1.026315789473684,0.0,0.0
inf,80.0,1.026315789473684,0.0,0.0
inf,20.0,1.1578947368421053,0.0,0.0
inf,23.157894736842106,1.1578947368421053,0.0,0.0
inf,26.315789473684212,1.1578947368421053,0.0,0.0
inf,29.473684210526315,1.1578947368421053,0.0,0.0
inf,32.631578947368425,1.1578947368421053,0.0,0.0
inf,35.78947368421053,1.1578947368421053,0.0,0.0
inf,38.94736842105263,1.1578947368421053,0.0,0.0
inf,42.10526315789474,1.1578947368421053,0.0,0.0
inf,45.26315789473684,1.1578947368421053,0.0,0.0
inf,48.421052631578945,1.1578947368421053,0.0,0.0
inf,51.578947368421055,1.1578947368421053,0.0,0.0
inf,54.73684210526316,1.1578947368421053,0.0,0.0
inf,57.89473684210526,1.1578947368421053,0.0,0.0
inf,61.05263157894737,1.1578947368421053,0.0,0.0
inf,64.21052631578948,1.1578947368421053,0.0,0.0
inf,67.36842105263159,1.1578947368421053,0.0,0.0
inf,70.52631578947368,1.1578947368421053,0.0,0.0
inf,73.68421052631578,1.1578947368421053,0.0,0.0
inf,76.84210526315789,1.1578947368421053,0.0,0.0
inf,80.0,1.1578947368421053,0.0,0.0
inf,20.0,1.2894736842105263,0.0,0.0
inf,23.157894736842106,1.2894736842105263,0.0,0.0
inf,26.315789473684212,1.2894736842105263,0.0,0.0
inf,29.473684210526315,1.2894736842105263,0.0,0.0
inf,32.631578947368425,1.2894736842105263,0.0,0.0
inf,35.78947368421053,1.2894736842105263,0.0,0.0
inf,38.94736842105263,1.2894736842105263,0.0,0.0
inf,42.10526315789474,1.2894736842105263,0.0,0.0
inf,45.26315789473684,1.2894736842105263,0.0,0.0
inf,48.421052631578945,1.2894736842105263,0.0,0.0
inf,51.578947368421055,1.2894736842105263,0.0,0.0
inf,54.73684210526316,1.2894736842105263,0.0,0.0
inf,57.89473684210526,1.2894736842105263,0.0,0.0
inf,61.05263157894737,1.2894736842105263,0.0,0.0
inf,64.21052631578948,1.2894736842105263,0.0,0.0
inf,67.36842105263159,1.2894736842105263,0.0,0.0
inf,70.52631578947368,1.2894736842105263,0.0,0.0
inf,73.68421052631578,1.2894736842105263,0.0,0.0
inf,76.84210526315789,1.2894736842105263,0.0,0.0
inf,80.0,1.2894736842105263,0.0,0.0
inf,20.0,1.4210526315789473,0.0,0.0
inf,23.157894736842106,1.4210526315789473,0.0,0.0
inf,26.315789473684212,1.4210526315789473,0.0,0.0
inf,29.473684210526315,1.4210526315789473,0.0,0.0
inf,32.631578947368425,1.4210526315789473,0.0,0.0
inf,35.78947368421053,1.4210526315789473,0.0,0.0
inf,38.94736842105263,1.4210526315789473,0.0,0.0
inf,42.10526315789474,1.4210526315789473,0.0,0.0
inf,45.26315789473684,1.4210526315789473,0.0,0.0
inf,48.421052631578945,1.4210526315789473,0.0,0.0
inf,51.578947368421055,1.4210526315789473,0.0,0.0
inf,54.73684210526316,1.4210526315789473,0.0,0.0
inf,57.89473684210526,1.4210526315789473,0.0,0.0
inf,61.05263157894737,1.4210526315789473,0.0,0.0
inf,64.21052631578948,1.4210526315789473,0.0,0.0
inf,67.36842105263159,1.4210526315789473,0.0,0.0
inf,70.52631578947368,1.4210526315789473,0.0,0.0
inf,73.68421052631578,1.4210526315789473,0.0,0.0
inf,76.84210526315789,1.4210526315789473,0.0,0.0
inf,80.0,1.4210526315789473,0.0,0.0
inf,20.0,1.5526315789473684,0.0,0.0
inf,23.157894736842106,1.5526315789473684,0.0,0.0
inf,26.315789473684212,1.5526315789473684,0.0,0.0
inf,29.473684210526315,1.5526315789473684,0.0,0.0
inf,32.631578947368425,1.5526315789473684,0.0,0.0
inf,35.78947368421053,1.5526315789473684,0.0,0.0
inf,38.94736842105263,1.5526315789473684,0.0,0.0
inf,42.10526315789474,1.5526315789473684,0.0,0.0
inf,45.26315789473684,1.5526315789473684,0.0,0.0
inf,48.421052631578945,1.5526315789473684,0.0,0.0
inf,51.578947368421055,1.5526315789473684,0.0,0.0
inf,54.73684210526316,1.5526315789473684,0.0,0.0
inf,57.89473684210526,1.5526315789473684,0.0,0.0
inf,61.05263157894737,1.5526315789473684,0.0,0.0
inf,64.21052631578948,1.5526315789473684,0.0,0.0
inf,67.36842105263159,1.5526315789473684,0.0,0.0
inf,70.52631578947368,1.5526315789473684,0.0,0.0
inf,73.68421052631578,1.5526315789473684,0.0,0.0
inf,76.84210526315789,1.5526315789473684,0.0,0.0
inf,80.0,1.5526315789473684,0.0,0.0
inf,20.0,1.6842105263157894,0.0,0.0
inf,23.157894736842106,1.6842105263157894,0.0,0.0
inf,26.315789473684212,1.6842105263157894,0.0,0.0
inf,29.473684210526315,1.6842105263157894,0.0,0.0
inf,32.631578947368425,1.6842105263157894,0.0,0.0
inf,35.78947368421053,1.6842105263157894,0.0,0.0
inf,38.94736842105263,1.6842105263157894,0.0,0.0
inf,42.10526315789474,1.6842105263157894,0.0,0.0
inf,45.26315789473684,1.6842105263157894,0.0,0.0
inf,48.421052631578945,1.6842105263157894,0.0,0.0
inf,51.578947368421055,1.6842105263157894,0.0,0.0
inf,54.73684210526316,1.6842105263157894,0.0,0.0
inf,57.89473684210526,1.6842105263157894,0.0,0.0
inf,61.05263157894737,1.6842105263157894,0.0,0.0
inf,64.21052631578948,1.6842105263157894,0.0,0.0
inf,67.36842105263159,1.6842105263157894,0.0,0.0
inf,70.52631578947368,1.6842105263157894,0.0,0.0
inf,73.68421052631578,1.6842105263157894,0.0,0.0
inf,76.84210526315789,1.6842105263157894,0.0,0.0
inf,80.0,1.6842105263157894,0.0,0.0
inf,20.0,1.8157894736842104,0.0,0.0
inf,23.157894736842106,1.8157894736842104,0.0,0.0
inf,26.315789473684212,1.8157894736842104,0.0,0.0
inf,29.473684210526315,1.8157894736842104,0.0,0.0
inf,32.631578947368425,1.8157894736842104,0.0,0.0
inf,35.78947368421053,1.8157894736842104,0.0,0.0
inf,38.94736842105263,1.8157894736842104,0.0,0.0
inf,42.10526315789474,1.8157894736842104,0.0,0.0
inf,45.26315789473684,1.8157894736842104,0.0,0.0
inf,48.421052631578945,1.8157894736842104,0.0,0.0
inf,51.578947368421055,1.8157894736842104,0.0,0.0
inf,54.73684210526316,1.8157894736842104,0.0,0.0
inf,57.89473684210526,1.8157894736842104,0.0,0.0
inf,61.05263157894737,1.8157894736842104,0.0,0.0
inf,64.21052631578948,1.8157894736842104,0.0,0.0
inf,67.36842105263159,1.8157894736842104,0.0,0.0
inf,70.52631578947368,1.8157894736842104,0.0,0.0
inf,73.68421052631578,1.8157894736842104,0.0,0.0
inf,76.84210526315789,1.8157894736842104,0.0,0.0
inf,80.0,1.8157894736842104,0.0,0.0
inf,20.0,1.9473684210526314,0.0,0.0
inf,23.157894736842106,1.9473684210526314,0.0,0.0
inf,26.315789473684212,1.9473684210526314,0.0,0.0
inf,29.473684210526315,1.9473684210526314,0.0,0.0
inf,32.631578947368425,1.9473684210526314,0.0,0.0
inf,35.78947368421053,1.9473684210526314,0.0,0.0
inf,38.94736842105263,1.9473684210526314,0.0,0.0
inf,42.10526315789474,1.9473684210526314,0.0,0.0
inf,45.26315789473684,1.9473684210526314,0.0,0.0
inf,48.421052631578945,1.9473684210526314,0.0,0.0
inf,51.578947368421055,1.9473684210526314,0.0,0.0
inf,54.73684210526316,1.9473684210526314,0.0,0.0
inf,57.89473684210526,1.9473684210526314,0.0,0.0
inf,61.05263157894737,1.9473684210526314,0.0,0.0
inf,64.21052631578948,1.9473684210526314,0.0,0.0
inf,67.36842105263159,1.9473684210526314,0.0,0.0
inf,70.52631578947368,1.9473684210526314,0.0,0.0
inf,73.68421052631578,1.9473684210526314,0.0,0.0
inf,76.84210526315789,1.9473684210526314,0.0,0.0
inf,80.0,1.9473684210526314,0.0,0.0
inf,20.0,2.0789473684210527,0.0,0.0
inf,23.157894736842106,2.0789473684210527,0.0,0.0
inf,26.315789473684212,2.0789473684210527,0.0,0.0
inf,29.473684210526315,2.0789473684210527,0.0,0.0
inf,32.631578947368425,2.0789473684210527,0.0,0.0
inf,35.78947368421053,2.0789473684210527,0.0,0.0
inf,38.94736842105263,2.0789473684210527,0.0,0.0
inf,42.10526315789474,2.0789473684210527,0.0,0.0
inf,45.26315789473684,2.0789473684210527,0.0,0.0
inf,48.421052631578945,2.0789473684210527,0.0,0.0
inf,51.578947368421055,2.0789473684210527,0.0,0.0
inf,54.73684210526316,2.0789473684210527,0.0,0.0
inf,57.89473684210526,2.0789473684210527,0.0,0.0
inf,61.05263157894737,2.0789473684210527,0.0,0.0
inf,64.21052631578948,2.0789473684210527,0.0,0.0
inf,67.36842105263159,2.0789473684210527,0.0,0.0
inf,70.52631578947368,2.0789473684210527,0.0,0.0
inf,73.68421052631578,2.0789473684210527,0.0,0.0
inf,76.84210526315789,2.0789473684210527,0.0,0.0
inf,80.0,2.0789473684210527,0.0,0.0
inf,20.0,2.2105263157894735,0.0,0.0
inf,23.157894736842106,2.2105263157894735,0.0,0.0
inf,26.315789473684212,2.2105263157894735,0.0,0.0
inf,29.473684210526315,2.2105263157894735,0.0,0.0
inf,32.631578947368425,2.2105263157894735,0.0,0.0
inf,35.78947368421053,2.2105263157894735,0.0,0.0
inf,38.94736842105263,2.2105263157894735,0.0,0.0
inf,42.10526315789474,2.2105263157894735,0.0,0.0
inf,45.26315789473684,2.2105263157894735,0.0,0.0
inf,48.421052631578945,2.2105263157894735,0.0,0.0
inf,51.578947368421055,2.2105263157894735,0.0,0.0
inf,54.73684210526316,2.2105263157894735,0.0,0.0
inf,57.89473684210526,2.2105263157894735,0.0,0.0
inf,61.05263157894737,2.2105263157894735,0.0,0.0
inf,64.21052631578948,2.2105263157894735,0.0,0.0
inf,67.36842105263159,2.2105263157894735,0.0,0.0
inf,70.52631578947368,2.2105263157894735,0.0,0.0
inf,73.68421052631578,2.2105263157894735,0.0,0.0
inf,76.84210526315789,2.2105263157894735,0.0,0.0
inf,80.0,2.2105263157894735,0.0,0.0
inf,20.0,2.3421052631578947,0.0,0.0
inf,23.157894736842106,2.3421052631578947,0.0,0.0
inf,26.315789473684212,2.3421052631578947,0.0,0.0
inf,29.473684210526315,2.3421052631578947,0.0,0.0
inf,32.631578947368425,2.3421052631578947,0.0,0.0
inf,35.78947368421053,2.3421052631578947,0.0,0.0
inf,38.94736842105263,2.3421052631578947,0.0,0.0
inf,42.10526315789474,2.3421052631578947,0.0,0.0
inf,45.26315789473684,2.3421052631578947,0.0,0.0
inf,48.421052631578945,2.3421052631578947,0.0,0.0
inf,51.578947368421055,2.3421052631578947,0.0,0.0
inf,54.73684210526316,2.3421052631578947,0.0,0.0
inf,57.89473684210526,2.3421052631578947,0.0,0.0
inf,61.05263157894737,2.3421052631578947,0.0,0.0
inf,64.21052631578948,2.3421052631578947,0.0,0.0
inf,67.36842105263159,2.3421052631578947,0.0,0.0
inf,70.52631578947368,2.3421052631578947,0.0,0.0
inf,73.68421052631578,2.3421052631578947,0.0,0.0
inf,76.84210526315789,2.3421052631578947,0.0,0.0
inf,80.0,2.3421052631578947,0.0,0.0
inf,20.0,2.473684210526316,0.0,0.0
inf,23.157894736842106,2.473684210526316,0.0,0.0
inf,26.315789473684212,2.473684210526316,0.0,0.0
inf,29.473684210526315,2.473684210526316,0.0,0.0
inf,32.631578947368425,2.473684210526316,0.0,0.0
inf,35.78947368421053,2.473684210526316,0.0,0.0
inf,38.94736842105263,2.473684210526316,0.0,0.0
inf,42.10526315789474,2.473684210526316,0.0,0.0
inf,45.26315789473684,2.473684210526316,0.0,0.0
inf,48.421052631578945,2.473684210526316,0.0,0.0
inf,51.578947368421055,2.473684210526316,0.0,0.0
inf,54.73684210526316,2.473684210526316,0.0,0.0
inf,57.89473684210526,2.473684210526316,0.0,0.0
inf,61.05263157894737,2.473684210526316,0.0,0.0
inf,64.21052631578948,2.473684210526316,0.0,0.0
inf,67.36842105263159,2.473684210526316,0.0,0.0
inf,70.52631578947368,2.473684210526316,0.0,0.0
inf,73.68421052631578,2.473684210526316,0.0,0.0
inf,76.84210526315789,2.473684210526316,0.0,0.0
inf,80.0,2.473684210526316,0.0,0.0
inf,20.0,2.6052631578947367,0.0,0.0
inf,23.157894736842106,2.6052631578947367,0.0,0.0
inf,26.315789473684212,2.6052631578947367,0.0,0.0
inf,29.473684210526315,2.6052631578947367,0.0,0.0
inf,32.631578947368425,2.6052631578947367,0.0,0.0
inf,35.78947368421053,2.6052631578947367,0.0,0.0
inf,38.94736842105263,2.6052631578947367,0.0,0.0
inf,42.10526315789474,2.6052631578947367,0.0,0.0
inf,45.26315789473684,2.6052631578947367,0.0,0.0
inf,48.421052631578945,2.6052631578947367,0.0,0.0
inf,51.578947368421055,2.6052631578947367,0.0,0.0
inf,54.73684210526316,2.6052631578947367,0.0,0.0
inf,57.89473684210526,2.6052631578947367,0.0,0.0
inf,61.05263157894737,2.6052631578947367,0.0,0.0
inf,64.21052631578948,2.6052631578947367,0.0,0.0
inf,67.36842105263159,2.6052631578947367,0.0,0.0
inf,70.52631578947368,2.6052631578947367,0.0,0.0
inf,73.68421052631578,2.6052631578947367,0.0,0.0
inf,76.84210526315789,2.6052631578947367,0.0,0.0
inf,80.0,2.6052631578947367,0.0,0.0
inf,20.0,2.736842105263158,0.0,0.0
inf,23.157894736842106,2.736842105263158,0.0,0.0
inf,26.315789473684212,2.736842105263158,0.0,0.0
inf,29.473684210526315,2.736842105263158,0.0,0.0
inf,32.631578947368425,2.736842105263158,0.0,0.0
inf,35.78947368421053,2.736842105263158,0.0,0.0
inf,38.94736842105263,2.736842105263158,0.0,0.0
inf,42.10526315789474,2.736842105263158,0.0,0.0
inf,45.26315789473684,2.736842105263158,0.0,0.0
inf,48.421052631578945,2.736842105263158,0.0,0.0
inf,51.578947368421055,2.736842105263158,0.0,0.0
inf,54.73684210526316,2.736842105263158,0.0,0.0
inf,57.89473684210526,2.736842105263158,0.0,0.0
inf,61.05263157894737,2.736842105263158,0.0,0.0
inf,64.21052631578948,2.736842105263158,0.0,0.0
inf,67.36842105263159,2.736842105263158,0.0,0.0
inf,70.52631578947368,2.736842105263158,0.0,0.0
inf,73.68421052631578,2.736842105263158,0.0,0.0
inf,76.84210526315789,2.736842105263158,0.0,0.0
inf,80.0,2.736842105263158,0.0,0.0
inf,20.0,2.8684210526315788,0.0,0.0
inf,23.157894736842106,2.8684210526315788,0.0,0.0
inf,26.315789473684212,2.8684210526315788,0.0,0.0
inf,29.473684210526315,2.8684210526315788,0.0,0.0
inf,32.631578947368425,2.8684210526315788,0.0,0.0
inf,35.78947368421053,2.8684210526315788,0.0,0.0
inf,38.94736842105263,2.8684210526315788,0.0,0.0
inf,42.10526315789474,2.8684210526315788,0.0,0.0
inf,45.26315789473684,2.8684210526315788,0.0,0.0
inf,48.421052631578945,2.8684210526315788,0.0,0.0
inf,51.578947368421055,2.8684210526315788,0.0,0.0
inf,54.73684210526316,2.8684210526315788,0.0,0.0
inf,57.89473684210526,2.8684210526315788,0.0,0.0
inf,61.05263157894737,2.8684210526315788,0.0,0.0
inf,64.21052631578948,2.8684210526315788,0.0,0.0
inf,67.36842105263159,2.8684210526315788,0.0,0.0
inf,70.52631578947368,2.8684210526315788,0.0,0.0
inf,73.68421052631578,2.8684210526315788,0.0,0.0
inf,76.84210526315789,2.8684210526315788,0.0,0.0
inf,80.0,2.8684210526315788,0.0,0.0
inf,20.0,3.0,0.0,0.0
inf,23.157894736842106,3.0,0.0,0.0
inf,26.315789473684212,3.0,0.0,0.0
inf,29.473684210526315,3.0,0.0,0.0
inf,32.631578947368425,3.0,0.0,0.0
inf,35.78947368421053,3.0,0.0,0.0
inf,38.94736842105263,3.0,0.0,0.0
inf,42.10526315789474,3.0,0.0,0.0
inf,45.26315789473684,3.0,0.0,0.0
inf,48.421052631578945,3.0,0.0,0.0
inf,51.578947368421055,3.0,0.0,0.0
inf,54.73684210526316,3.0,0.0,0.0
inf,57.89473684210526,3.0,0.0,0.0
inf,61.05263157894737,3.0,0.0,0.0
inf,64.21052631578948,3.0,0.0,0.0
inf,67.36842105263159,3.0,0.0,0.0
inf,70.52631578947368,3.0,0.0,0.0
inf,73.68421052631578,3.0,0.0,0.0
inf,76.84210526315789,3.0,0.0,0.0
inf,80.0,3.0,0.0,0.0
