CBF,ATT,S1,S2,S3,S4
10.0,0.5,77.02504522309444,50.77803935409045,33.474946664133526,22.06804493478963
11.83673469387755,0.5,91.17250250896892,60.10461801096421,39.62340625550499,26.121359310567318
13.673469387755102,0.5,105.3199597948434,69.43119666783797,45.77186584687645,30.174673686345006
15.510204081632654,0.5,119.46741708071787,78.7577753247117,51.92032543824791,34.22798806212269
17.346938775510203,0.5,133.61487436659235,88.08435398158545,58.06878502961937,38.28130243790037
19.183673469387756,0.5,147.76233165246686,97.41093263845923,64.21724462099084,42.33461681367807
21.02040816326531,0.5,161.90978893834134,106.73751129533298,70.3657042123623,46.387931189455756
22.857142857142858,0.5,176.05724622421585,116.06408995220674,76.51416380373377,50.441245565233444
24.693877551020407,0.5,190.20470351009027,125.39066860908045,82.66262339510521,54.49455994101112
26.53061224489796,0.5,204.35216079596478,134.71724726595423,88.81108298647669,58.54787431678881
28.367346938775512,0.5,218.49961808183932,144.043825922828,94.95954257784815,62.60118869256651
30.20408163265306,0.5,232.64707536771374,153.37040457970176,101.10800216921962,66.65450306834418
32.04081632653062,0.5,246.7945326535883,162.69698323657553,107.25646176059111,70.70781744412189
33.87755102040816,0.5,260.9419899394627,172.02356189344925,113.40492135196251,74.76113181989955
35.714285714285715,0.5,275.08944722533727,181.35014055032303,119.55338094333402,78.81444619567726
37.55102040816327,0.5,289.2369045112117,190.67671920719678,125.70184053470547,82.86776057145495
39.38775510204081,0.5,303.38436179708617,200.0032978640705,131.85030012607692,86.92107494723261
41.22448979591837,0.5,317.53181908296074,209.32987652094434,137.99875971744845,90.97438932301033
43.06122448979592,0.5,331.67927636883513,218.65645517781803,144.14721930881984,95.02770369878799
44.89795918367347,0.5,345.82673365470964,227.98303383469178,150.2956789001913,99.08101807456566
46.734693877551024,0.5,359.9741909405841,237.30961249156553,156.44413849156277,103.13433245034335
48.57142857142857,0.5,374.1216482264586,246.6361911484393,162.59259808293422,107.18764682612104
50.40816326530612,0.5,388.26910551233317,255.9627698053131,168.74105767430572,111.24096120189876
52.244897959183675,0.5,402.41656279820756,265.2893484621868,174.88951726567717,115.29427557767642
54.08163265306123,0.5,416.5640200840821,274.6159271190606,181.03797685704862,119.3475899534541
55.91836734693878,0.5,430.71147736995664,283.9425057759343,187.1864364484201,123.40090432923182
57.755102040816325,0.5,444.858934655831,293.2690844328081,193.33489603979154,127.45421870500948
59.59183673469388,0.5,459.0063919417055,302.59566308968186,199.48335563116302,131.50753308078717
61.42857142857143,0.5,473.15384922758005,311.9222417465556,205.6318152225345,135.56084745656486
63.26530612244898,0.5,487.3013065134545,321.2488204034293,211.78027481390595,139.61416183234255
65.10204081632654,0.5,501.4487637993289,330.575399060303,217.9287344052774,143.6674762081202
66.93877551020408,0.5,515.5962210852034,339.90197771717686,224.07719399664887,147.72079058389792
68.77551020408163,0.5,529.7436783710779,349.2285563740505,230.2256535880203,151.77410495967558
70.61224489795919,0.5,543.8911356569524,358.5551350309243,236.37411317939177,155.82741933545327
72.44897959183675,0.5,558.0385929428271,367.8817136877982,242.5225727707633,159.88073371123102
74.28571428571429,0.5,572.1860502287013,377.20829234467186,248.67103236213472,163.93404808700865
76.12244897959184,0.5,586.3335075145759,386.53487100154564,254.8194919535062,167.98736246278636
77.95918367346938,0.5,600.4809648004504,395.8614496584194,260.9679515448776,172.04067683856402
79.79591836734694,0.5,614.6284220863249,405.18802831529314,267.1164111362491,176.09399121434174
81.63265306122449,0.5,628.7758793721995,414.5146069721669,273.26487072762063,180.14730559011943
83.46938775510205,0.5,642.9233366580738,423.8411856290407,279.41333031899205,184.20061996589712
85.3061224489796,0.5,657.0707939439483,433.16776428591436,285.5617899103635,188.25393434167478
87.14285714285714,0.5,671.2182512298228,442.4943429427882,291.71024950173495,192.3072487174525
88.9795918367347,0.5,685.3657085156973,451.820921599662,297.8587090931065,196.36056309323018
90.81632653061224,0.5,699.5131658015719,461.1475002565357,304.0071686844779,200.41387746900784
92.6530612244898,0.5,713.6606230874463,470.47407891340947,310.1556282758494,204.46719184478556
94.48979591836735,0.5,727.8080803733208,479.80065757028325,316.3040878672208,208.52050622056322
96.3265306122449,0.5,741.9555376591952,489.1272362271569,322.4525474585922,212.57382059634088
98.16326530612245,0.5,756.1029949450697,498.45381488403075,328.60100704996375,216.6271349721186
100.0,0.5,770.2504522309442,507.7803935409044,334.7494666413352,220.68044934789626
10.0,0.5510204081632653,77.93790756172268,51.379835297494,33.87167500111494,22.32958437367962
11.83673469387755,0.5510204081632653,92.25303344040641,60.816947903156155,40.093003062544206,26.430936605579955
13.673469387755102,0.5510204081632653,106.56815931909017,70.25406050881833,46.31433112397348,30.532288837480294
15.510204081632654,0.5510204081632653,120.88328519777394,79.69117311448048,52.53565918540274,34.63364106938063
17.346938775510203,0.5510204081632653,135.1984110764577,89.12828572014263,58.75698724683202,38.734993301280966
19.183673469387756,0.5510204081632653,149.51353695514146,98.56539832580481,64.9783153082613,42.83634553318131
21.02040816326531,0.5510204081632653,163.8286628338252,108.00251093146699,71.19964336969058,46.93769776508165
22.857142857142858,0.5510204081632653,178.14378871250898,117.43962353712914,77.42097143111985,51.03904999698199
24.693877551020407,0.5510204081632653,192.4589145911927,126.87673614279126,83.64229949254909,55.140402228882316
26.53061224489796,0.5510204081632653,206.77404046987647,136.31384874845347,89.86362755397839,59.241754460782666
28.367346938775512,0.5510204081632653,221.08916634856024,145.75096135411562,96.08495561540767,63.343106692683
30.20408163265306,0.5510204081632653,235.40429222724396,155.18807395977777,102.30628367683691,67.44445892458333
32.04081632653062,0.5510204081632653,249.71941810592776,164.62518656543995,108.52761173826622,71.5458111564837
33.87755102040816,0.5510204081632653,264.03454398461145,174.06229917110207,114.74893979969546,75.647163388384
35.714285714285715,0.5510204081632653,278.3496698632953,183.49941177676428,120.97026786112477,79.74851562028435
37.55102040816327,0.5510204081632653,292.664795741979,192.9365243824264,127.19159592255401,83.84986785218469
39.38775510204081,0.5510204081632653,306.97992162066276,202.37363698808858,133.41292398398326,87.95122008408502
41.22448979591837,0.5510204081632653,321.2950474993466,211.81074959375078,139.6342520454126,92.05257231598539
43.06122448979592,0.5510204081632653,335.61017337803025,221.24786219941288,145.8555801068418,96.1539245478857
44.89795918367347,0.5510204081632653,349.925299256714,230.68497480507503,152.07690816827107,100.25527677978603
46.734693877551024,0.5510204081632653,364.24042513539774,240.12208741073724,158.2982362297004,104.35662901168638
48.57142857142857,0.5510204081632653,378.5555510140815,249.5592000163994,164.51956429112965,108.4579812435867
50.40816326530612,0.5510204081632653,392.8706768927653,258.99631262206157,170.74089235255894,112.55933347548705
52.244897959183675,0.5510204081632653,407.18580277144906,268.4334252277237,176.9622204139882,116.66068570738739
54.08163265306123,0.5510204081632653,421.5009286501327,277.87053783338587,183.18354847541747,120.76203793928771
55.91836734693878,0.5510204081632653,435.8160545288165,287.307650439048,189.40487653684676,124.86339017118806
57.755102040816325,0.5510204081632653,450.13118040750027,296.74476304471017,195.626204598276,128.9647424030884
59.59183673469388,0.5510204081632653,464.44630628618404,306.1818756503723,201.84753265970528,133.06609463498873
61.42857142857143,0.5510204081632653,478.7614321648678,315.6189882560345,208.06886072113457,137.1674468668891
63.26530612244898,0.5510204081632653,493.0765580435516,325.0561008616966,214.2901887825638,141.2687990987894
65.10204081632654,0.5510204081632653,507.39168392223525,334.49321346735877,220.5115168439931,145.37015133068974
66.93877551020408,0.5510204081632653,521.7068098009191,343.93032607302104,226.73284490542238,149.4715035625901
68.77551020408163,0.5510204081632653,536.0219356796027,353.3674386786831,232.95417296685162,153.5728557944904
70.61224489795919,0.5510204081632653,550.3370615582866,362.80455128434534,239.1755010282809,157.67420802639077
72.44897959183675,0.5510204081632653,564.6521874369705,372.2416638900076,245.39682908971028,161.77556025829116
74.28571428571429,0.5510204081632653,578.9673133156541,381.6787764956696,251.61815715113943,165.87691249019144
76.12244897959184,0.5510204081632653,593.2824391943379,391.1158891013319,257.83948521256883,169.9782647220918
77.95918367346938,0.5510204081632653,607.5975650730215,400.55300170699394,264.06081327399795,174.0796169539921
79.79591836734694,0.5510204081632653,621.9126909517053,409.99011431265603,270.28214133542724,178.18096918589245
81.63265306122449,0.5510204081632653,636.2278168303892,419.42722691831835,276.50346939685664,182.28232141779284
83.46938775510205,0.5510204081632653,650.5429427090729,428.86433952398045,282.7247974582858,186.38367364969315
85.3061224489796,0.5510204081632653,664.8580685877566,438.30145212964254,288.94612551971505,190.48502588159343
87.14285714285714,0.5510204081632653,679.1731944664405,447.7385647353048,295.16745358114446,194.58637811349382
88.9795918367347,0.5510204081632653,693.4883203451242,457.175677340967,301.3887816425737,198.6877303453942
90.81632653061224,0.5510204081632653,707.8034462238079,466.6127899466291,307.610109704003,202.7890825772945
92.6530612244898,0.5510204081632653,722.1185721024917,476.0499025522913,313.83143776543227,206.89043480919483
94.48979591836735,0.5510204081632653,736.4336979811754,485.4870151579534,320.0527658268615,210.99178704109514
96.3265306122449,0.5510204081632653,750.748823859859,494.92412776361556,326.2740938882907,215.0931392729955
98.16326530612245,0.5510204081632653,765.063949738543,504.3612403692778,332.4954219497201,219.19449150489584
100.0,0.5510204081632653,779.3790756172266,513.7983529749399,338.7167500111493,223.2958437367962
10.0,0.6020408163265306,78.86158868853691,51.988763425639256,34.27310516406021,22.59422344728113
11.83673469387755,0.6020408163265306,93.34637028439066,61.53771997320566,40.56816529623454,26.744182855965427
13.673469387755102,0.6020408163265306,107.83115188024436,71.08667652077204,46.86322542840886,30.894142264649712
15.510204081632654,0.6020408163265306,122.31593347609808,80.63563306833844,53.15828556058318,35.044101673334005
17.346938775510203,0.6020408163265306,136.8007150719518,90.18458961590483,59.4533456927575,39.194061082018294
19.183673469387756,0.6020408163265306,151.28549666780557,99.73354616347125,65.74840582493184,43.34402049070258
21.02040816326531,0.6020408163265306,165.77027826365926,109.28250271103764,72.04346595710616,47.49397989938687
22.857142857142858,0.6020408163265306,180.25505985951298,118.83145925860401,78.33852608928049,51.64393930807117
24.693877551020407,0.6020408163265306,194.73984145536667,128.3804158061704,84.63358622145479,55.79389871675544
26.53061224489796,0.6020408163265306,209.22462305122042,137.9293723537368,90.92864635362913,59.943858125439746
28.367346938775512,0.6020408163265306,223.70940464707417,147.47832890130323,97.22370648580346,64.09381753412404
30.20408163265306,0.6020408163265306,238.19418624292786,157.02728544886958,103.51876661797778,68.24377694280832
32.04081632653062,0.6020408163265306,252.67896783878163,166.57624199643604,109.81382675015212,72.39373635149263
33.87755102040816,0.6020408163265306,267.1637494346353,176.1251985440024,116.10888688232642,76.5436957601769
35.714285714285715,0.6020408163265306,281.64853103048904,185.67415509156876,122.40394701450077,80.6936551688612
37.55102040816327,0.6020408163265306,296.1333126263428,195.22311163913517,128.69900714667506,84.84361457754548
39.38775510204081,0.6020408163265306,310.6180942221965,204.77206818670157,134.9940672788494,88.99357398622978
41.22448979591837,0.6020408163265306,325.1028758180502,214.32102473426798,141.28912741102374,93.14353339491407
43.06122448979592,0.6020408163265306,339.5876574139039,223.86998128183433,147.58418754319806,97.29349280359835
44.89795918367347,0.6020408163265306,354.0724390097576,233.41893782940073,153.87924767537237,101.44345221228264
46.734693877551024,0.6020408163265306,368.55722060561135,242.9678943769671,160.1743078075467,105.59341162096692
48.57142857142857,0.6020408163265306,383.0420022014651,252.51685092453351,166.46936793972102,109.74337102965123
50.40816326530612,0.6020408163265306,397.52678379731884,262.06580747209995,172.76442807189537,113.89333043833552
52.244897959183675,0.6020408163265306,412.01156539317253,271.61476401966627,179.05948820406965,118.04328984701979
54.08163265306123,0.6020408163265306,426.4963469890262,281.1637205672327,185.35454833624397,122.19324925570407
55.91836734693878,0.6020408163265306,440.98112858487997,290.71267711479913,191.64960846841834,126.34320866438838
57.755102040816325,0.6020408163265306,455.46591018073366,300.2616336623655,197.94466860059268,130.4931680730727
59.59183673469388,0.6020408163265306,469.95069177658735,309.8105902099319,204.23972873276696,134.64312748175695
61.42857142857143,0.6020408163265306,484.43547337244115,319.3595467574983,210.53478886494133,138.79308689044126
63.26530612244898,0.6020408163265306,498.92025496829484,328.9085033050647,216.8298489971156,142.94304629912554
65.10204081632654,0.6020408163265306,513.4050365641485,338.4574598526311,223.12490912928993,147.09300570780982
66.93877551020408,0.6020408163265306,527.8898181600023,348.00641640019745,229.41996926146425,151.24296511649413
68.77551020408163,0.6020408163265306,542.374599755856,357.5553729477638,235.7150293936386,155.3929245251784
70.61224489795919,0.6020408163265306,556.8593813517098,367.10432949533026,242.0100895258129,159.5428839338627
72.44897959183675,0.6020408163265306,571.3441629475635,376.6532860428967,248.30514965798727,163.692843342547
74.28571428571429,0.6020408163265306,585.8289445434173,386.2022425904631,254.60020979016159,167.8428027512313
76.12244897959184,0.6020408163265306,600.313726139271,395.7511991380295,260.8952699223359,171.9927621599156
77.95918367346938,0.6020408163265306,614.7985077351245,405.30015568559577,267.1903300545102,176.14272156859982
79.79591836734694,0.6020408163265306,629.2832893309783,414.8491122331622,273.4853901866845,180.29268097728414
81.63265306122449,0.6020408163265306,643.768070926832,424.39806878072864,279.78045031885887,184.44264038596845
83.46938775510205,0.6020408163265306,658.2528525226858,433.947025328295,286.07551045103315,188.59259979465273
85.3061224489796,0.6020408163265306,672.7376341185394,443.49598187586133,292.37057058320744,192.74255920333698
87.14285714285714,0.6020408163265306,687.2224157143933,453.0449384234279,298.6656307153819,196.89251861202132
88.9795918367347,0.6020408163265306,701.7071973102471,462.5938949709943,304.9606908475562,201.04247802070563
90.81632653061224,0.6020408163265306,716.1919789061005,472.1428515185606,311.25575097973046,205.19243742938986
92.6530612244898,0.6020408163265306,730.6767605019544,481.691808066127,317.5508111119048,209.34239683807417
94.48979591836735,0.6020408163265306,745.1615420978081,491.24076461369344,323.84587124407915,213.4923562467585
96.3265306122449,0.6020408163265306,759.6463236936618,500.7897211612597,330.14093137625343,217.64231565544273
98.16326530612245,0.6020408163265306,774.1311052895156,510.33867770882625,336.43599150842783,221.79227506412707
100.0,0.6020408163265306,788.6158868853693,519.8876342563926,342.7310516406021,225.94223447281132
10.0,0.653061224489796,79.79621682240747,52.604908265615165,34.67929287666067,22.86199889091554
11.83673469387755,0.653061224489796,94.45266481019664,62.26703427358531,41.048958915231005,27.061141544349013
13.673469387755102,0.653061224489796,109.10911279798576,71.92916028155544,47.418624953801334,31.260284197782486
15.510204081632654,0.653061224489796,123.76556078577488,81.59128628952557,53.78829099237165,35.459426851215945
17.346938775510203,0.653061224489796,138.422008773564,91.2534122974957,60.15795703094198,39.65856950464941
19.183673469387756,0.653061224489796,153.07845676135315,100.91553830546584,66.52762306951232,43.85771215808288
21.02040816326531,0.653061224489796,167.7349047491423,110.57766431343595,72.89728910808263,48.056854811516345
22.857142857142858,0.653061224489796,182.39135273693142,120.2397903214061,79.26695514665298,52.255997464949814
24.693877551020407,0.653061224489796,197.0478007247205,129.9019163293762,85.63662118522328,56.45514011838328
26.53061224489796,0.653061224489796,211.70424871250967,139.56404233734636,92.00628722379362,60.65428277181675
28.367346938775512,0.653061224489796,226.3606967002988,149.2261683453165,98.37595326236395,64.85342542525022
30.20408163265306,0.653061224489796,241.0171446880879,158.88829435328662,104.74561930093427,69.05256807868368
32.04081632653062,0.653061224489796,255.6735926758771,168.5504203612568,111.11528533950462,73.25171073211716
33.87755102040816,0.653061224489796,270.3300406636661,178.21254636922689,117.48495137807492,77.4508533855506
35.714285714285715,0.653061224489796,284.9864886514554,187.87467237719707,123.85461741664528,81.6499960389841
37.55102040816327,0.653061224489796,299.64293663924445,197.53679838516715,130.2242834552156,85.84913869241755
39.38775510204081,0.653061224489796,314.2993846270336,207.19892439313728,136.59394949378589,90.04828134585101
41.22448979591837,0.653061224489796,328.9558326148228,216.86105040110746,142.96361553235627,94.24742399928452
43.06122448979592,0.653061224489796,343.61228060261186,226.52317640907754,149.33328157092657,98.44656665271795
44.89795918367347,0.653061224489796,358.26872859040094,236.18530241704764,155.70294760949687,102.64570930615142
46.734693877551024,0.653061224489796,372.9251765781901,245.8474284250178,162.07261364806723,106.84485195958489
48.57142857142857,0.653061224489796,387.58162456597927,255.50955443298795,168.44227968663756,111.04399461301837
50.40816326530612,0.653061224489796,402.23807255376835,265.1716804409581,174.8119457252079,115.24313726645181
52.244897959183675,0.653061224489796,416.8945205415575,274.8338064489282,181.1816117637782,119.44227991988528
54.08163265306123,0.653061224489796,431.55096852934656,284.4959324568983,187.5512778023485,123.64142257331875
55.91836734693878,0.653061224489796,446.2074165171358,294.1580584648685,193.92094384091888,127.84056522675223
57.755102040816325,0.653061224489796,460.86386450492495,303.8201844728386,200.2906098794892,132.03970788018572
59.59183673469388,0.653061224489796,475.520312492714,313.48231048080874,206.6602759180595,136.23885053361914
61.42857142857143,0.653061224489796,490.1767604805032,323.14443648877887,213.02994195662984,140.43799318705263
63.26530612244898,0.653061224489796,504.8332084682923,332.806562496749,219.39960799520017,144.63713584048608
65.10204081632654,0.653061224489796,519.4896564560814,342.4686885047191,225.76927403377047,148.83627849391954
66.93877551020408,0.653061224489796,534.1461044438705,352.13081451268926,232.1389400723408,153.03542114735302
68.77551020408163,0.653061224489796,548.8025524316596,361.79294052065933,238.5086061109111,157.23456380078645
70.61224489795919,0.653061224489796,563.4590004194488,371.45506652862946,244.87827214948143,161.43370645421996
72.44897959183675,0.653061224489796,578.1154484072381,381.1171925365997,251.24793818805188,165.63284910765347
74.28571428571429,0.653061224489796,592.771896395027,390.77931854456983,257.6176042266221,169.8319917610869
76.12244897959184,0.653061224489796,607.4283443828164,400.44144455254,263.9872702651925,174.03113441452038
77.95918367346938,0.653061224489796,622.0847923706052,410.1035705605101,270.3569363037628,178.2302770679538
79.79591836734694,0.653061224489796,636.7412403583945,419.7656965684802,276.72660234233314,182.4294197213873
81.63265306122449,0.653061224489796,651.3976883461836,429.42782257645035,283.09626838090344,186.62856237482077
83.46938775510205,0.653061224489796,666.0541363339727,439.0899485844204,289.4659344194738,190.82770502825423
85.3061224489796,0.653061224489796,680.7105843217618,448.7520745923906,295.8356004580441,195.02684768168768
87.14285714285714,0.653061224489796,695.367032309551,458.41420060036074,302.20526649661446,199.22599033512117
88.9795918367347,0.653061224489796,710.0234802973403,468.076326608331,308.5749325351848,203.42513298855468
90.81632653061224,0.653061224489796,724.6799282851292,477.738452616301,314.9445985737551,207.6242756419881
92.6530612244898,0.653061224489796,739.3363762729184,487.40057862427125,321.3142646123255,211.82341829542162
94.48979591836735,0.653061224489796,753.9928242607075,497.0627046322413,327.6839306508958,216.02256094885504
96.3265306122449,0.653061224489796,768.6492722484966,506.72483064021134,334.053596689466,220.22170360228844
98.16326530612245,0.653061224489796,783.3057202362859,516.3869566481815,340.4232627280364,224.42084625572195
100.0,0.653061224489796,797.962168224075,526.0490826561517,346.7929287666067,228.61998890915544
10.0,0.7040816326530612,80.74192170179066,53.228355346283365,35.090294523017,23.132947875272908
11.83673469387755,0.7040816326530612,95.57207058579303,63.00499204253949,41.53545065989768,27.38185666869038
13.673469387755102,0.7040816326530612,110.40221946979538,72.78162873879563,47.980606796778346,31.630765462107853
15.510204081632654,0.7040816326530612,125.23236835379775,82.55826543505175,54.42576293365902,35.87967425552532
17.346938775510203,0.7040816326530612,140.06251723780008,92.33490213130787,60.87091907053969,40.128583048942794
19.183673469387756,0.7040816326530612,154.89266612180248,102.111538827564,67.31607520742037,44.37749184236027
21.02040816326531,0.7040816326530612,169.72281500580482,111.88817552382011,73.76123134430104,48.626400635777735
22.857142857142858,0.7040816326530612,184.55296388980722,121.66481222007626,80.20638748118172,52.87530942919521
24.693877551020407,0.7040816326530612,199.38311277380956,131.44144891633238,86.65154361806238,57.12421822261267
26.53061224489796,0.7040816326530612,214.21326165781196,141.2180856125885,93.09669975494306,61.37312701603016
28.367346938775512,0.7040816326530612,229.0434105418143,150.99472230884464,99.54185589182376,65.62203580944764
30.20408163265306,0.7040816326530612,243.8735594258166,160.77135900510075,105.98701202870438,69.8709446028651
32.04081632653062,0.7040816326530612,258.7037083098191,170.54799570135694,112.43216816558511,74.1198533962826
33.87755102040816,0.7040816326530612,273.53385719382135,180.32463239761302,118.87732430246574,78.36876218970004
35.714285714285715,0.7040816326530612,288.3640060778238,190.10126909386918,125.32248043934645,82.61767098311752
37.55102040816327,0.7040816326530612,303.19415496182614,199.87790579012528,131.7676365762271,86.866579776535
39.38775510204081,0.7040816326530612,318.0243038458285,209.65454248638142,138.21279271310777,91.11548856995246
41.22448979591837,0.7040816326530612,332.85445272983094,219.43117918263758,144.6579488499885,95.36439736336996
43.06122448979592,0.7040816326530612,347.68460161383325,229.20781587889368,151.10310498686914,99.61330615678743
44.89795918367347,0.7040816326530612,362.51475049783556,238.9844525751498,157.5482611237498,103.86221495020487
46.734693877551024,0.7040816326530612,377.34489938183793,248.76108927140592,163.99341726063048,108.11112374362236
48.57142857142857,0.7040816326530612,392.17504826584036,258.5377259676621,170.43857339751113,112.36003253703984
50.40816326530612,0.7040816326530612,407.0051971498427,268.31436266391825,176.88372953439182,116.6089413304573
52.244897959183675,0.7040816326530612,421.835346033845,278.0909993601743,183.32888567127247,120.85785012387477
54.08163265306123,0.7040816326530612,436.6654949178474,287.8676360564304,189.77404180815316,125.10675891729225
55.91836734693878,0.7040816326530612,451.4956438018498,297.64427275268656,196.21919794503384,129.35566771070972
57.755102040816325,0.7040816326530612,466.3257926858521,307.42090944894267,202.6643540819145,133.60457650412718
59.59183673469388,0.7040816326530612,481.1559415698545,317.1975461451988,209.10951021879515,137.85348529754467
61.42857142857143,0.7040816326530612,495.98609045385683,326.97418284145493,215.55466635567586,142.10239409096212
63.26530612244898,0.7040816326530612,510.8162393378592,336.7508195377111,221.99982249255655,146.3513028843796
65.10204081632654,0.7040816326530612,525.6463882218616,346.5274562339672,228.44497862943717,150.60021167779706
66.93877551020408,0.7040816326530612,540.476537105864,356.30409293022336,234.8901347663179,154.84912047121455
68.77551020408163,0.7040816326530612,555.3066859898662,366.0807296264794,241.3352909031985,159.098029264632
70.61224489795919,0.7040816326530612,570.1368348738687,375.8573663227356,247.78044704007917,163.3469380580495
72.44897959183675,0.7040816326530612,584.9669837578712,385.63400301899173,254.22560317695994,167.595846851467
74.28571428571429,0.7040816326530612,599.7971326418733,395.41063971524784,260.67075931384056,171.84475564488443
76.12244897959184,0.7040816326530612,614.6272815258758,405.187276411504,267.1159154507212,176.09366443830191
77.95918367346938,0.7040816326530612,629.457430409878,414.96391310776005,273.5610715876019,180.34257323171937
79.79591836734694,0.7040816326530612,644.2875792938805,424.7405498040162,280.0062277244826,184.59148202513688
81.63265306122449,0.7040816326530612,659.117728177883,434.51718650027243,286.45138386136335,188.84039081855437
83.46938775510205,0.7040816326530612,673.9478770618853,444.29382319652854,292.89653999824395,193.08929961197182
85.3061224489796,0.7040816326530612,688.7780259458875,454.0704598927845,299.34169613512455,197.33820840538925
87.14285714285714,0.7040816326530612,703.6081748298901,463.8470965890408,305.7868522720054,201.58711719880677
88.9795918367347,0.7040816326530612,718.4383237138924,473.6237332852969,312.232008408886,205.83602599222425
90.81632653061224,0.7040816326530612,733.2684725978947,483.400369981553,318.67716454576663,210.0849347856417
92.6530612244898,0.7040816326530612,748.0986214818971,493.1770066778092,325.12232068264734,214.3338435790592
94.48979591836735,0.7040816326530612,762.9287703658994,502.9536433740653,331.567476819528,218.58275237247668
96.3265306122449,0.7040816326530612,777.7589192499016,512.7302800703213,338.0126329564086,222.83166116589408
98.16326530612245,0.7040816326530612,792.5890681339042,522.5069167665775,344.45778909328936,227.0805699593116
100.0,0.7040816326530612,807.4192170179065,532.2835534628335,350.90294523016996,231.32947875272905
10.0,0.7551020408163265,81.69883460273806,53.859191210150854,35.50616715546605,23.407108011571744
11.83673469387755,0.7551020408163265,96.70474299915934,63.75169571813775,42.02770806157206,27.706372748391043
13.673469387755102,0.7551020408163265,111.71065139558061,73.64420022612464,48.549248967678075,32.00563748521034
15.510204081632654,0.7551020408163265,126.71655979200189,83.53670473411154,55.070789873784086,36.30490222202964
17.346938775510203,0.7551020408163265,141.72246818842316,93.42920924209841,61.592330779890084,40.604166958848936
19.183673469387756,0.7551020408163265,156.72837658484443,103.32171375008531,68.1138716859961,44.90343169566824
21.02040816326531,0.7551020408163265,171.73428498126572,113.21421825807221,74.63541259210211,49.202696432487535
22.857142857142858,0.7551020408163265,186.740193377687,123.10672276605911,81.15695349820813,53.501961169306846
24.693877551020407,0.7551020408163265,201.74610177410818,132.99922727404595,87.67849440431411,57.80122590612612
26.53061224489796,0.7551020408163265,216.75201017052953,142.89173178203288,94.20003531042013,62.10049064294544
28.367346938775512,0.7551020408163265,231.75791856695082,152.78423629001978,100.72157621652616,66.39975537976473
30.20408163265306,0.7551020408163265,246.76382696337205,162.67674079800665,107.24311712263216,70.69902011658402
32.04081632653062,0.7551020408163265,261.76973535979346,172.56924530599358,113.7646580287382,74.99828485340335
33.87755102040816,0.7551020408163265,276.77564375621466,182.46174981398042,120.28619893484417,79.29754959022263
35.714285714285715,0.7551020408163265,291.7815521526359,192.35425432196735,126.8077398409502,83.59681432704194
37.55102040816327,0.7551020408163265,306.7874605490572,202.24675882995425,133.3292807470562,87.89607906386124
39.38775510204081,0.7551020408163265,321.7933689454784,212.13926333794106,139.85082165316217,92.19534380068052
41.22448979591837,0.7551020408163265,336.7992773418998,222.03176784592807,146.37236255926825,96.49460853749986
43.06122448979592,0.7551020408163265,351.80518573832103,231.92427235391492,152.89390346537422,100.79387327431913
44.89795918367347,0.7551020408163265,366.81109413474223,241.81677686190176,159.41544437148022,105.09313801113842
46.734693877551024,0.7551020408163265,381.8170025311635,251.70928136988869,165.93698527758622,109.39240274795772
48.57142857142857,0.7551020408163265,396.8229109275848,261.60178587787556,172.45852618369224,113.69166748477703
50.40816326530612,0.7551020408163265,411.82881932400613,271.4942903858625,178.98006708979827,117.99093222159634
52.244897959183675,0.7551020408163265,426.8347277204274,281.38679489384936,185.50160799590427,122.29019695841562
54.08163265306123,0.7551020408163265,441.84063611684866,291.27929940183617,192.02314890201026,126.5894616952349
55.91836734693878,0.7551020408163265,456.84654451327,301.1718039098231,198.5446898081163,130.88872643205423
57.755102040816325,0.7551020408163265,471.85245290969124,311.06430841781,205.0662307142223,135.1879911688735
59.59183673469388,0.7551020408163265,486.85836130611244,320.9568129257969,211.58777162032828,139.4872559056928
61.42857142857143,0.7551020408163265,501.86426970253376,330.8493174337838,218.10931252643434,143.78652064251213
63.26530612244898,0.7551020408163265,516.8701780989551,340.7418219417707,224.6308534325403,148.0857853793314
65.10204081632654,0.7551020408163265,531.8760864953763,350.63432644975757,231.15239433864633,152.3850501161507
66.93877551020408,0.7551020408163265,546.8819948917976,360.52683095774455,237.67393524475236,156.68431485297003
68.77551020408163,0.7551020408163265,561.8879032882188,370.4193354657313,244.19547615085833,160.9835795897893
70.61224489795919,0.7551020408163265,576.8938116846401,380.31183997371824,250.71701705696435,165.28284432660863
72.44897959183675,0.7551020408163265,591.8997200810616,390.2043444817053,257.23855796307043,169.58210906342796
74.28571428571429,0.7551020408163265,606.9056284774827,400.09684898969203,263.7600988691764,173.88137380024722
76.12244897959184,0.7551020408163265,621.9115368739041,409.98935349767896,270.28163977528243,178.18063853706656
77.95918367346938,0.7551020408163265,636.9174452703252,419.88185800566583,276.80318068138837,182.4799032738858
79.79591836734694,0.7551020408163265,651.9233536667465,429.7743625136527,283.32472158749437,186.77916801070512
81.63265306122449,0.7551020408163265,666.9292620631678,439.66686702163963,289.8462624936005,191.07843274752443
83.46938775510205,0.7551020408163265,681.935170459589,449.5593715296265,296.3678033997064,195.3776974843437
85.3061224489796,0.7551020408163265,696.9410788560102,459.4518760376133,302.8893443058124,199.67696222116297
87.14285714285714,0.7551020408163265,711.9469872524317,469.34438054560025,309.4108852119184,203.9762269579823
88.9795918367347,0.7551020408163265,726.952895648853,479.2368850535872,315.93242611802447,208.27549169480162
90.81632653061224,0.7551020408163265,741.9588040452742,489.1293895615741,322.45396702413046,212.5747564316209
92.6530612244898,0.7551020408163265,756.9647124416956,499.02189406956103,328.9755079302365,216.87402116844024
94.48979591836735,0.7551020408163265,771.9706208381167,508.91439857754784,335.4970488363425,221.17328590525952
96.3265306122449,0.7551020408163265,786.9765292345379,518.8069030855347,342.01858974244846,225.4725506420788
98.16326530612245,0.7551020408163265,801.9824376309593,528.6994075935216,348.5401306485545,229.77181537889814
100.0,0.7551020408163265,816.9883460273804,538.5919121015085,355.0616715546605,234.07108011571742
10.0,0.8061224489795918,82.66708835711944,54.49750342538318,35.92696850250046,23.684517356779892
11.83673469387755,0.8061224489795918,97.85083927985566,64.50724895249438,42.52579945193932,28.034734830474157
13.673469387755102,0.8061224489795918,113.0345902025919,74.51699447960559,49.12463040137818,32.38495230416843
15.510204081632654,0.8061224489795918,128.21834112532812,84.52674000671679,55.72346135081703,36.73516977786269
17.346938775510203,0.8061224489795918,143.4020920480643,94.53648553382797,62.322292300255896,41.085387251556945
19.183673469387756,0.8061224489795918,158.58584297080057,104.54623106093918,68.92112324969476,45.435604725251224
21.02040816326531,0.8061224489795918,173.76959389353678,114.55597658805037,75.51995419913362,49.78582219894548
22.857142857142858,0.8061224489795918,188.95334481627305,124.56572211516159,82.11878514857248,54.136039672639754
24.693877551020407,0.8061224489795918,204.1370957390092,134.57546764227274,88.71761609801132,58.48625714633401
26.53061224489796,0.8061224489795918,219.3208466617454,144.58521316938396,95.31644704745018,62.836474620028284
28.367346938775512,0.8061224489795918,234.5045975844817,154.59495869649518,101.91527799688906,67.18669209372256
30.20408163265306,0.8061224489795918,249.68834850721788,164.60470422360635,108.5141089463279,71.53690956741681
32.04081632653062,0.8061224489795918,264.8720994299542,174.6144497507176,115.1129398957668,75.8871270411111
33.87755102040816,0.8061224489795918,280.0558503526903,184.62419527782873,121.7117708452056,80.23734451480534
35.714285714285715,0.8061224489795918,295.2396012754266,194.63394080493998,128.3106017946445,84.58756198849963
37.55102040816327,0.8061224489795918,310.42335219816283,204.64368633205115,134.90943274408335,88.93777946219387
39.38775510204081,0.8061224489795918,325.607103120899,214.65343185916234,141.5082636935222,93.28799693588813
41.22448979591837,0.8061224489795918,340.7908540436353,224.6631773862736,148.1070946429611,97.63821440958243
43.06122448979592,0.8061224489795918,355.9746049663715,234.67292291338478,154.70592559239995,101.98843188327668
44.89795918367347,0.8061224489795918,371.15835588910767,244.68266844049595,161.3047565418388,106.33864935697093
46.734693877551024,0.8061224489795918,386.34210681184385,254.69241396760708,167.90358749127762,110.68886683066519
48.57142857142857,0.8061224489795918,401.52585773458014,264.70215949471833,174.5024184407165,115.03908430435946
50.40816326530612,0.8061224489795918,416.7096086573164,274.7119050218295,181.10124939015537,119.38930177805373
52.244897959183675,0.8061224489795918,431.89335958005256,284.7216505489407,187.70008033959422,123.73951925174799
54.08163265306123,0.8061224489795918,447.07711050278874,294.7313960760519,194.29891128903304,128.08973672544224
55.91836734693878,0.8061224489795918,462.26086142552504,304.74114160316316,200.89774223847195,132.43995419913654
57.755102040816325,0.8061224489795918,477.4446123482612,314.75088713027435,207.4965731879108,136.79017167283078
59.59183673469388,0.8061224489795918,492.62836327099745,324.7606326573855,214.09540413734968,141.14038914652508
61.42857142857143,0.8061224489795918,507.81211419373363,334.77037818449674,220.69423508678855,145.49060662021935
63.26530612244898,0.8061224489795918,522.9958651164699,344.78012371160787,227.29306603622737,149.8408240939136
65.10204081632654,0.8061224489795918,538.179616039206,354.78986923871906,233.89189698566622,154.19104156760784
66.93877551020408,0.8061224489795918,553.3633669619423,364.7996147658303,240.49072793510513,158.54125904130214
68.77551020408163,0.8061224489795918,568.5471178846784,374.80936029294145,247.08955888454392,162.89147651499638
70.61224489795919,0.8061224489795918,583.7308688074147,384.8191058200527,253.6883898339828,167.24169398869066
72.44897959183675,0.8061224489795918,598.9146197301512,394.82885134716395,260.28722078342173,171.59191146238496
74.28571428571429,0.8061224489795918,614.0983706528873,404.8385968742751,266.88605173286055,175.9421289360792
76.12244897959184,0.8061224489795918,629.2821215756236,414.8483424013864,273.4848826822994,180.29234640977347
77.95918367346938,0.8061224489795918,644.4658724983597,424.85808792849747,280.08371363173825,184.64256388346772
79.79591836734694,0.8061224489795918,659.649623421096,434.86783345560866,286.6825445811771,188.992781357162
81.63265306122449,0.8061224489795918,674.8333743438321,444.87757898271985,293.281375530616,193.34299883085626
83.46938775510205,0.8061224489795918,690.0171252665683,454.88732450983105,299.8802064800548,197.69321630455053
85.3061224489796,0.8061224489795918,705.2008761893045,464.8970700369423,306.47903742949364,202.04343377824478
87.14285714285714,0.8061224489795918,720.3846271120408,474.9068155640535,313.0778683789326,206.39365125193908
88.9795918367347,0.8061224489795918,735.5683780347772,484.91656109116474,319.67669932837146,210.74386872563335
90.81632653061224,0.8061224489795918,750.7521289575132,494.9263066182759,326.2755302778103,215.0940861993276
92.6530612244898,0.8061224489795918,765.9358798802496,504.9360521453872,332.87436122724915,219.44430367302186
94.48979591836735,0.8061224489795918,781.1196308029857,514.9457976724983,339.47319217668803,223.79452114671614
96.3265306122449,0.8061224489795918,796.3033817257218,524.9555431996093,346.0720231261268,228.14473862041032
98.16326530612245,0.8061224489795918,811.4871326484582,534.9652887267207,352.6708540755658,232.49495609410468
100.0,0.8061224489795918,826.6708835711944,544.9750342538317,359.2696850250045,236.84517356779887
10.0,0.8571428571428572,83.64681737106152,55.14338059796004,36.35275697678209,23.9652144188974
11.83673469387755,0.8571428571428572,99.01051852084834,65.27175662615679,43.029793972517574,28.366988495837738
13.673469387755102,0.8571428571428572,114.37421967063514,75.40013265435354,49.706830968253065,32.76876257277808
15.510204081632654,0.8571428571428572,129.73792082042195,85.52850868255027,56.38386796398855,37.170536649718414
17.346938775510203,0.8571428571428572,145.10162197020875,95.65688471074701,63.060904959724034,41.572310726658756
19.183673469387756,0.8571428571428572,160.4653231199956,105.78526073894375,69.73794195545952,45.9740848035991
21.02040816326531,0.8571428571428572,175.82902426978237,115.91363676714052,76.41497895119501,50.37585888053943
22.857142857142858,0.8571428571428572,191.19272541956917,126.04201279533724,83.09201594693049,54.777632957479774
24.693877551020407,0.8571428571428572,206.55642656935595,136.17038882353395,89.76905294266595,59.179407034420095
26.53061224489796,0.8571428571428572,221.92012771914278,146.2987648517307,96.44608993840146,63.58118111136044
28.367346938775512,0.8571428571428572,237.28382886892965,156.42714087992746,103.12312693413696,67.98295518830079
30.20408163265306,0.8571428571428572,252.6475300187164,166.5555169081242,109.80016392987241,72.38472926524112
32.04081632653062,0.8571428571428572,268.01123116850323,176.68389293632097,116.47720092560793,76.78650334218148
33.87755102040816,0.8571428571428572,283.37493231829,186.81226896451767,123.15423792134338,81.18827741912179
35.714285714285715,0.8571428571428572,298.73863346807684,196.94064499271445,129.8312749170789,85.59005149606215
37.55102040816327,0.8571428571428572,314.1023346178636,207.06902102091118,136.50831191281438,89.99182557300247
39.38775510204081,0.8571428571428572,329.46603576765045,217.19739704910793,143.18534890854986,94.39359964994281
41.22448979591837,0.8571428571428572,344.82973691743734,227.3257730773047,149.8623859042854,98.79537372688318
43.06122448979592,0.8571428571428572,360.19343806722406,237.4541491055014,156.5394229000208,103.19714780382348
44.89795918367347,0.8571428571428572,375.55713921701084,247.5825251336981,163.2164598957563,107.59892188076383
46.734693877551024,0.8571428571428572,390.9208403667977,257.71090116189487,169.89349689149176,112.00069595770415
48.57142857142857,0.8571428571428572,406.2845415165845,267.83927719009165,176.5705338872273,116.40247003464452
50.40816326530612,0.8571428571428572,421.64824266637135,277.9676532182884,183.24757088296278,120.80424411158486
52.244897959183675,0.8571428571428572,437.0119438161581,288.0960292464851,189.92460787869825,125.2060181885252
54.08163265306123,0.8571428571428572,452.3756449659449,298.22440527468177,196.6016448744337,129.6077922654655
55.91836734693878,0.8571428571428572,467.73934611573173,308.3527813028786,203.27868187016924,134.00956634240586
57.755102040816325,0.8571428571428572,483.1030472655185,318.48115733107534,209.95571886590474,138.4113404193462
59.59183673469388,0.8571428571428572,498.46674841530535,328.60953335927206,216.6327558616402,142.81311449628652
61.42857142857143,0.8571428571428572,513.8304495650921,338.73790938746885,223.30979285737567,147.2148885732269
63.26530612244898,0.8571428571428572,529.194150714879,348.8662854156656,229.98682985311117,151.61666265016723
65.10204081632654,0.8571428571428572,544.5578518646657,358.9946614438623,236.66386684884662,156.01843672710757
66.93877551020408,0.8571428571428572,559.9215530144527,369.1230374720591,243.34090384458216,160.4202108040479
68.77551020408163,0.8571428571428572,575.2852541642393,379.2514135002557,250.01794084031758,164.8219848809882
70.61224489795919,0.8571428571428572,590.6489553140262,389.3797895284525,256.69497783605306,169.22375895792857
72.44897959183675,0.8571428571428572,606.0126564638131,399.5081655566494,263.37201483178865,173.62553303486894
74.28571428571429,0.8571428571428572,621.3763576135998,409.636541584846,270.0490518275241,178.02730711180925
76.12244897959184,0.8571428571428572,636.7400587633867,419.7649176130428,276.7260888232596,182.42908118874962
77.95918367346938,0.8571428571428572,652.1037599131733,429.8932936412395,283.403125818995,186.8308552656899
79.79591836734694,0.8571428571428572,667.4674610629603,440.0216696694362,290.08016281473056,191.23262934263025
81.63265306122449,0.8571428571428572,682.8311622127471,450.15004569763306,296.75719981046603,195.63440341957062
83.46938775510205,0.8571428571428572,698.1948633625339,460.2784217258297,303.4342368062015,200.03617749651093
85.3061224489796,0.8571428571428572,713.5585645123205,470.40679775402634,310.11127380193693,204.43795157345122
87.14285714285714,0.8571428571428572,728.9222656621076,480.5351737822233,316.7883107976725,208.83972565039167
88.9795918367347,0.8571428571428572,744.2859668118945,490.6635498104201,323.46534779340806,213.24149972733198
90.81632653061224,0.8571428571428572,759.6496679616811,500.7919258386167,330.1423847891435,217.64327380427227
92.6530612244898,0.8571428571428572,775.013369111468,510.92030186681353,336.819421784879,222.04504788121267
94.48979591836735,0.8571428571428572,790.3770702612547,521.0486778950102,343.4964587806144,226.44682195815295
96.3265306122449,0.8571428571428572,805.7407714110414,531.1770539232069,350.1734957763499,230.84859603509327
98.16326530612245,0.8571428571428572,821.1044725608284,541.3054299514038,356.85053277208544,235.2503701120337
100.0,0.8571428571428572,836.4681737106151,551.4338059796004,363.52756976782086,239.65214418897395
10.0,0.9081632653061225,84.6381576436053,55.79691238397485,36.78359168325051,24.249238162301882
11.83673469387755,0.9081632653061225,100.18394170059402,66.04532486266412,43.539761584255714,28.703179865581824
13.673469387755102,0.9081632653061225,115.72972575758277,76.29373734135338,50.29593148526092,33.15712156886176
15.510204081632654,0.9081632653061225,131.27550981457148,86.54214982004264,57.05210138626611,37.6110632721417
17.346938775510203,0.9081632653061225,146.82129387156021,96.79056229873188,63.80827128727131,42.06500497542163
19.183673469387756,0.9081632653061225,162.36707792854898,107.03897477742116,70.56444118827652,46.518946678701575
21.02040816326531,0.9081632653061225,177.91286198553766,117.28738725611042,77.3206110892817,50.972888381981505
22.857142857142858,0.9081632653061225,193.45864604252642,127.5357997347997,84.0767809902869,55.42683008526145
24.693877551020407,0.9081632653061225,209.00443009951508,137.7842122134889,90.83295089129209,59.88077178854137
26.53061224489796,0.9081632653061225,224.55021415650387,148.0326246921782,97.5891207922973,64.33471349182133
28.367346938775512,0.9081632653061225,240.09599821349258,158.28103717086745,104.34529069330249,68.78865519510126
30.20408163265306,0.9081632653061225,255.6417822704813,168.52944964955668,111.10146059430768,73.2425968983812
32.04081632653062,0.9081632653061225,271.18756632747005,178.777862128246,117.85763049531292,77.69653860166115
33.87755102040816,0.9081632653061225,286.73335038445873,189.0262746069352,124.61380039631808,82.15048030494107
35.714285714285715,0.9081632653061225,302.2791344414475,199.27468708562452,131.3699702973233,86.60442200822102
37.55102040816327,0.9081632653061225,317.82491849843626,209.52309956431372,138.1261401983285,91.05836371150095
39.38775510204081,0.9081632653061225,333.37070255542494,219.77151204300299,144.88231009933367,95.51230541478087
41.22448979591837,0.9081632653061225,348.9164866124138,230.01992452169233,151.63848000033892,99.96624711806085
43.06122448979592,0.9081632653061225,364.4622706694024,240.2683370003815,158.39464990134408,104.42018882134076
44.89795918367347,0.9081632653061225,380.0080547263911,250.51674947907074,165.15081980234925,108.87413052462068
46.734693877551024,0.9081632653061225,395.5538387833798,260.76516195776003,171.90698970335444,113.32807222790063
48.57142857142857,0.9081632653061225,411.0996228403686,271.0135744364493,178.66315960435966,117.78201393118056
50.40816326530612,0.9081632653061225,426.64540689735736,281.26198691513855,185.41932950536486,122.23595563446051
52.244897959183675,0.9081632653061225,442.1911909543461,291.5103993938278,192.17549940637005,126.68989733774045
54.08163265306123,0.9081632653061225,457.7369750113348,301.7588118725171,198.93166930737524,131.14383904102039
55.91836734693878,0.9081632653061225,473.2827590683235,312.00722435120633,205.68783920838044,135.59778074430034
57.755102040816325,0.9081632653061225,488.82854312531225,322.2556368298956,212.44400910938563,140.05172244758026
59.59183673469388,0.9081632653061225,504.37432718230093,332.5040493085848,219.20017901039083,144.50566415086018
61.42857142857143,0.9081632653061225,519.9201112392898,342.7524617872741,225.95634891139608,148.95960585414014
63.26530612244898,0.9081632653061225,535.4658952962784,353.0008742659634,232.7125188124012,153.41354755742006
65.10204081632654,0.9081632653061225,551.011679353267,363.2492867446526,239.4686887134064,157.86748926069998
66.93877551020408,0.9081632653061225,566.5574634102559,373.4976992233419,246.22485861441166,162.32143096397994
68.77551020408163,0.9081632653061225,582.1032474672445,383.7461117020311,252.98102851541677,166.77537266725986
70.61224489795919,0.9081632653061225,597.6490315242334,393.99452418072036,259.737198416422,171.2293143705398
72.44897959183675,0.9081632653061225,613.1948155812222,404.24293665940974,266.49336831742727,175.6832560738198
74.28571428571429,0.9081632653061225,628.7405996382108,414.491349138099,273.2495382184324,180.1371977770997
76.12244897959184,0.9081632653061225,644.2863836951996,424.73976161678826,280.0057081194376,184.59113948037964
77.95918367346938,0.9081632653061225,659.8321677521882,434.9881740954774,286.7618780204428,189.04508118365953
79.79591836734694,0.9081632653061225,675.3779518091769,445.2365865741667,293.518047921448,193.4990228869395
81.63265306122449,0.9081632653061225,690.9237358661658,455.484999052856,300.27421782245324,197.95296459021944
83.46938775510205,0.9081632653061225,706.4695199231545,465.73341153154524,307.03038772345843,202.4069062934994
85.3061224489796,0.9081632653061225,722.015303980143,475.9818240102344,313.78655762446357,206.86084799677928
87.14285714285714,0.9081632653061225,737.561088037132,486.23023648892377,320.5427275254688,211.3147897000593
88.9795918367347,0.9081632653061225,753.1068720941207,496.4786489676131,327.29889742647407,215.76873140333925
90.81632653061224,0.9081632653061225,768.6526561511092,506.7270614463023,334.05506732747915,220.22267310661914
92.6530612244898,0.9081632653061225,784.1984402080981,516.9754739249915,340.8112372284844,224.6766148098991
94.48979591836735,0.9081632653061225,799.7442242650868,527.2238864036808,347.5674071294896,229.13055651317904
96.3265306122449,0.9081632653061225,815.2900083220754,537.47229888237,354.32357703049473,233.58449821645888
98.16326530612245,0.9081632653061225,830.8357923790644,547.7207113610593,361.07974693150004,238.0384399197389
100.0,0.9081632653061225,846.3815764360529,557.9691238397485,367.8359168325051,242.4923816230188
10.0,0.9591836734693877,85.64124678558429,56.4581895020803,37.219532427327515,24.536628013157234
11.83673469387755,0.9591836734693877,101.37127170538548,66.82806104327872,44.05577307724481,29.043355607410604
13.673469387755102,0.9591836734693877,117.10129662518666,77.19793258447714,50.8920137271621,33.550083201663966
15.510204081632654,0.9591836734693877,132.83132154498784,87.56780412567555,57.728254377079395,38.056810795917336
17.346938775510203,0.9591836734693877,148.561346464789,97.93767566687397,64.5644950269967,42.563538390170706
19.183673469387756,0.9591836734693877,164.29137138459026,108.3075472080724,71.400735676914,47.070265984424076
21.02040816326531,0.9591836734693877,180.02139630439143,118.67741874927083,78.2369763268313,51.576993578677445
22.857142857142858,0.9591836734693877,195.75142122419263,129.04729029046928,85.07321697674861,56.08372117293082
24.693877551020407,0.9591836734693877,211.4814461439938,139.41716183166764,91.90945762666587,60.59044876718417
26.53061224489796,0.9591836734693877,227.21147106379505,149.78703337286612,98.74569827658318,65.09717636143756
28.367346938775512,0.9591836734693877,242.94149598359624,160.15690491406454,105.5819389265005,69.60390395569092
30.20408163265306,0.9591836734693877,258.6715209033974,170.52677645526293,112.41817957641778,74.11063154994429
32.04081632653062,0.9591836734693877,274.40154582319866,180.8966479964614,119.2544202263351,78.61735914419766
33.87755102040816,0.9591836734693877,290.13157074299977,191.26651953765978,126.09066087625237,83.12408673845103
35.714285714285715,0.9591836734693877,305.861595662801,201.63639107885822,132.9269015261697,87.6308143327044
37.55102040816327,0.9591836734693877,321.59162058260216,212.00626262005665,139.76314217608697,92.13754192695777
39.38775510204081,0.9591836734693877,337.3216455024033,222.37613416125507,146.59938282600427,96.64426952121113
41.22448979591837,0.9591836734693877,353.0516704222046,232.74600570245352,153.4356234759216,101.15099711546452
43.06122448979592,0.9591836734693877,368.7816953420058,243.11587724365188,160.27186412583885,105.65772470971788
44.89795918367347,0.9591836734693877,384.5117202618069,253.48574878485027,167.10810477575615,110.16445230397122
46.734693877551024,0.9591836734693877,400.24174518160805,263.8556203260487,173.94434542567345,114.6711798982246
48.57142857142857,0.9591836734693877,415.9717701014093,274.2254918672471,180.78058607559072,119.17790749247797
50.40816326530612,0.9591836734693877,431.70179502121056,284.5953634084456,187.61682672550808,123.68463508673138
52.244897959183675,0.9591836734693877,447.4318199410117,294.965234949644,194.45306737542535,128.1913626809847
54.08163265306123,0.9591836734693877,463.16184486081283,305.3351064908424,201.28930802534262,132.69809027523806
55.91836734693878,0.9591836734693877,478.8918697806142,315.7049780320409,208.12554867525992,137.20481786949145
57.755102040816325,0.9591836734693877,494.6218947004153,326.07484957323925,214.96178932517725,141.7115454637448
59.59183673469388,0.9591836734693877,510.35191962021645,336.4447211144377,221.7980299750945,146.21827305799818
61.42857142857143,0.9591836734693877,526.0819445400177,346.81459265563615,228.63427062501185,150.72500065225157
63.26530612244898,0.9591836734693877,541.8119694598189,357.18446419683454,235.47051127492912,155.23172824650493
65.10204081632654,0.9591836734693877,557.54199437962,367.55433573803293,242.30675192484637,159.7384558407583
66.93877551020408,0.9591836734693877,573.2720192994212,377.9242072792314,249.14299257476372,164.24518343501168
68.77551020408163,0.9591836734693877,589.0020442192223,388.2940788204297,255.97923322468094,168.751911029265
70.61224489795919,0.9591836734693877,604.7320691390236,398.66395036162817,262.8154738745983,173.2586386235184
72.44897959183675,0.9591836734693877,620.462094058825,409.03382190282673,269.6517145245157,177.76536621777183
74.28571428571429,0.9591836734693877,636.192118978626,419.40369344402507,276.4879551744329,182.27209381202516
76.12244897959184,0.9591836734693877,651.9221438984273,429.7735649852236,283.3241958243503,186.77882140627852
77.95918367346938,0.9591836734693877,667.6521688182283,440.1434365264219,290.1604364742675,191.28554900053186
79.79591836734694,0.9591836734693877,683.3821937380296,450.5133080676203,296.9966771241848,195.79227659478525
81.63265306122449,0.9591836734693877,699.1122186578308,460.8831796088188,303.83291777410216,200.2990041890386
83.46938775510205,0.9591836734693877,714.842243577632,471.25305115001726,310.66915842401943,204.805731783292
85.3061224489796,0.9591836734693877,730.572268497433,481.6229226912156,317.50539907393664,209.31245937754534
87.14285714285714,0.9591836734693877,746.3022934172344,491.9927942324141,324.34163972385403,213.81918697179876
88.9795918367347,0.9591836734693877,762.0323183370357,502.3626657736125,331.17788037377136,218.32591456605212
90.81632653061224,0.9591836734693877,777.7623432568367,512.7325373148108,338.0141210236886,222.83264216030545
92.6530612244898,0.9591836734693877,793.4923681766381,523.1024088560094,344.8503616736059,227.33936975455887
94.48979591836735,0.9591836734693877,809.2223930964392,533.4722803972078,351.6866023235232,231.84609734881218
96.3265306122449,0.9591836734693877,824.9524180162404,543.8421519384061,358.5228429734405,236.35282494306554
98.16326530612245,0.9591836734693877,840.6824429360415,554.2120234796046,365.3590836233578,240.85955253731893
100.0,0.9591836734693877,856.4124678558428,564.581895020803,372.1953242732751,245.3662801315723
10.0,1.010204081632653,86.65622403872699,57.12730374608122,37.66063972321875,24.827423864886583
11.83673469387755,1.010204081632653,102.57267335196255,67.62007382189205,44.577900080544644,29.38756294211065
13.673469387755102,1.010204081632653,118.48912266519814,78.1128438977029,51.495160437870545,33.94770201933473
15.510204081632654,1.010204081632653,134.4055719784337,88.60561397351371,58.412420795196425,38.507841096558785
17.346938775510203,1.010204081632653,150.32202129166924,99.09838404932455,65.32968115252231,43.06798017378285
19.183673469387756,1.010204081632653,166.23847060490485,109.5911541251354,72.24694150984821,47.62811925100692
21.02040816326531,1.010204081632653,182.15491991814042,120.08392420094624,79.16420186717411,52.188258328230994
22.857142857142858,1.010204081632653,198.071369231376,130.57669427675708,86.08146222450002,56.74839740545506
24.693877551020407,1.010204081632653,213.9878185446115,141.06946435256788,92.99872258182587,61.308536482679116
26.53061224489796,1.010204081632653,229.90426785784715,151.56223442837876,99.9159829391518,65.8686755599032
28.367346938775512,1.010204081632653,245.82071717108275,162.05500450418958,106.8332432964777,70.42881463712727
30.20408163265306,1.010204081632653,261.7371664843182,172.5477745800004,113.75050365380356,74.98895371435131
32.04081632653062,1.010204081632653,277.65361579755387,183.0405446558113,120.66776401112949,79.5490927915754
33.87755102040816,1.010204081632653,293.57006511078936,193.53331473162206,127.58502436845535,84.10923186879945
35.714285714285715,1.010204081632653,309.486514424025,204.02608480743294,134.50228472578127,88.66937094602353
37.55102040816327,1.010204081632653,325.40296373726056,214.51885488324376,141.41954508310715,93.2295100232476
39.38775510204081,1.010204081632653,341.3194130504961,225.01162495905456,148.33680544043304,97.78964910047165
41.22448979591837,1.010204081632653,357.23586236373177,235.50439503486547,155.25406579775898,102.34978817769576
43.06122448979592,1.010204081632653,373.15231167696726,245.99716511067626,162.17132615508484,106.90992725491981
44.89795918367347,1.010204081632653,389.06876099020275,256.48993518648706,169.0885865124107,111.47006633214384
46.734693877551024,1.010204081632653,404.98521030343835,266.9827052622979,176.0058468697366,116.03020540936792
48.57142857142857,1.010204081632653,420.90165961667395,277.47547533810877,182.92310722706253,120.590344486592
50.40816326530612,1.010204081632653,436.81810892990956,287.9682454139196,189.8403675843884,125.15048356381607
52.244897959183675,1.010204081632653,452.73455824314505,298.4610154897304,196.7576279417143,129.71062264104012
54.08163265306123,1.010204081632653,468.65100755638065,308.9537855655413,203.6748882990402,134.2707617182642
55.91836734693878,1.010204081632653,484.56745686961625,319.4465556413521,210.5921486563661,138.83090079548828
57.755102040816325,1.010204081632653,500.48390618285174,329.93932571716294,217.509409013692,143.39103987271233
59.59183673469388,1.010204081632653,516.4003554960874,340.43209579297377,224.42666937101788,147.95117894993638
61.42857142857143,1.010204081632653,532.316804809323,350.92486586878465,231.3439297283438,152.51131802716048
63.26530612244898,1.010204081632653,548.2332541225586,361.4176359445955,238.26119008566968,157.07145710438454
65.10204081632654,1.010204081632653,564.1497034357941,371.91040602040624,245.17845044299554,161.6315961816086
66.93877551020408,1.010204081632653,580.0661527490297,382.4031760962172,252.09571080032148,166.19173525883267
68.77551020408163,1.010204081632653,595.9826020622651,392.89594617202783,259.01297115764726,170.7518743360567
70.61224489795919,1.010204081632653,611.8990513755007,403.3887162478387,265.9302315149732,175.31201341328077
72.44897959183675,1.010204081632653,627.8155006887365,413.8814863236497,272.84749187229914,179.8721524905049
74.28571428571429,1.010204081632653,643.7319500019719,424.3742563994604,279.764752229625,184.43229156772892
76.12244897959184,1.010204081632653,659.6483993152075,434.86702647527136,286.6820125869509,188.992430644953
77.95918367346938,1.010204081632653,675.564848628443,445.35979655108207,293.5992729442768,193.55256972217703
79.79591836734694,1.010204081632653,691.4812979416786,455.85256662689295,300.5165333016027,198.1127087994011
81.63265306122449,1.010204081632653,707.3977472549143,466.3453367027039,307.4337936589286,202.6728478766252
83.46938775510205,1.010204081632653,723.3141965681498,476.83810677851466,314.35105401625447,207.2329869538493
85.3061224489796,1.010204081632653,739.2306458813853,487.3308768543254,321.2683143735803,211.7931260310733
87.14285714285714,1.010204081632653,755.147095194621,497.82364693013636,328.1855747309063,216.35326510829742
88.9795918367347,1.010204081632653,771.0635445078566,508.3164170059472,335.1028350882322,220.91340418552147
90.81632653061224,1.010204081632653,786.9799938210921,518.809187081758,342.02009544555807,225.47354326274555
92.6530612244898,1.010204081632653,802.8964431343277,529.3019571575688,348.9373558028839,230.0336823399696
94.48979591836735,1.010204081632653,818.8128924475631,539.7947272333796,355.8546161602098,234.59382141719362
96.3265306122449,1.010204081632653,834.7293417607987,550.2874973091905,362.7718765175357,239.1539604944177
98.16326530612245,1.010204081632653,850.6457910740345,560.7802673850014,369.6891368748617,243.7140995716418
100.0,1.010204081632653,866.5622403872698,571.273037460812,376.6063972321875,248.27423864886583
10.0,1.0612244897959184,87.68323029498514,57.80434799767663,38.106974802314106,25.12166608370998
11.83673469387755,1.0612244897959184,103.78831341039059,68.42147314010703,45.1062150721269,29.735849650105692
13.673469387755102,1.0612244897959184,119.893396525796,79.03859828253744,52.105455341939695,34.3500332165014
15.510204081632654,1.0612244897959184,135.99847964120144,89.65572342496783,59.10469561175249,38.96421678289711
17.346938775510203,1.0612244897959184,152.1035627566069,100.27284856739821,66.10393588156528,43.57840034929282
19.183673469387756,1.0612244897959184,168.2086458720123,110.88997370982862,73.10317615137808,48.19258391568853
21.02040816326531,1.0612244897959184,184.31372898741776,121.50709885225903,80.10241642119087,52.80676748208425
22.857142857142858,1.0612244897959184,200.41881210282318,132.12422399468943,87.10165669100367,57.420951048479964
24.693877551020407,1.0612244897959184,216.52389521822855,142.7413491371198,94.10089696081644,62.035134614875645
26.53061224489796,1.0612244897959184,232.62897833363408,153.35847427955022,101.10013723062927,66.64931818127137
28.367346938775512,1.0612244897959184,248.7340614490395,163.97559942198063,108.09937750044206,71.26350174766709
30.20408163265306,1.0612244897959184,264.8391445644449,174.59272456441104,115.09861777025483,75.87768531406279
32.04081632653062,1.0612244897959184,280.94422767985037,185.20984970684145,122.09785804006765,80.49186888045851
33.87755102040816,1.0612244897959184,297.0493107952558,195.82697484927183,129.0970983098804,85.1060524468542
35.714285714285715,1.0612244897959184,313.15439391066127,206.44409999170227,136.09633857969322,89.72023601324995
37.55102040816327,1.0612244897959184,329.2594770260667,217.06122513413263,143.09557884950604,94.33441957964564
39.38775510204081,1.0612244897959184,345.36456014147205,227.678350276563,150.0948191193188,98.94860314604134
41.22448979591837,1.0612244897959184,361.4696432568776,238.2954754189935,157.09405938913164,103.56278671243707
43.06122448979592,1.0612244897959184,377.574726372283,248.91260056142386,164.0932996589444,108.17697027883277
44.89795918367347,1.0612244897959184,393.67980948768843,259.52972570385424,171.0925399287572,112.79115384522848
46.734693877551024,1.0612244897959184,409.7848926030938,270.1468508462846,178.09178019856998,117.40533741162419
48.57142857142857,1.0612244897959184,425.8899757184993,280.76397598871506,185.0910204683828,122.0195209780199
50.40816326530612,1.0612244897959184,441.99505883390475,291.3811011311455,192.0902607381956,126.63370454441562
52.244897959183675,1.0612244897959184,458.1001419493101,301.9982262735759,199.08950100800837,131.24788811081132
54.08163265306123,1.0612244897959184,474.2052250647155,312.6153514160062,206.08874127782119,135.862071677207
55.91836734693878,1.0612244897959184,490.31030818012107,323.23247655843664,213.08798154763397,140.47625524360274
57.755102040816325,1.0612244897959184,506.41539129552643,333.849601700867,220.08722181744676,145.09043880999846
59.59183673469388,1.0612244897959184,522.5204744109318,344.4667268432974,227.08646208725952,149.70462237639416
61.42857142857143,1.0612244897959184,538.6255575263373,355.08385198572785,234.08570235707236,154.31880594278988
63.26530612244898,1.0612244897959184,554.7306406417426,365.70097712815823,241.08494262688515,158.93298950918557
65.10204081632654,1.0612244897959184,570.835723757148,376.3181022705886,248.08418289669788,163.54717307558127
66.93877551020408,1.0612244897959184,586.9408068725536,386.93522741301905,255.08342316651073,168.161356641977
68.77551020408163,1.0612244897959184,603.045889987959,397.5523525554494,262.08266343632346,172.77554020837266
70.61224489795919,1.0612244897959184,619.1509731033644,408.16947769787987,269.0819037061363,177.3897237747684
72.44897959183675,1.0612244897959184,635.25605621877,418.78660284031037,276.08114397594915,182.00390734116417
74.28571428571429,1.0612244897959184,651.3611393341753,429.40372798274063,283.08038424576193,186.61809090755986
76.12244897959184,1.0612244897959184,667.4662224495809,440.02085312517113,290.0796245155747,191.23227447395558
77.95918367346938,1.0612244897959184,683.5713055649861,450.6379782676014,297.07886478538745,195.84645804035125
79.79591836734694,1.0612244897959184,699.6763886803916,461.25510341003184,304.0781050552003,200.460641606747
81.63265306122449,1.0612244897959184,715.7814717957971,471.8722285524623,311.0773453250131,205.07482517314273
83.46938775510205,1.0612244897959184,731.8865549112024,482.48935369489266,318.0765855948259,209.6890087395384
85.3061224489796,1.0612244897959184,747.9916380266078,493.1064788373229,325.0758258646386,214.3031923059341
87.14285714285714,1.0612244897959184,764.0967211420135,503.72360397975353,332.0750661344515,218.91737587232987
88.9795918367347,1.0612244897959184,780.201804257419,514.3407291221839,339.07430640426435,223.5315594387256
90.81632653061224,1.0612244897959184,796.3068873728242,524.9578542646143,346.0735466740771,228.14574300512123
92.6530612244898,1.0612244897959184,812.4119704882297,535.5749794070447,353.07278694388987,232.75992657151696
94.48979591836735,1.0612244897959184,828.5170536036352,546.1921045494751,360.07202721370265,237.37411013791268
96.3265306122449,1.0612244897959184,844.6221367190403,556.8092296919053,367.0712674835153,241.98829370430832
98.16326530612245,1.0612244897959184,860.7272198344461,567.4263548343359,374.07050775332834,246.60247727070413
100.0,1.0612244897959184,876.8323029498513,578.0434799767662,381.06974802314096,251.2166608370998
10.0,1.1122448979591837,88.72240811609156,58.489416239353176,38.55859962168725,25.419395514247693
11.83673469387755,1.1122448979591837,105.01836062721043,69.23237024249967,45.64079138893594,30.088264078089107
13.673469387755102,1.1122448979591837,121.31431313832925,79.97532424564618,52.72298315618461,34.75713264193051
15.510204081632654,1.1122448979591837,137.61026564944814,90.71827824879267,59.80517492343329,39.42600120577193
17.346938775510203,1.1122448979591837,153.90621816056697,101.46123225193917,66.88736669068196,44.09486976961333
19.183673469387756,1.1122448979591837,170.20217067168585,112.20418625508567,73.96955845793065,48.763738333454754
21.02040816326531,1.1122448979591837,186.4981231828047,122.94714025823218,81.05175022517933,53.43260689729617
22.857142857142858,1.1122448979591837,202.79407569392356,133.6900942613787,88.133941992428,58.10147546113758
24.693877551020407,1.1122448979591837,219.0900282050424,144.43304826452515,95.21613375967667,62.77034402497898
26.53061224489796,1.1122448979591837,235.38598071616124,155.17600226767166,102.29832552692535,67.43921258882041
28.367346938775512,1.1122448979591837,251.68193322728013,165.9189562708182,109.38051729417406,72.10808115266182
30.20408163265306,1.1122448979591837,267.977885738399,176.66191027396468,116.46270906142271,76.77694971650322
32.04081632653062,1.1122448979591837,284.2738382495179,187.40486427711122,123.54490082867142,81.44581828034465
33.87755102040816,1.1122448979591837,300.5697907606367,198.14781828025764,130.62709259592006,86.11468684418604
35.714285714285715,1.1122448979591837,316.8657432717556,208.89077228340423,137.70928436316876,90.78355540802748
37.55102040816327,1.1122448979591837,333.1616957828744,219.63372628655068,144.79147613041744,95.45242397186888
39.38775510204081,1.1122448979591837,349.4576482939932,230.37668028969716,151.87366789766608,100.12129253571028
41.22448979591837,1.1122448979591837,365.75360080511217,241.11963429284373,158.95585966491484,104.79016109955171
43.06122448979592,1.1122448979591837,382.04955331623097,251.86258829599018,166.03805143216346,109.45902966339311
44.89795918367347,1.1122448979591837,398.3455058273498,262.6055422991367,173.12024319941216,114.12789822723452
46.734693877551024,1.1122448979591837,414.6414583384687,273.3484963022832,180.20243496666083,118.79676679107592
48.57142857142857,1.1122448979591837,430.9374108495876,284.0914503054297,187.2846267339095,123.46563535491737
50.40816326530612,1.1122448979591837,447.2333633607064,294.8344043085762,194.3668185011582,128.13450391875878
52.244897959183675,1.1122448979591837,463.52931587182525,305.57735831172266,201.44901026840685,132.80337248260017
54.08163265306123,1.1122448979591837,479.8252683829441,316.32031231486917,208.53120203565553,137.47224104644158
55.91836734693878,1.1122448979591837,496.121220894063,327.06326631801574,215.61339380290423,142.14110961028302
57.755102040816325,1.1122448979591837,512.4171734051819,337.80622032116224,222.69558557015293,146.80997817412444
59.59183673469388,1.1122448979591837,528.7131259163006,348.54917432430864,229.77777733740155,151.4788467379658
61.42857142857143,1.1122448979591837,545.0090784274196,359.2921283274552,236.85996910465025,156.14771530180724
63.26530612244898,1.1122448979591837,561.3050309385384,370.0350823306017,243.9421608718989,160.81658386564865
65.10204081632654,1.1122448979591837,577.6009834496572,380.77803633374816,251.02435263914762,165.48545242949007
66.93877551020408,1.1122448979591837,593.8969359607762,391.52099033689467,258.1065444063963,170.15432099333148
68.77551020408163,1.1122448979591837,610.1928884718949,402.2639443400412,265.18873617364494,174.82318955717287
70.61224489795919,1.1122448979591837,626.4888409830138,413.00689834318763,272.2709279408936,179.49205812101428
72.44897959183675,1.1122448979591837,642.7847934941328,423.7498523463343,279.3531197081424,184.16092668485575
74.28571428571429,1.1122448979591837,659.0807460052516,434.4928063494807,286.435311475391,188.82979524869714
76.12244897959184,1.1122448979591837,675.3766985163703,445.2357603526272,293.5175032426397,193.49866381253855
77.95918367346938,1.1122448979591837,691.6726510274891,455.9787143557736,300.5996950098883,198.1675323763799
79.79591836734694,1.1122448979591837,707.9686035386081,466.72166835892017,307.68188677713704,202.83640094022138
81.63265306122449,1.1122448979591837,724.264556049727,477.46462236206673,314.7640785443857,207.5052695040628
83.46938775510205,1.1122448979591837,740.5605085608458,488.20757636521324,321.84627031163444,212.1741380679042
85.3061224489796,1.1122448979591837,756.8564610719645,498.95053036835964,328.92846207888306,216.84300663174557
87.14285714285714,1.1122448979591837,773.1524135830837,509.6934843715062,336.0106538461318,221.51187519558704
88.9795918367347,1.1122448979591837,789.4483660942026,520.4364383746528,343.0928456133805,226.18074375942848
90.81632653061224,1.1122448979591837,805.7443186053212,531.1793923777992,350.17503738062913,230.8496123232698
92.6530612244898,1.1122448979591837,822.0402711164402,541.9223463809457,357.2572291478778,235.51848088711125
94.48979591836735,1.1122448979591837,838.336223627559,552.6653003840922,364.3394209151265,240.18734945095267
96.3265306122449,1.1122448979591837,854.6321761386778,563.4082543872387,371.4216126823751,244.85621801479405
98.16326530612245,1.1122448979591837,870.9281286497969,574.1512083903854,378.5038044496239,249.52508657863555
100.0,1.1122448979591837,887.2240811609155,584.8941623935317,385.5859962168725,254.19395514247688
10.0,1.163265306122449,89.77390175334943,59.1826035674308,39.0155768726961,25.720653485190045
11.83673469387755,1.163265306122449,106.26298574886259,70.05287769206096,46.18170323706887,30.444855145735154
13.673469387755102,1.163265306122449,122.75206974437576,80.92315181669112,53.34782960144162,35.16905680628027
15.510204081632654,1.163265306122449,139.24115373988892,91.79342594132125,60.51395596581437,39.89325846682537
17.346938775510203,1.163265306122449,155.73023773540208,102.6637000659514,67.68008233018712,44.617460127370485
19.183673469387756,1.163265306122449,172.21932173091525,113.53397419058156,74.84620869455988,49.34166178791559
21.02040816326531,1.163265306122449,188.7084057264284,124.40424831521169,82.01233505893263,54.0658634484607
22.857142857142858,1.163265306122449,205.19748972194157,135.27452243984186,89.1784614233054,58.79006510900582
24.693877551020407,1.163265306122449,221.68657371745468,146.14479656447196,96.34458778767812,63.514266769550915
26.53061224489796,1.163265306122449,238.17565771296788,157.01507068910215,103.51071415205088,68.23846843009602
28.367346938775512,1.163265306122449,254.66474170848107,167.8853448137323,110.67684051642365,72.96267009064115
30.20408163265306,1.163265306122449,271.15382570399424,178.75561893836246,117.8429668807964,77.68687175118626
32.04081632653062,1.163265306122449,287.6429096995074,189.62589306299262,125.00909324516917,82.41107341173138
33.87755102040816,1.163265306122449,304.1319936950205,200.49616718762275,132.1752196095419,87.13527507227647
35.714285714285715,1.163265306122449,320.62107769053375,211.3664413122529,139.34134597391468,91.85947673282159
37.55102040816327,1.163265306122449,337.11016168604687,222.236715436883,146.5074723382874,96.58367839336668
39.38775510204081,1.163265306122449,353.59924568156,233.1069895615132,153.67359870266014,101.3078800539118
41.22448979591837,1.163265306122449,370.08832967707326,243.9772636861434,160.83972506703296,106.03208171445695
43.06122448979592,1.163265306122449,386.5774136725864,254.8475378107735,168.0058514314057,110.75628337500203
44.89795918367347,1.163265306122449,403.06649766809943,265.7178119354036,175.17197779577842,115.48048503554713
46.734693877551024,1.163265306122449,419.5555816636127,276.58808606003373,182.3381041601512,120.20468669609224
48.57142857142857,1.163265306122449,436.0446656591258,287.45836018466395,189.50423052452393,124.92888835663736
50.40816326530612,1.163265306122449,452.533749654639,298.32863430929405,196.6703568888967,129.65309001718245
52.244897959183675,1.163265306122449,469.02283365015205,309.1989084339242,203.83648325326942,134.37729167772756
54.08163265306123,1.163265306122449,485.5119176456653,320.06918255855436,211.0026096176422,139.10149333827266
55.91836734693878,1.163265306122449,502.00100164117845,330.9394566831845,218.16873598201497,143.8256949988178
57.755102040816325,1.163265306122449,518.4900856366917,341.8097308078147,225.33486234638775,148.54989665936293
59.59183673469388,1.163265306122449,534.9791696322047,352.6800049324448,232.50098871076045,153.274098319908
61.42857142857143,1.163265306122449,551.468253627718,363.55027905707493,239.66711507513324,157.9982999804531
63.26530612244898,1.163265306122449,567.9573376232311,374.42055318170515,246.833241439506,162.72250164099825
65.10204081632654,1.163265306122449,584.4464216187442,385.29082730633525,253.99936780387873,167.44670330154332
66.93877551020408,1.163265306122449,600.9355056142574,396.16110143096546,261.1654941682515,172.17090496208846
68.77551020408163,1.163265306122449,617.4245896097706,407.03137555559556,268.3316205326242,176.89510662263356
70.61224489795919,1.163265306122449,633.9136736052837,417.9016496802257,275.49774689699694,181.61930828317867
72.44897959183675,1.163265306122449,650.402757600797,428.7719238048559,282.66387326136976,186.3435099437238
74.28571428571429,1.163265306122449,666.8918415963101,439.6421979294861,289.8299996257425,191.0677116042689
76.12244897959184,1.163265306122449,683.3809255918234,450.51247205411613,296.9961259901153,195.791913264814
77.95918367346938,1.163265306122449,699.8700095873363,461.38274617874623,304.162252354488,200.5161149253591
79.79591836734694,1.163265306122449,716.3590935828496,472.25302030337645,311.3283787188608,205.24031658590422
81.63265306122449,1.163265306122449,732.8481775783628,483.1232944280066,318.49450508323355,209.96451824644933
83.46938775510205,1.163265306122449,749.3372615738758,493.99356855263676,325.6606314476063,214.68871990699444
85.3061224489796,1.163265306122449,765.826345569389,504.86384267726686,332.826757811979,219.41292156753954
87.14285714285714,1.163265306122449,782.3154295649023,515.734116801897,339.9928841763518,224.13712322808468
88.9795918367347,1.163265306122449,798.8045135604153,526.6043909265272,347.1590105407246,228.8613248886298
90.81632653061224,1.163265306122449,815.2935975559286,537.4746650511573,354.3251369050973,233.5855265491749
92.6530612244898,1.163265306122449,831.7826815514417,548.3449391757875,361.49126326947004,238.30972820972
94.48979591836735,1.163265306122449,848.271765546955,559.2152133004176,368.6573896338428,243.03392987026507
96.3265306122449,1.163265306122449,864.760849542468,570.0854874250477,375.8235159982155,247.7581315308102
98.16326530612245,1.163265306122449,881.2499335379812,580.955761549678,382.9896423625883,252.48233319135534
100.0,1.163265306122449,897.7390175334942,591.8260356743081,390.155768726961,257.2065348519004
10.0,1.2142857142857144,90.83785716765634,59.88400620526367,39.4779699896853,26.02548181503434
11.83673469387755,1.2142857142857144,107.52236154538916,70.8831093858223,46.72902570207647,30.805672352489626
13.673469387755102,1.2142857142857144,124.20686592312194,81.88221256638094,53.98008141446765,35.58586288994491
15.510204081632654,1.2142857142857144,140.89137030085473,92.88131574693958,61.231137126858826,40.3660534274002
17.346938775510203,1.2142857142857144,157.57587467858752,103.8804189274982,68.48219283925,45.14624396485548
19.183673469387756,1.2142857142857144,174.26037905632035,114.87952210805683,75.73324855164118,49.92643450231078
21.02040816326531,1.2142857142857144,190.94488343405314,125.87862528861548,82.98430426403236,54.70662503976607
22.857142857142858,1.2142857142857144,207.6293878117859,136.8777284691741,90.23535997642354,59.48681557722135
24.693877551020407,1.2142857142857144,224.3138921895187,147.87683164973268,97.48641568881469,64.26700611467662
26.53061224489796,1.2142857142857144,240.99839656725152,158.87593483029136,104.7374714012059,69.04719665213193
28.367346938775512,1.2142857142857144,257.68290094498434,169.87503801085,111.98852711359706,73.82738718958721
30.20408163265306,1.2142857142857144,274.3674053227171,180.87414119140863,119.23958282598825,78.6075777270425
32.04081632653062,1.2142857142857144,291.05190970045,191.8732443719673,126.49063853837944,83.3877682644978
33.87755102040816,1.2142857142857144,307.7364140781827,202.87234755252587,133.74169425077056,88.16795880195305
35.714285714285715,1.2142857142857144,324.4209184559155,213.87145073308452,140.99274996316177,92.94814933940835
37.55102040816327,1.2142857142857144,341.10542283364833,224.8705539136432,148.24380567555295,97.72833987686364
39.38775510204081,1.2142857142857144,357.78992721138104,235.86965709420176,155.4948613879441,102.50853041431891
41.22448979591837,1.2142857142857144,374.474431589114,246.86876027476046,162.74591710033533,107.28872095177424
43.06122448979592,1.2142857142857144,391.1589359668467,257.867863455319,169.99697281272648,112.0689114892295
44.89795918367347,1.2142857142857144,407.84344034457945,268.86696663587765,177.24802852511763,116.84910202668476
46.734693877551024,1.2142857142857144,424.5279447223123,279.8660698164363,184.49908423750884,121.62929256414007
48.57142857142857,1.2142857142857144,441.2124491000451,290.86517299699494,191.75013994990002,126.40948310159537
50.40816326530612,1.2142857142857144,457.8969534777779,301.8642761775536,199.0011956622912,131.18967363905065
52.244897959183675,1.2142857142857144,474.5814578555107,312.8633793581122,206.25225137468234,135.96986417650592
54.08163265306123,1.2142857142857144,491.2659622332434,323.8624825386708,213.50330708707347,140.7500547139612
55.91836734693878,1.2142857142857144,507.9504666109763,334.86158571922954,220.75436279946473,145.53024525141652
57.755102040816325,1.2142857142857144,524.6349709887091,345.86068889978816,228.0054185118559,150.31043578887179
59.59183673469388,1.2142857142857144,541.3194753664419,356.8597920803467,235.25647422424703,155.09062632632705
61.42857142857143,1.2142857142857144,558.0039797441747,367.85889526090534,242.50752993663824,159.87081686378235
63.26530612244898,1.2142857142857144,574.6884841219074,378.85799844146396,249.7585856490294,164.65100740123765
65.10204081632654,1.2142857142857144,591.3729884996402,389.8571016220226,257.00964136142056,169.43119793869292
66.93877551020408,1.2142857142857144,608.0574928773732,400.8562048025814,264.2606970738118,174.21138847614824
68.77551020408163,1.2142857142857144,624.7419972551057,411.8553079831399,271.5117527862029,178.99157901360348
70.61224489795919,1.2142857142857144,641.4265016328386,422.8544111636985,278.7628084985941,183.77176955105878
72.44897959183675,1.2142857142857144,658.1110060105716,433.85351434425723,286.01386421098533,188.5519600885141
74.28571428571429,1.2142857142857144,674.7955103883041,444.85261752481574,293.26491992337645,193.33215062596938
76.12244897959184,1.2142857142857144,691.480014766037,455.8517207053745,300.51597563576763,198.11234116342467
77.95918367346938,1.2142857142857144,708.1645191437698,466.8508238859331,307.7670313481588,202.89253170087994
79.79591836734694,1.2142857142857144,724.8490235215027,477.8499270664917,315.01808706055004,207.6727222383352
81.63265306122449,1.2142857142857144,741.5335278992355,488.8490302470504,322.2691427729412,212.45291277579054
83.46938775510205,1.2142857142857144,758.2180322769683,499.84813342760896,329.52019848533234,217.2331033132458
85.3061224489796,1.2142857142857144,774.902536654701,510.84723660816746,336.77125419772347,222.01329385070105
87.14285714285714,1.2142857142857144,791.587041032434,521.8463397887263,344.0223099101147,226.79348438815637
88.9795918367347,1.2142857142857144,808.2715454101668,532.8454429692849,351.27336562250593,231.57367492561173
90.81632653061224,1.2142857142857144,824.9560497878995,543.8445461498435,358.5244213348971,236.35386546306697
92.6530612244898,1.2142857142857144,841.6405541656322,554.8436493304022,365.77547704728823,241.13405600052224
94.48979591836735,1.2142857142857144,858.325058543365,565.8427525109607,373.0265327596794,245.9142465379775
96.3265306122449,1.2142857142857144,875.0095629210977,576.8418556915193,380.27758847207053,250.6944370754328
98.16326530612245,1.2142857142857144,891.6940672988305,587.8409588720781,387.52864418446177,255.47462761288813
100.0,1.2142857142857144,908.3785716765633,598.8400620526367,394.77969989685295,260.2548181503434
10.0,1.2653061224489797,91.91442204976539,60.5937215165969,39.94584315879153,26.333922817889817
11.83673469387755,1.2653061224489797,108.7966628344162,71.72318057066572,47.2828347593859,31.170765784441006
13.673469387755102,1.2653061224489797,125.67890361906697,82.85263962473454,54.61982635998026,36.0076087509922
15.510204081632654,1.2653061224489797,142.56114440371775,93.98209867880335,61.95681796057461,40.844451717543386
17.346938775510203,1.2653061224489797,159.44338518836855,105.11155773287217,69.29380956116897,45.681294684094574
19.183673469387756,1.2653061224489797,176.32562597301936,116.241016786941,76.63080116176334,50.51813765064577
21.02040816326531,1.2653061224489797,193.20786675767013,127.3704758410098,83.9677927623577,55.354980617196965
22.857142857142858,1.2653061224489797,210.09010754232094,138.49993489507864,91.30478436295208,60.19182358374816
24.693877551020407,1.2653061224489797,226.97234832697168,149.62939394914744,98.64177596354642,65.02866655029933
26.53061224489796,1.2653061224489797,243.8545891116225,160.75885300321627,105.9787675641408,69.86550951685054
28.367346938775512,1.2653061224489797,260.73682989627326,171.88831205728508,113.31575916473517,74.70235248340173
30.20408163265306,1.2653061224489797,277.61907068092404,183.01777111135388,120.6527507653295,79.5391954499529
32.04081632653062,1.2653061224489797,294.50131146557493,194.14723016542274,127.9897423659239,84.37603841650412
33.87755102040816,1.2653061224489797,311.3835522502256,205.27668921949154,135.32673396651822,89.21288138305528
35.714285714285715,1.2653061224489797,328.2657930348765,216.40614827356038,142.6637255671126,94.04972434960649
37.55102040816327,1.2653061224489797,345.1480338195272,227.53560732762918,150.00071716770697,98.88656731615768
39.38775510204081,1.2653061224489797,362.030274604178,238.66506638169798,157.33770876830133,103.72341028270885
41.22448979591837,1.2653061224489797,378.91251538882887,249.79452543576687,164.67470036889574,108.56025324926007
43.06122448979592,1.2653061224489797,395.7947561734796,260.9239844898356,172.01169196949004,113.39709621581125
44.89795918367347,1.2653061224489797,412.6769969581303,272.05344354390445,179.3486835700844,118.23393918236242
46.734693877551024,1.2653061224489797,429.55923774278114,283.1829025979733,186.6856751706788,123.07078214891362
48.57142857142857,1.2653061224489797,446.44147852743197,294.31236165204206,194.02266677127315,127.90762511546481
50.40816326530612,1.2653061224489797,463.32371931208274,305.44182070611095,201.35965837186754,132.744468082016
52.244897959183675,1.2653061224489797,480.2059600967335,316.5712797601797,208.6966499724619,137.58131104856722
54.08163265306123,1.2653061224489797,497.0882008813843,327.70073881424855,216.0336415730562,142.41815401511838
55.91836734693878,1.2653061224489797,513.9704416660351,338.8301978683173,223.37063317365056,147.2549969816696
57.755102040816325,1.2653061224489797,530.8526824506858,349.95965692238616,230.70762477424498,152.09183994822078
59.59183673469388,1.2653061224489797,547.7349232353366,361.08911597645493,238.04461637483928,156.92868291477194
61.42857142857143,1.2653061224489797,564.6171640199875,372.2185750305238,245.3816079754337,161.76552588132316
63.26530612244898,1.2653061224489797,581.4994048046383,383.3480340845926,252.71859957602803,166.60236884787435
65.10204081632654,1.2653061224489797,598.3816455892891,394.47749313866143,260.0555911766224,171.43921181442553
66.93877551020408,1.2653061224489797,615.2638863739398,405.60695219273026,267.3925827772168,176.27605478097672
68.77551020408163,1.2653061224489797,632.1461271585905,416.73641124679904,274.7295743778111,181.11289774752788
70.61224489795919,1.2653061224489797,649.0283679432414,427.86587030086787,282.06656597840544,185.94974071407907
72.44897959183675,1.2653061224489797,665.9106087278923,438.9953293549368,289.40355757899994,190.78658368063034
74.28571428571429,1.2653061224489797,682.792849512543,450.12478840900553,296.7405491795942,195.6234266471815
76.12244897959184,1.2653061224489797,699.675090297194,461.2542474630744,304.07754078018866,200.4602696137327
77.95918367346938,1.2653061224489797,716.5573310818445,472.38370651714314,311.41453238078293,205.29711258028385
79.79591836734694,1.2653061224489797,733.4395718664954,483.513165571212,318.7515239813773,210.13395554683507
81.63265306122449,1.2653061224489797,750.3218126511462,494.64262462528086,326.08851558197165,214.97079851338628
83.46938775510205,1.2653061224489797,767.204053435797,505.77208367934975,333.4255071825661,219.80764147993747
85.3061224489796,1.2653061224489797,784.0862942204476,516.9015427334184,340.76249878316037,224.64448444648858
87.14285714285714,1.2653061224489797,800.9685350050986,528.0310017874873,348.0994903837548,229.48132741303988
88.9795918367347,1.2653061224489797,817.8507757897495,539.1604608415562,355.43648198434914,234.31817037959107
90.81632653061224,1.2653061224489797,834.7330165744002,550.289919895625,362.7734735849435,239.15501334614223
92.6530612244898,1.2653061224489797,851.6152573590509,561.4193789496937,370.11046518553786,243.99185631269341
94.48979591836735,1.2653061224489797,868.4974981437017,572.5488380037626,377.44745678613225,248.8286992792446
96.3265306122449,1.2653061224489797,885.3797389283524,583.6782970578313,384.7844483867265,253.66554224579576
98.16326530612245,1.2653061224489797,902.2619797130033,594.8077561119003,392.1214399873209,258.50238521234695
100.0,1.2653061224489797,919.144220497654,605.937215165969,399.45843158791524,263.33922817889817
10.0,1.316326530612245,93.00374584078675,61.31184801908216,40.41926132685356,26.646019309351356
11.83673469387755,1.316326530612245,110.08606650542106,72.57320785932176,47.84320728484707,31.54018612127304
13.673469387755102,1.316326530612245,127.16838717005535,83.83456769956133,55.26715324284058,36.43435293319472
15.510204081632654,1.316326530612245,144.25070783468968,95.09592753980091,62.69109920083409,41.328519745116395
17.346938775510203,1.316326530612245,161.33302849932394,106.35728738004049,70.11504515882758,46.22268655703807
19.183673469387756,1.316326530612245,178.41534916395824,117.61864722028008,77.53899111682111,51.11685336895975
21.02040816326531,1.316326530612245,195.4976698285926,128.88000706051966,84.96293707481462,56.01102018088143
22.857142857142858,1.316326530612245,212.57999049322686,140.14136690075927,92.38688303280813,60.90518699280311
24.693877551020407,1.316326530612245,229.66231115786113,151.4027267409988,99.81082899080161,65.79935380472476
26.53061224489796,1.316326530612245,246.74463182249545,162.6640865812384,107.23477494879515,70.69352061664645
28.367346938775512,1.316326530612245,263.8269524871298,173.925446421478,114.65872090678866,75.58768742856815
30.20408163265306,1.316326530612245,280.909273151764,185.18680626171752,122.08266686478215,80.4818542404898
32.04081632653062,1.316326530612245,297.9915938163984,196.44816610195716,129.5066128227757,85.37602105241152
33.87755102040816,1.316326530612245,315.07391448103266,207.7095259421967,136.9305587807692,90.27018786433317
35.714285714285715,1.316326530612245,332.156235145667,218.9708857824363,144.3545047387627,95.16435467625486
37.55102040816327,1.316326530612245,349.23855581030125,230.2322456226759,151.7784506967562,100.05852148817654
39.38775510204081,1.316326530612245,366.3208764749356,241.4936054629155,159.20239665474972,104.9526883000982
41.22448979591837,1.316326530612245,383.40319713956995,252.7549653031551,166.62634261274326,109.84685511201992
43.06122448979592,1.316326530612245,400.48551780420416,264.0163251433947,174.05028857073674,114.74102192394156
44.89795918367347,1.316326530612245,417.5678384688385,275.27768498363423,181.47423452873025,119.63518873586324
46.734693877551024,1.316326530612245,434.65015913347276,286.5390448238738,188.89818048672376,124.52935554778492
48.57142857142857,1.316326530612245,451.7324797981071,297.8004046641134,196.32212644471727,129.42352235970662
50.40816326530612,1.316326530612245,468.81480046274135,309.061764504353,203.74607240271078,134.31768917162827
52.244897959183675,1.316326530612245,485.89712112737567,320.32312434459254,211.1700183607043,139.21185598354995
54.08163265306123,1.316326530612245,502.97944179200994,331.5844841848321,218.5939643186978,144.1060227954716
55.91836734693878,1.316326530612245,520.0617624566443,342.84584402507176,226.0179102766913,149.00018960739334
57.755102040816325,1.316326530612245,537.1440831212786,354.1072038653113,233.44185623468482,153.894356419315
59.59183673469388,1.316326530612245,554.2264037859128,365.3685637055508,240.8658021926783,158.78852323123664
61.42857142857143,1.316326530612245,571.3087244505473,376.6299235457905,248.28974815067187,163.68269004315837
63.26530612244898,1.316326530612245,588.3910451151814,387.89128338603,255.71369410866538,168.57685685508002
65.10204081632654,1.316326530612245,605.4733657798157,399.15264322626956,263.13764006665883,173.4710236670017
66.93877551020408,1.316326530612245,622.5556864444501,410.4140030665092,270.56158602465234,178.36519047892338
68.77551020408163,1.316326530612245,639.6380071090842,421.6753629067488,277.9855319826458,183.25935729084503
70.61224489795919,1.316326530612245,656.7203277737186,432.9367227469883,285.40947794063936,188.1535241027667
72.44897959183675,1.316326530612245,673.8026484383531,444.19808258722804,292.83342389863293,193.04769091468845
74.28571428571429,1.316326530612245,690.8849691029873,455.45944242746754,300.25736985662644,197.9418577266101
76.12244897959184,1.316326530612245,707.9672897676217,466.7208022677071,307.68131581461995,202.83602453853177
77.95918367346938,1.316326530612245,725.0496104322558,477.9821621079466,315.1052617726134,207.73019135045342
79.79591836734694,1.316326530612245,742.1319310968903,489.2435219481863,322.5292077306069,212.62435816237513
81.63265306122449,1.316326530612245,759.2142517615246,500.5048817884259,329.9531536886005,217.5185249742968
83.46938775510205,1.316326530612245,776.2965724261587,511.7662416286654,337.37709964659393,222.4126917862185
85.3061224489796,1.316326530612245,793.378893090793,523.0276014689049,344.80104560458744,227.30685859814014
87.14285714285714,1.316326530612245,810.4612137554274,534.2889613091446,352.224991562581,232.20102541006187
88.9795918367347,1.316326530612245,827.5435344200619,545.5503211493843,359.6489375205745,237.09519222198358
90.81632653061224,1.316326530612245,844.625855084696,556.8116809896237,367.07288347856803,241.9893590339052
92.6530612244898,1.316326530612245,861.7081757493305,568.0730408298634,374.49682943656154,246.8835258458269
94.48979591836735,1.316326530612245,878.7904964139645,579.3344006701029,381.92077539455505,251.77769265774856
96.3265306122449,1.316326530612245,895.8728170785988,590.5957605103424,389.3447213525485,256.6718594696702
98.16326530612245,1.316326530612245,912.9551377432333,601.8571203505821,396.7686673105421,261.5660262815919
100.0,1.316326530612245,930.0374584078675,613.1184801908215,404.1926132685355,266.46019309351357
10.0,1.3673469387755102,94.1059797529319,62.03848539795302,40.898290210427575,26.961814612442907
11.83673469387755,1.3673469387755102,111.39075154428673,73.43330924655665,48.410221065404066,31.91398464329977
13.673469387755102,1.3673469387755102,128.6755233356416,84.82813309516025,55.922151920380564,36.86615467415663
15.510204081632654,1.3673469387755102,145.9602951269964,96.22295694376389,63.43408277535706,41.818324705013495
17.346938775510203,1.3673469387755102,163.24506691835126,107.6177807923675,70.94601363033354,46.77049473587035
19.183673469387756,1.3673469387755102,180.5298387097061,119.01260464097112,78.45794448531005,51.72266476672722
21.02040816326531,1.3673469387755102,197.8146105010609,130.40742848957473,85.96987534028653,56.67483479758408
22.857142857142858,1.3673469387755102,215.0993822924158,141.80225233817836,93.48180619526305,61.62700482844094
24.693877551020407,1.3673469387755102,232.38415408377054,153.1970761867819,100.9937370502395,66.57917485929778
26.53061224489796,1.3673469387755102,249.6689258751254,164.59190003538558,108.50566790521603,71.53134489015466
28.367346938775512,1.3673469387755102,266.95369766648025,175.98672388398919,116.0175987601925,76.48351492101152
30.20408163265306,1.3673469387755102,284.2384694578351,187.3815477325928,123.529529615169,81.43568495186837
32.04081632653062,1.3673469387755102,301.52324124918994,198.77637158119643,131.04146047014552,86.38785498272524
33.87755102040816,1.3673469387755102,318.8080130405448,210.1711954298,138.55339132512196,91.34002501358209
35.714285714285715,1.3673469387755102,336.0927848318996,221.56601927840364,146.0653221800985,96.29219504443896
37.55102040816327,1.3673469387755102,353.37755662325446,232.96084312700725,153.577253035075,101.24436507529583
39.38775510204081,1.3673469387755102,370.6623284146093,244.35566697561086,161.08918389005146,106.19653510615268
41.22448979591837,1.3673469387755102,387.9471002059642,255.75049082421455,168.60111474502799,111.14870513700957
43.06122448979592,1.3673469387755102,405.231871997319,267.14531467281813,176.11304560000445,116.1008751678664
44.89795918367347,1.3673469387755102,422.5166437886738,278.54013852142174,183.62497645498092,121.05304519872324
46.734693877551024,1.3673469387755102,439.8014155800286,289.93496237002535,191.13690730995742,126.00521522958012
48.57142857142857,1.3673469387755102,457.08618737138346,301.32978621862895,198.64883816493392,130.95738526043698
50.40816326530612,1.3673469387755102,474.37095916273836,312.7246100672326,206.16076901991045,135.90955529129386
52.244897959183675,1.3673469387755102,491.65573095409314,324.11943391583617,213.6726998748869,140.8617253221507
54.08163265306123,1.3673469387755102,508.940502745448,335.5142577644398,221.1846307298634,145.81389535300755
55.91836734693878,1.3673469387755102,526.2252745368029,346.90908161304344,228.69656158483988,150.76606538386443
57.755102040816325,1.3673469387755102,543.5100463281577,358.30390546164705,236.20849243981638,155.71823541472128
59.59183673469388,1.3673469387755102,560.7948181195125,369.69872931025066,243.72042329479288,160.67040544557815
61.42857142857143,1.3673469387755102,578.0795899108673,381.09355315885426,251.23235414976938,165.622575476435
63.26530612244898,1.3673469387755102,595.3643617022221,392.48837700745787,258.7442850047459,170.57474550729188
65.10204081632654,1.3673469387755102,612.649133493577,403.8832008560615,266.2562158597223,175.52691553814873
66.93877551020408,1.3673469387755102,629.9339052849319,415.27802470466514,273.76814671469884,180.4790855690056
68.77551020408163,1.3673469387755102,647.2186770762867,426.6728485532687,281.2800775696753,185.43125559986242
70.61224489795919,1.3673469387755102,664.5034488676415,438.06767240187236,288.79200842465184,190.38342563071927
72.44897959183675,1.3673469387755102,681.7882206589966,449.4624962504761,296.3039392796284,195.33559566157624
74.28571428571429,1.3673469387755102,699.0729924503512,460.85732009907963,303.81587013460484,200.28776569243303
76.12244897959184,1.3673469387755102,716.357764241706,472.2521439476832,311.32780098958136,205.2399357232899
77.95918367346938,1.3673469387755102,733.6425360330608,483.6469677962868,318.8397318445578,210.19210575414672
79.79591836734694,1.3673469387755102,750.9273078244157,495.0417916448904,326.3516626995343,215.1442757850036
81.63265306122449,1.3673469387755102,768.2120796157707,506.4366154934941,333.8635935545108,220.0964458158605
83.46938775510205,1.3673469387755102,785.4968514071255,517.8314393420977,341.37552440948735,225.04861584671738
85.3061224489796,1.3673469387755102,802.7816231984801,529.2262631907012,348.88745526446377,230.00078587757417
87.14285714285714,1.3673469387755102,820.0663949898351,540.6210870393049,356.39938611944035,234.95295590843108
88.9795918367347,1.3673469387755102,837.3511667811902,552.0159108879086,363.9113169744169,239.90512593928798
90.81632653061224,1.3673469387755102,854.6359385725448,563.4107347365122,371.4232478293933,244.8572959701448
92.6530612244898,1.3673469387755102,871.9207103638996,574.8055585851158,378.93517868436976,249.80946600100165
94.48979591836735,1.3673469387755102,889.2054821552545,586.2003824337194,386.4471095393463,254.76163603185853
96.3265306122449,1.3673469387755102,906.4902539466091,597.5952062823229,393.9590403943227,259.7138060627153
98.16326530612245,1.3673469387755102,923.7750257379641,608.9900301309267,401.4709712492993,264.6659760935722
100.0,1.3673469387755102,941.0597975293188,620.3848539795301,408.98290210427564,269.618146124429
10.0,1.4183673469387754,95.22127679050386,62.77373451986265,41.382996304909604,27.28135256363125
11.83673469387755,1.4183673469387754,112.71089905814742,74.3036041255517,48.983954809893,32.29221323858392
13.673469387755102,1.4183673469387754,130.200521325791,85.83347373124076,56.584913314876395,37.3030739135366
15.510204081632654,1.4183673469387754,147.69014359343453,97.3633433369298,64.18587181985978,42.313934588489275
17.346938775510203,1.4183673469387754,165.1797658610781,108.89321294261886,71.7868303248432,47.324795263441956
19.183673469387756,1.4183673469387754,182.6693881287217,120.42308254830795,79.38778882982659,52.33565593839464
21.02040816326531,1.4183673469387754,200.15901039636526,131.95295215399696,86.98874733480997,57.346516613347305
22.857142857142858,1.4183673469387754,217.64863266400883,143.48282175968606,94.58970583979338,62.3573772883
24.693877551020407,1.4183673469387754,235.1382549316523,155.01269136537508,102.19066434477675,67.36823796325265
26.53061224489796,1.4183673469387754,252.62787719929594,166.54256097106415,109.79162284976017,72.37909863820533
28.367346938775512,1.4183673469387754,270.11749946693953,178.07243057675322,117.39258135474357,77.38995931315803
30.20408163265306,1.4183673469387754,287.607121734583,189.60230018244224,124.99353985972695,82.40081998811068
32.04081632653062,1.4183673469387754,305.0967440022266,201.13216978813134,132.59449836471035,87.4116806630634
33.87755102040816,1.4183673469387754,322.58636626987015,212.66203939382038,140.19545686969374,92.42254133801605
35.714285714285715,1.4183673469387754,340.0759885375138,224.19190899950945,147.79641537467717,97.43340201296874
37.55102040816327,1.4183673469387754,357.56561080515735,235.72177860519852,155.39737387966056,102.44426268792141
39.38775510204081,1.4183673469387754,375.0552330728009,247.2516482108875,162.99833238464393,107.45512336287409
41.22448979591837,1.4183673469387754,392.54485534044454,258.7815178165767,170.59929088962738,112.46598403782679
43.06122448979592,1.4183673469387754,410.0344776080881,270.3113874222657,178.20024939461075,117.47684471277945
44.89795918367347,1.4183673469387754,427.5240998757315,281.84125702795467,185.80120789959412,122.4877053877321
46.734693877551024,1.4183673469387754,445.01372214337516,293.37112663364377,193.4021664045775,127.49856606268479
48.57142857142857,1.4183673469387754,462.50334441101876,304.9009962393328,201.00312490956094,132.50942673763748
50.40816326530612,1.4183673469387754,479.9929666786623,316.4308658450219,208.60408341454433,137.52028741259016
52.244897959183675,1.4183673469387754,497.48258894630584,327.96073545071096,216.2050419195277,142.53114808754282
54.08163265306123,1.4183673469387754,514.9722112139493,339.49060505639994,223.80600042451107,147.5420087624955
55.91836734693878,1.4183673469387754,532.461833481593,351.0204746620891,231.4069589294945,152.55286943744818
57.755102040816325,1.4183673469387754,549.9514557492365,362.5503442677781,239.0079174344779,157.56373011240086
59.59183673469388,1.4183673469387754,567.44107801688,374.08021387346713,246.60887593946126,162.57459078735354
61.42857142857143,1.4183673469387754,584.9307002845237,385.6100834791563,254.20983444444468,167.58545146230622
63.26530612244898,1.4183673469387754,602.4203225521672,397.1399530848453,261.81079294942805,172.59631213725888
65.10204081632654,1.4183673469387754,619.9099448198107,408.6698226905343,269.41175145441144,177.60717281221156
66.93877551020408,1.4183673469387754,637.3995670874543,420.1996922962234,277.0127099593949,182.61803348716424
68.77551020408163,1.4183673469387754,654.8891893550979,431.7295619019124,284.61366846437824,187.62889416211692
70.61224489795919,1.4183673469387754,672.3788116227414,443.25943150760145,292.21462696936163,192.6397548370696
72.44897959183675,1.4183673469387754,689.8684338903853,454.7893011132907,299.81558547434514,197.65061551202234
74.28571428571429,1.4183673469387754,707.3580561580286,466.3191707189796,307.4165439793284,202.66147618697494
76.12244897959184,1.4183673469387754,724.8476784256723,477.8490403246687,315.0175024843119,207.67233686192765
77.95918367346938,1.4183673469387754,742.3373006933156,489.3789099303577,322.6184609892952,212.68319753688027
79.79591836734694,1.4183673469387754,759.8269229609593,500.90877953604684,330.21941949427867,217.694058211833
81.63265306122449,1.4183673469387754,777.3165452286029,512.4386491417359,337.8203779992621,222.70491888678572
83.46938775510205,1.4183673469387754,794.8061674962465,523.9685187474249,345.42133650424546,227.71577956173837
85.3061224489796,1.4183673469387754,812.29578976389,535.4983883531139,353.0222950092288,232.726640236691
87.14285714285714,1.4183673469387754,829.7854120315336,547.028257958803,360.62325351421225,237.73750091164374
88.9795918367347,1.4183673469387754,847.2750342991772,558.5581275644922,368.22421201919565,242.7483615865964
90.81632653061224,1.4183673469387754,864.7646565668207,570.0879971701812,375.82517052417904,247.7592222615491
92.6530612244898,1.4183673469387754,882.2542788344643,581.6178667758702,383.4261290291625,252.77008293650175
94.48979591836735,1.4183673469387754,899.7439011021079,593.1477363815592,391.02708753414583,257.7809436114544
96.3265306122449,1.4183673469387754,917.2335233697513,604.6776059872482,398.6280460391292,262.79180428640706
98.16326530612245,1.4183673469387754,934.723145637395,616.2074755929374,406.2290045441126,267.80266496135977
100.0,1.4183673469387754,952.2127679050384,627.7373451986263,413.82996304909597,272.8135256363124
10.0,1.469387755102041,96.34979177113622,63.51769744688537,41.87344689376582,27.604677518911
11.83673469387755,1.469387755102041,114.04669230052859,75.18421330447656,49.56448815996771,32.67492441013955
13.673469387755102,1.469387755102041,131.74359282992097,86.85072916206776,57.255529426169595,37.74517130136811
15.510204081632654,1.469387755102041,149.4404933593133,98.51724501965893,64.94657069237148,42.81541819259666
17.346938775510203,1.469387755102041,167.1373938887057,110.18376087725012,72.63761195857336,47.8856650838252
19.183673469387756,1.469387755102041,184.83429441809807,121.85027673484133,80.32865322477525,52.955911975053766
21.02040816326531,1.469387755102041,202.53119494749043,133.5167925924325,88.01969449097713,58.026158866282316
22.857142857142858,1.469387755102041,220.22809547688283,145.1833084500237,95.71073575717904,63.096405757510865
24.693877551020407,1.469387755102041,237.9249960062751,156.84982430761485,103.4017770233809,68.1666526487394
26.53061224489796,1.469387755102041,255.62189653566756,168.5163401652061,111.0928182895828,73.23689953996798
28.367346938775512,1.469387755102041,273.3187970650599,180.1828560227973,118.78385955578469,78.30714643119651
30.20408163265306,1.469387755102041,291.01569759445226,191.84937188038845,126.47490082198655,83.37739332242506
32.04081632653062,1.469387755102041,308.7125981238447,203.51588773797968,134.16594208818847,88.44764021365363
33.87755102040816,1.469387755102041,326.40949865323694,215.1824035955708,141.8569833543903,93.51788710488216
35.714285714285715,1.469387755102041,344.1063991826294,226.84891945316207,149.54802462059223,98.58813399611073
37.55102040816327,1.469387755102041,361.8032997120218,238.51543531075325,157.23906588679412,103.65838088733928
39.38775510204081,1.469387755102041,379.5002002414141,250.1819511683444,164.930107152996,108.72862777856781
41.22448979591837,1.469387755102041,397.19710077080657,261.84846702593563,172.6211484191979,113.7988746697964
43.06122448979592,1.469387755102041,414.89400130019885,273.5149828835268,180.31218968539974,118.86912156102493
44.89795918367347,1.469387755102041,432.5909018295912,285.18149874111793,188.00323095160164,123.93936845225346
46.734693877551024,1.469387755102041,450.2878023589836,296.84801459870914,195.69427221780353,129.00961534348204
48.57142857142857,1.469387755102041,467.984702888376,308.5145304563004,203.38531348400545,134.0798622347106
50.40816326530612,1.469387755102041,485.6816034177683,320.1810463138916,211.07635475020732,139.15010912593914
52.244897959183675,1.469387755102041,503.3785039471607,331.84756217148276,218.7673960164092,144.2203560171677
54.08163265306123,1.469387755102041,521.075404476553,343.5140780290739,226.45843728261107,149.29060290839624
55.91836734693878,1.469387755102041,538.7723050059454,355.1805938866651,234.14947854881297,154.3608497996248
57.755102040816325,1.469387755102041,556.4692055353378,366.84710974425633,241.84051981501483,159.43109669085334
59.59183673469388,1.469387755102041,574.1661060647301,378.5136256018475,249.5315610812167,164.5013435820819
61.42857142857143,1.469387755102041,591.8630065941226,390.18014145943874,257.2226023474187,169.57159047331047
63.26530612244898,1.469387755102041,609.5599071235149,401.84665731702984,264.91364361362054,174.64183736453901
65.10204081632654,1.469387755102041,627.2568076529072,413.51317317462104,272.6046848798224,179.71208425576754
66.93877551020408,1.469387755102041,644.9537081822996,425.1796890322123,280.29572614602426,184.7823311469961
68.77551020408163,1.469387755102041,662.6506087116919,436.8462048898034,287.9867674122261,189.8525780382246
70.61224489795919,1.469387755102041,680.3475092410844,448.5127207473946,295.67780867842805,194.92282492945318
72.44897959183675,1.469387755102041,698.0444097704767,460.17923660498593,303.36884994462997,199.9930718206818
74.28571428571429,1.469387755102041,715.741310299869,471.84575246257697,311.0598912108318,205.06331871191028
76.12244897959184,1.469387755102041,733.4382108292615,483.51226832016823,318.7509324770337,210.13356560313886
77.95918367346938,1.469387755102041,751.1351113586536,495.17878417775927,326.44197374323556,215.20381249436736
79.79591836734694,1.469387755102041,768.8320118880462,506.8453000353506,334.13301500943743,220.27405938559596
81.63265306122449,1.469387755102041,786.5289124174385,518.5118158929419,341.8240562756394,225.34430627682454
83.46938775510205,1.469387755102041,804.225812946831,530.1783317505331,349.51509754184127,230.41455316805303
85.3061224489796,1.469387755102041,821.9227134762232,541.844847608124,357.2061388080431,235.48480005928158
87.14285714285714,1.469387755102041,839.6196140056157,553.5113634657154,364.89718007424506,240.55504695051016
88.9795918367347,1.469387755102041,857.3165145350082,565.1778793233067,372.588221340447,245.62529384173877
90.81632653061224,1.469387755102041,875.0134150644004,576.8443951808977,380.2792626066488,250.69554073296726
92.6530612244898,1.469387755102041,892.7103155937928,588.510911038489,387.9703038728507,255.76578762419584
94.48979591836735,1.469387755102041,910.4072161231852,600.1774268960801,395.66134513905257,260.8360345154244
96.3265306122449,1.469387755102041,928.1041166525774,611.8439427536713,403.3523864052544,265.9062814066529
98.16326530612245,1.469387755102041,945.80101718197,623.5104586112625,411.0434276714564,270.9765282978815
100.0,1.469387755102041,963.4979177113622,635.1769744688537,418.73446893765816,276.04677518911
10.0,1.5204081632653061,97.49168134728377,64.2704774506842,42.36971005787245,27.931834359961915
11.83673469387755,1.5204081632653061,115.39831669678487,76.07525902325885,50.151901701155154,33.06217128322022
13.673469387755102,1.5204081632653061,133.304952046286,87.88004059583349,57.93409334443785,38.192508206478536
15.510204081632654,1.5204081632653061,151.21158739578706,99.6848221684081,65.71628498772054,43.32284512973684
17.346938775510203,1.5204081632653061,169.11822274528814,111.48960374098276,73.49847663100323,48.45318205299515
19.183673469387756,1.5204081632653061,187.02485809478927,123.29438531355741,81.28066827428593,53.58351897625346
21.02040816326531,1.5204081632653061,204.93149344429037,135.09916688613205,89.06285991756863,58.71385589951177
22.857142857142858,1.5204081632653061,222.83812879379147,146.9039484587067,96.84505156085132,63.84419282277009
24.693877551020407,1.5204081632653061,240.7447641432925,158.70873003128133,104.627243204134,68.97452974602838
26.53061224489796,1.5204081632653061,258.6513994927937,170.51351160385602,112.40943484741672,74.10486666928671
28.367346938775512,1.5204081632653061,276.5580348422948,182.31829317643064,120.1916264906994,79.23520359254502
30.20408163265306,1.5204081632653061,294.46467019179585,194.1230747490053,127.97381813398209,84.36554051580332
32.04081632653062,1.5204081632653061,312.371305541297,205.92785632157995,135.7560097772648,89.49587743906164
33.87755102040816,1.5204081632653061,330.277940890798,217.73263789415455,143.53820142054747,94.62621436231993
35.714285714285715,1.5204081632653061,348.1845762402992,229.53741946672923,151.3203930638302,99.75655128557827
37.55102040816327,1.5204081632653061,366.09121158980025,241.3422010393039,159.10258470711287,104.88688820883658
39.38775510204081,1.5204081632653061,383.9978469393013,253.1469826118785,166.88477635039555,110.01722513209488
41.22448979591837,1.5204081632653061,401.9044822888025,264.9517641844532,174.6669679936783,115.1475620553532
43.06122448979592,1.5204081632653061,419.8111176383035,276.7565457570278,182.44915963696096,120.27789897861149
44.89795918367347,1.5204081632653061,437.7177529878046,288.5613273296024,190.23135128024364,125.40823590186979
46.734693877551024,1.5204081632653061,455.6243883373058,300.36610890217713,198.01354292352636,130.5385728251281
48.57142857142857,1.5204081632653061,473.5310236868068,312.17089047475173,205.79573456680905,135.66890974838643
50.40816326530612,1.5204081632653061,491.43765903630793,323.97567204732644,213.57792621009173,140.79924667164474
52.244897959183675,1.5204081632653061,509.344294385809,335.78045361990104,221.36011785337442,145.92958359490305
54.08163265306123,1.5204081632653061,527.2509297353101,347.58523519247564,229.1423094966571,151.05992051816136
55.91836734693878,1.5204081632653061,545.1575650848113,359.39001676505035,236.92450113993982,156.19025744141967
57.755102040816325,1.5204081632653061,563.0642004343123,371.19479833762495,244.7066927832225,161.320594364678
59.59183673469388,1.5204081632653061,580.9708357838133,382.9995799101996,252.4888844265052,166.45093128793627
61.42857142857143,1.5204081632653061,598.8774711333145,394.80436148277437,260.27107606978797,171.5812682111946
63.26530612244898,1.5204081632653061,616.7841064828156,406.60914305534885,268.05326771307057,176.7116051344529
65.10204081632654,1.5204081632653061,634.6907418323167,418.41392462792345,275.8354593563533,181.84194205771118
66.93877551020408,1.5204081632653061,652.5973771818179,430.2187062004983,283.617650999636,186.97227898096955
68.77551020408163,1.5204081632653061,670.5040125313187,442.02348777307276,291.39984264291866,192.1026159042278
70.61224489795919,1.5204081632653061,688.41064788082,453.82826934564747,299.1820342862014,197.23295282748614
72.44897959183675,1.5204081632653061,706.3172832303212,465.6330509182222,306.96422592948414,202.36328975074446
74.28571428571429,1.5204081632653061,724.2239185798222,477.4378324907969,314.7464175727668,207.4936266740028
76.12244897959184,1.5204081632653061,742.1305539293232,489.2426140633715,322.5286092160495,212.62396359726108
77.95918367346938,1.5204081632653061,760.0371892788244,501.0473956359461,330.3108008593322,217.7543005205194
79.79591836734694,1.5204081632653061,777.9438246283255,512.8521772085207,338.09299250261483,222.88463744377768
81.63265306122449,1.5204081632653061,795.8504599778267,524.6569587810953,345.87518414589755,228.01497436703602
83.46938775510205,1.5204081632653061,813.7570953273276,536.46174035367,353.65737578918026,233.14531129029433
85.3061224489796,1.5204081632653061,831.6637306768287,548.2665219262446,361.4395674324629,238.2756482135526
87.14285714285714,1.5204081632653061,849.5703660263301,560.0713034988194,369.2217590757457,243.40598513681098
88.9795918367347,1.5204081632653061,867.477001375831,571.876085071394,377.0039507190284,248.53632206006927
90.81632653061224,1.5204081632653061,885.3836367253322,583.6808666439687,384.78614236231107,253.66665898332758
92.6530612244898,1.5204081632653061,903.2902720748332,595.4856482165433,392.5683340055937,258.7969959065859
94.48979591836735,1.5204081632653061,921.1969074243343,607.290429789118,400.35052564887644,263.9273328298442
96.3265306122449,1.5204081632653061,939.1035427738352,619.0952113616925,408.13271729215904,269.05766975310246
98.16326530612245,1.5204081632653061,957.0101781233366,630.8999929342672,415.9149089354419,274.1880066763608
100.0,1.5204081632653061,974.9168134728375,642.7047745068418,423.6971005787245,279.3183435996191
10.0,1.5714285714285714,93.82800654370632,65.03217902684624,42.8718546849662,28.262868500378975
11.83673469387755,1.5714285714285714,111.06172203132584,76.97686497055268,50.74627697404162,33.454007612693474
13.673469387755102,1.5714285714285714,128.2954375189454,88.92155091425916,58.62069926311707,38.64514672500799
15.510204081632654,1.5714285714285714,145.5291530065649,100.86623685796559,66.49512155219247,43.836285837322485
17.346938775510203,1.5714285714285714,162.76286849418443,112.81092280167205,74.3695438412679,49.027424949636995
19.183673469387756,1.5714285714285714,179.99658398180398,124.7556087453785,82.24396613034332,54.2185640619515
21.02040816326531,1.5714285714285714,197.2302994694235,136.70029468908496,90.11838841941875,59.409703174266006
22.857142857142858,1.5714285714285714,214.46401495704305,148.64498063279143,97.99281070849419,64.60084228658052
24.693877551020407,1.5714285714285714,231.6977304446625,160.58966657649785,105.86723299756959,69.791981398895
26.53061224489796,1.5714285714285714,248.9314459322821,172.53435252020432,113.74165528664504,74.9831205112095
28.367346938775512,1.5714285714285714,266.16516141990166,184.4790384639108,121.61607757572048,80.17425962352404
30.20408163265306,1.5714285714285714,283.3988769075211,196.42372440761721,129.49049986479588,85.36539873583853
32.04081632653062,1.5714285714285714,300.63259239514076,208.36841035132372,137.36492215387133,90.55653784815306
33.87755102040816,1.5714285714285714,317.8663078827602,220.31309629503014,145.23934444294673,95.74767696046754
35.714285714285715,1.5714285714285714,335.1000233703798,232.25778223873664,153.11376673202219,100.93881607278206
37.55102040816327,1.5714285714285714,352.33373885799926,244.20246818244303,160.98818902109758,106.12995518509655
39.38775510204081,1.5714285714285714,369.5674543456188,256.1471541261495,168.862611310173,111.32109429741107
41.22448979591837,1.5714285714285714,386.80116983323836,268.091840069856,176.73703359924846,116.51223340972557
43.06122448979592,1.5714285714285714,404.0348853208578,280.0365260135624,184.61145588832386,121.70337252204006
44.89795918367347,1.5714285714285714,421.26860080847734,291.98121195726884,192.4858781773993,126.89451163435457
46.734693877551024,1.5714285714285714,438.5023162960969,303.9258979009753,200.36030046647468,132.08565074666907
48.57142857142857,1.5714285714285714,455.73603178371644,315.87058384468173,208.23472275555014,137.2767898589836
50.40816326530612,1.5714285714285714,472.96974727133596,327.8152697883882,216.1091450446256,142.46792897129808
52.244897959183675,1.5714285714285714,490.2034627589555,339.7599557320947,223.983567333701,147.6590680836126
54.08163265306123,1.5714285714285714,507.43717824657494,351.70464167580104,231.8579896227764,152.85020719592708
55.91836734693878,1.5714285714285714,524.6708937341946,363.6493276195075,239.7324119118518,158.0413463082416
57.755102040816325,1.5714285714285714,541.9046092218141,375.594013563214,247.60683420092727,163.2324854205561
59.59183673469388,1.5714285714285714,559.1383247094335,387.5386995069204,255.48125649000266,168.42362453287058
61.42857142857143,1.5714285714285714,576.3720401970531,399.48338545062694,263.3556787790781,173.6147636451851
63.26530612244898,1.5714285714285714,593.6057556846727,411.42807139433336,271.23010106815354,178.8059027574996
65.10204081632654,1.5714285714285714,610.8394711722923,423.37275733803983,279.10452335722897,183.99704186981413
66.93877551020408,1.5714285714285714,628.0731866599117,435.3174432817463,286.9789456463044,189.1881809821286
68.77551020408163,1.5714285714285714,645.3069021475312,447.26212922545267,294.8533679353797,194.3793200944431
70.61224489795919,1.5714285714285714,662.5406176351507,459.2068151691592,302.7277902244552,199.57045920675765
72.44897959183675,1.5714285714285714,679.7743331227705,471.15150111286573,310.6022125135307,204.7615983190722
74.28571428571429,1.5714285714285714,697.0080486103899,483.0961870565721,318.4766348026061,209.95273743138662
76.12244897959184,1.5714285714285714,714.2417640980093,495.04087300027857,326.3510570916815,215.14387654370114
77.95918367346938,1.5714285714285714,731.4754795856288,506.9855589439849,334.22547938075684,220.3350156560156
79.79591836734694,1.5714285714285714,748.7091950732485,518.9302448876915,342.0999016698324,225.52615476833017
81.63265306122449,1.5714285714285714,765.942910560868,530.8749308313979,349.9743239589078,230.7172938806447
83.46938775510205,1.5714285714285714,783.1766260484875,542.8196167751044,357.84874624798323,235.90843299295918
85.3061224489796,1.5714285714285714,800.4103415361069,554.7643027188107,365.7231685370586,241.0995721052736
87.14285714285714,1.5714285714285714,817.6440570237265,566.7089886625173,373.5975908261341,246.29071121758818
88.9795918367347,1.5714285714285714,834.8777725113463,578.6536746062238,381.47201311520956,251.48185032990273
90.81632653061224,1.5714285714285714,852.1114879989656,590.5983605499301,389.3464354042849,256.6729894422172
92.6530612244898,1.5714285714285714,869.3452034865851,602.5430464936366,397.2208576933603,261.8641285545317
94.48979591836735,1.5714285714285714,886.5789189742047,614.487732437343,405.0952799824358,267.05526766684625
96.3265306122449,1.5714285714285714,903.812634461824,626.4324183810494,412.9697022715111,272.2464067791606
98.16326530612245,1.5714285714285714,921.0463499494438,638.3771043247559,420.8441245605866,277.4375458914752
100.0,1.5714285714285714,938.2800654370631,650.3217902684622,428.71854684966195,282.62868500378966
10.0,1.6224489795918369,89.79468501739898,65.8029079093882,43.379950479206826,28.59782589197636
11.83673469387755,1.6224489795918369,106.28758634712533,77.88915630090848,51.34769648559176,33.850487790502626
13.673469387755102,1.6224489795918369,122.78048767685166,89.97540469242877,59.31544249197668,39.103149689028896
15.510204081632654,1.6224489795918369,139.273389006578,102.06165308394904,67.28318849836161,44.355811587555166
17.346938775510203,1.6224489795918369,155.76629033630434,114.14790147546931,75.25093450474652,49.60847348608143
19.183673469387756,1.6224489795918369,172.2591916660307,126.23414986698961,83.21868051113145,54.86113538460771
21.02040816326531,1.6224489795918369,188.75209299575704,138.3203982585099,91.1864265175164,60.11379728313398
22.857142857142858,1.6224489795918369,205.24499432548342,150.4066466500302,99.15417252390132,65.36645918166026
24.693877551020407,1.6224489795918369,221.73789565520966,162.4928950415504,107.12191853028622,70.6191210801865
26.53061224489796,1.6224489795918369,238.23079698493603,174.57914343307073,115.08966453667117,75.87178297871277
28.367346938775512,1.6224489795918369,254.7236983146624,186.66539182459104,123.05741054305611,81.12444487723906
30.20408163265306,1.6224489795918369,271.21659964438874,198.7516402161113,131.02515654944102,86.37710677576533
32.04081632653062,1.6224489795918369,287.7095009741151,210.8378886076316,138.99290255582596,91.62976867429161
33.87755102040816,1.6224489795918369,304.2024023038414,222.9241369991518,146.96064856221085,96.88243057281784
35.714285714285715,1.6224489795918369,320.69530363356785,235.01038539067218,154.92839456859585,102.13509247134415
37.55102040816327,1.6224489795918369,337.1882049632941,247.09663378219238,162.8961405749807,107.3877543698704
39.38775510204081,1.6224489795918369,353.6811062930204,259.1828821737127,170.86388658136565,112.64041626839665
41.22448979591837,1.6224489795918369,370.17400762274684,271.26913056523307,178.83163258775062,117.89307816692296
43.06122448979592,1.6224489795918369,386.6669089524731,283.35537895675327,186.7993785941355,123.1457400654492
44.89795918367347,1.6224489795918369,403.1598102821994,295.4416273482735,194.76712460052042,128.39840196397546
46.734693877551024,1.6224489795918369,419.6527116119258,307.5278757397938,202.73487060690536,133.65106386250173
48.57142857142857,1.6224489795918369,436.14561294165213,319.61412413131416,210.7026166132903,138.90372576102803
50.40816326530612,1.6224489795918369,452.6385142713784,331.70037252283436,218.67036261967525,144.15638765955427
52.244897959183675,1.6224489795918369,469.13141560110483,343.78662091435467,226.63810862606016,149.40904955808057
54.08163265306123,1.6224489795918369,485.62431693083107,355.87286930587493,234.60585463244507,154.6617114566068
55.91836734693878,1.6224489795918369,502.11721826055754,367.95911769739524,242.57360063883,159.91437335513308
57.755102040816325,1.6224489795918369,518.6101195902838,380.0453660889155,250.54134664521493,165.16703525365938
59.59183673469388,1.6224489795918369,535.1030209200102,392.1316144804358,258.5090926515998,170.41969715218562
61.42857142857143,1.6224489795918369,551.5959222497366,404.21786287195613,266.4768386579848,175.67235905071192
63.26530612244898,1.6224489795918369,568.0888235794629,416.3041112634764,274.44458466436976,180.9250209492382
65.10204081632654,1.6224489795918369,584.5817249091891,428.3903596549966,282.4123306707546,186.17768284776443
66.93877551020408,1.6224489795918369,601.0746262389156,440.47660804651696,290.3800766771396,191.4303447462907
68.77551020408163,1.6224489795918369,617.5675275686418,452.56285643803716,298.34782268352444,196.68300664481697
70.61224489795919,1.6224489795918369,634.0604288983682,464.6491048295575,306.3155686899094,201.93566854334327
72.44897959183675,1.6224489795918369,650.5533302280946,476.7353532210779,314.28331469629444,207.18833044186957
74.28571428571429,1.6224489795918369,667.046231557821,488.82160161259804,322.2510607026793,212.4409923403958
76.12244897959184,1.6224489795918369,683.5391328875473,500.9078500041184,330.21880670906427,217.69365423892208
77.95918367346938,1.6224489795918369,700.0320342172735,512.9940983956385,338.18655271544907,222.9463161374483
79.79591836734694,1.6224489795918369,716.5249355469999,525.0803467871589,346.15429872183404,228.1989780359746
81.63265306122449,1.6224489795918369,733.0178368767263,537.1665951786792,354.122044728219,233.45163993450086
83.46938775510205,1.6224489795918369,749.5107382064526,549.2528435701995,362.089790734604,238.70430183302716
85.3061224489796,1.6224489795918369,766.0036395361788,561.3390919617196,370.0575367409887,243.95696373155337
87.14285714285714,1.6224489795918369,782.4965408659052,573.42534035324,378.02528274737375,249.20962563007967
88.9795918367347,1.6224489795918369,798.9894421956318,585.5115887447604,385.9930287537587,254.46228752860597
90.81632653061224,1.6224489795918369,815.482343525358,597.5978371362805,393.9607747601436,259.71494942713224
92.6530612244898,1.6224489795918369,831.9752448550844,609.6840855278009,401.9285207665286,264.9676113256585
94.48979591836735,1.6224489795918369,848.4681461848107,621.7703339193213,409.8962667729135,270.2202732241848
96.3265306122449,1.6224489795918369,864.961047514537,633.8565823108413,417.8640127792984,275.47293512271096
98.16326530612245,1.6224489795918369,881.4539488442633,645.9428307023617,425.83175878568335,280.7255970212373
100.0,1.6224489795918369,897.9468501739897,658.0290790938819,433.7995047920682,285.97825891976356
10.0,1.6734693877551021,85.86929951227192,66.58277108543334,43.89406797085296,28.936753031166216
11.83673469387755,1.6734693877551021,101.64121166758719,78.81225965214558,51.956243720601464,34.25166685321716
13.673469387755102,1.6734693877551021,117.41312382290243,91.04174821885785,60.01841947034997,39.56658067526809
15.510204081632654,1.6734693877551021,133.18503597821768,103.27123678557008,68.08059522009846,44.88149449731903
17.346938775510203,1.6734693877551021,148.95694813353293,115.50072535228232,76.14277096984696,50.196408319369965
19.183673469387756,1.6734693877551021,164.7288602888482,127.7302139189946,84.20494671959548,55.51132214142091
21.02040816326531,1.6734693877551021,180.50077244416343,139.95970248570683,92.26712246934397,60.826235963471845
22.857142857142858,1.6734693877551021,196.2726845994787,152.1891910524191,100.32929821909248,66.1411497855228
24.693877551020407,1.6734693877551021,212.04459675479393,164.4186796191313,108.39147396884097,71.45606360757371
26.53061224489796,1.6734693877551021,227.81650891010918,176.64816818584356,116.45364971858947,76.77097742962465
28.367346938775512,1.6734693877551021,243.58842106542446,188.87765675255582,124.515825468338,82.0858912516756
30.20408163265306,1.6734693877551021,259.3603332207397,201.10714531926806,132.57800121808648,87.40080507372653
32.04081632653062,1.6734693877551021,275.132245376055,213.33663388598032,140.64017696783503,92.7157188957775
33.87755102040816,1.6734693877551021,290.9041575313701,225.56612245269253,148.70235271758347,98.03063271782841
35.714285714285715,1.6734693877551021,306.6760696866855,237.7956110194048,156.76452846733198,103.34554653987935
37.55102040816327,1.6734693877551021,322.4479818420007,250.02509958611702,164.8267042170805,108.66046036193029
39.38775510204081,1.6734693877551021,338.219893997316,262.2545881528293,172.888879966829,113.97537418398123
41.22448979591837,1.6734693877551021,353.9918061526312,274.4840767195416,180.9510557165775,119.29028800603217
43.06122448979592,1.6734693877551021,369.7637183079464,286.71356528625375,189.013231466326,124.6052018280831
44.89795918367347,1.6734693877551021,385.5356304632616,298.943053852966,197.07540721607447,129.92011565013402
46.734693877551024,1.6734693877551021,401.307542618577,311.1725424196783,205.137582965823,135.23502947218498
48.57142857142857,1.6734693877551021,417.0794547738922,323.4020309863905,213.1997587155715,140.54994329423593
50.40816326530612,1.6734693877551021,432.8513669292074,335.63151955310275,221.26193446532,145.86485711628683
52.244897959183675,1.6734693877551021,448.62327908452266,347.861008119815,229.32411021506852,151.17977093833778
54.08163265306123,1.6734693877551021,464.3951912398379,360.0904966865272,237.386285964817,156.49468476038874
55.91836734693878,1.6734693877551021,480.1671033951532,372.3199852532395,245.44846171456552,161.80959858243966
57.755102040816325,1.6734693877551021,495.93901555046847,384.54947381995174,253.51063746431404,167.12451240449062
59.59183673469388,1.6734693877551021,511.7109277057836,396.7789623866639,261.5728132140625,172.4394262265415
61.42857142857143,1.6734693877551021,527.482839861099,409.0084509533762,269.63498896381105,177.7543400485925
63.26530612244898,1.6734693877551021,543.2547520164142,421.23793952008845,277.6971647135595,183.06925387064342
65.10204081632654,1.6734693877551021,559.0266641717294,433.4674280868007,285.759340463308,188.38416769269435
66.93877551020408,1.6734693877551021,574.7985763270447,445.69691665351303,293.8215162130565,193.6990815147453
68.77551020408163,1.6734693877551021,590.5704884823598,457.9264052202251,301.88369196280496,199.0139953367962
70.61224489795919,1.6734693877551021,606.3424006376752,470.1558937869375,309.94586771255354,204.32890915884715
72.44897959183675,1.6734693877551021,622.1143127929905,482.3853823536498,318.00804346230206,209.64382298089814
74.28571428571429,1.6734693877551021,637.8862249483057,494.61487092036197,326.0702192120505,214.95873680294903
76.12244897959184,1.6734693877551021,653.658137103621,506.84435948707426,334.1323949617991,220.27365062500002
77.95918367346938,1.6734693877551021,669.4300492589362,519.0738480537864,342.1945707115475,225.5885644470509
79.79591836734694,1.6734693877551021,685.2019614142515,531.3033366204987,350.2567464612961,230.90347826910184
81.63265306122449,1.6734693877551021,700.9738735695668,543.532825187211,358.31892221104454,236.2183920911528
83.46938775510205,1.6734693877551021,716.745785724882,555.7623137539232,366.38109796079306,241.53330591320375
85.3061224489796,1.6734693877551021,732.5176978801971,567.9918023206353,374.4432737105415,246.84821973525465
87.14285714285714,1.6734693877551021,748.2896100355125,580.2212908873477,382.50544946029004,252.16313355730563
88.9795918367347,1.6734693877551021,764.0615221908278,592.45077945406,390.5676252100386,257.47804737935655
90.81632653061224,1.6734693877551021,779.8334343461429,604.6802680207721,398.629800959787,262.7929612014075
92.6530612244898,1.6734693877551021,795.6053465014584,616.9097565874845,406.69197670953565,268.10787502345846
94.48979591836735,1.6734693877551021,811.3772586567735,629.1392451541967,414.75415245928406,273.4227888455094
96.3265306122449,1.6734693877551021,827.1491708120888,641.3687337209088,422.8163282090325,278.7377026675603
98.16326530612245,1.6734693877551021,842.9210829674041,653.5982222876212,430.8785039587811,284.05261648961124
100.0,1.6734693877551021,858.6929951227191,665.8277108543333,438.94067970852956,289.3675303116621
10.0,1.7244897959183674,82.04841543930085,67.37187681006293,44.41427852605254,29.279696965412914
11.83673469387755,1.7244897959183674,97.1185325608051,79.74630316293162,52.57200315328667,34.657600489672426
13.673469387755102,1.7244897959183674,112.18864968230935,92.12072951580033,60.729727780520825,40.03550401393195
15.510204081632654,1.7244897959183674,127.25876680381359,104.49515586866903,68.88745240775496,45.41340753819146
17.346938775510203,1.7244897959183674,142.3288839253178,116.86958222153771,77.04517703498908,50.791311062450966
19.183673469387756,1.7244897959183674,157.3990010468221,129.24400857440642,85.20290166222325,56.16921458671049
21.02040816326531,1.7244897959183674,172.4691181683263,141.61843492727513,93.36062628945739,61.547118110970004
22.857142857142858,1.7244897959183674,187.53923528983054,153.99286128014384,101.51835091669152,66.92502163522951
24.693877551020407,1.7244897959183674,202.60935241133475,166.3672876330125,109.67607554392563,72.302925159489
26.53061224489796,1.7244897959183674,217.679469532839,178.7417139858812,117.83380017115978,77.68082868374854
28.367346938775512,1.7244897959183674,232.74958665434326,191.11614033874994,125.99152479839395,83.05873220800807
30.20408163265306,1.7244897959183674,247.81970377584747,203.4905666916186,134.14924942562806,88.43663573226756
32.04081632653062,1.7244897959183674,262.88982089735174,215.8649930444874,142.30697405286222,93.8145392565271
33.87755102040816,1.7244897959183674,277.95993801885595,228.239419397356,150.46469868009632,99.19244278078659
35.714285714285715,1.7244897959183674,293.0300551403602,240.61384575022473,158.6224233073305,104.57034630504613
37.55102040816327,1.7244897959183674,308.10017226186443,252.98827210309344,166.78014793456464,109.94824982930562
39.38775510204081,1.7244897959183674,323.17028938336864,265.3626984559621,174.93787256179874,115.32615335356512
41.22448979591837,1.7244897959183674,338.240406504873,277.7371248088309,183.09559718903296,120.70405687782468
43.06122448979592,1.7244897959183674,353.3105236263772,290.11155116169954,191.25332181626706,126.08196040208416
44.89795918367347,1.7244897959183674,368.3806407478814,302.4859775145682,199.41104644350116,131.45986392634367
46.734693877551024,1.7244897959183674,383.45075786938565,314.86040386743696,207.56877107073532,136.8377674506032
48.57142857142857,1.7244897959183674,398.5208749908899,327.23483022030564,215.72649569796945,142.21567097486272
50.40816326530612,1.7244897959183674,413.5909921123942,339.6092565731744,223.88422032520364,147.59357449912224
52.244897959183675,1.7244897959183674,428.6611092338984,351.98368292604306,232.04194495243775,152.97147802338174
54.08163265306123,1.7244897959183674,443.73122635540255,364.3581092789117,240.19966957967185,158.34938154764126
55.91836734693878,1.7244897959183674,458.8013434769069,376.7325356317805,248.35739420690606,163.7272850719008
57.755102040816325,1.7244897959183674,473.8714605984111,389.10696198464916,256.5151188341402,169.1051885961603
59.59183673469388,1.7244897959183674,488.94157771991524,401.48138833751784,264.67284346137427,174.4830921204198
61.42857142857143,1.7244897959183674,504.0116948414196,413.8558146903865,272.83056808860846,179.86099564467932
63.26530612244898,1.7244897959183674,519.0818119629239,426.23024104325526,280.9882927158426,185.23889916893884
65.10204081632654,1.7244897959183674,534.151929084428,438.60466739612394,289.14601734307666,190.61680269319837
66.93877551020408,1.7244897959183674,549.2220462059323,450.9790937489926,297.30374197031085,195.99470621745786
68.77551020408163,1.7244897959183674,564.2921633274364,463.35352010186125,305.4614665975449,201.37260974171733
70.61224489795919,1.7244897959183674,579.3622804489407,475.72794645473004,313.6191912247791,206.75051326597688
72.44897959183675,1.7244897959183674,594.4323975704451,488.10237280759884,321.7769158520133,212.12841679023646
74.28571428571429,1.7244897959183674,609.5025146919493,500.47679916046746,329.93464047924743,217.50632031449592
76.12244897959184,1.7244897959183674,624.5726318134535,512.8512255133362,338.09236510648157,222.88422383875545
77.95918367346938,1.7244897959183674,639.6427489349577,525.2256518662049,346.2500897337157,228.2621273630149
79.79591836734694,1.7244897959183674,654.7128660564618,537.6000782190735,354.40781436094977,233.64003088727443
81.63265306122449,1.7244897959183674,669.7829831779662,549.9745045719422,362.56553898818396,239.01793441153401
83.46938775510205,1.7244897959183674,684.8531002994704,562.3489309248109,370.7232636154181,244.39583793579348
85.3061224489796,1.7244897959183674,699.9232174209745,574.7233572776796,378.8809882426522,249.773741460053
87.14285714285714,1.7244897959183674,714.9933345424789,587.0977836305484,387.0387128698864,255.15164498431253
88.9795918367347,1.7244897959183674,730.0634516639833,599.4722099834171,395.19643749712054,260.5295485085721
90.81632653061224,1.7244897959183674,745.1335687854873,611.8466363362858,403.3541621243547,265.90745203283154
92.6530612244898,1.7244897959183674,760.2036859069917,624.2210626891545,411.5118867515888,271.28535555709107
94.48979591836735,1.7244897959183674,775.2738030284959,636.5954890420231,419.66961137882294,276.6632590813506
96.3265306122449,1.7244897959183674,790.3439201499999,648.9699153948917,427.827336006057,282.04116260561005
98.16326530612245,1.7244897959183674,805.4140372715044,661.3443417477606,435.9850606332913,287.41906612986963
100.0,1.7244897959183674,820.4841543930085,673.7187681006292,444.14278526052533,292.79696965412904
10.0,1.7755102040816326,78.32870017991567,68.17033462134337,44.940654356749526,29.62670529976388
11.83673469387755,1.7755102040816326,92.71560429459406,80.6914164905697,53.195060259009644,35.0683450487001
13.673469387755102,1.7755102040816326,107.10250840927245,93.21249835979604,61.44946616126976,40.50998479763633
15.510204081632654,1.7755102040816326,121.48941252395085,105.73358022902238,69.70387206352987,45.951624546572546
17.346938775510203,1.7755102040816326,135.87631663862922,118.2546620982487,77.95827796578999,51.393264295508764
19.183673469387756,1.7755102040816326,150.26322075330762,130.77574396747505,86.2126838680501,56.83490404444499
21.02040816326531,1.7755102040816326,164.650124867986,143.29682583670137,94.46708977031021,62.27654379338121
22.857142857142858,1.7755102040816326,179.03702898266442,155.81790770592772,102.72149567257034,67.71818354231745
24.693877551020407,1.7755102040816326,193.42393309734274,168.338989575154,110.97590157483042,73.15982329125364
26.53061224489796,1.7755102040816326,207.81083721202114,180.86007144438034,119.23030747709056,78.60146304018987
28.367346938775512,1.7755102040816326,222.19774132669957,193.38115331360672,127.48471337935068,84.0431027891261
30.20408163265306,1.7755102040816326,236.58464544137792,205.902235182833,135.73911928161078,89.4847425380623
32.04081632653062,1.7755102040816326,250.97154955605635,218.4233170520594,143.99352518387096,94.92638228699856
33.87755102040816,1.7755102040816326,265.35845367073466,230.94439892128565,152.24793108613102,100.36802203593476
35.714285714285715,1.7755102040816326,279.74535778541315,243.46548079051206,160.50233698839116,105.809661784871
37.55102040816327,1.7755102040816326,294.13226190009146,255.98656265973838,168.75674289065128,111.25130153380722
39.38775510204081,1.7755102040816326,308.51916601476984,268.50764452896465,177.01114879291134,116.6929412827434
41.22448979591837,1.7755102040816326,322.9060701294483,281.0287263981911,185.26555469517155,122.13458103167967
43.06122448979592,1.7755102040816326,337.29297424412664,293.54980826741735,193.5199605974316,127.57622078061587
44.89795918367347,1.7755102040816326,351.679878358805,306.0708901366437,201.77436649969172,133.0178605295521
46.734693877551024,1.7755102040816326,366.0667824734834,318.59197200587005,210.02877240195184,138.45950027848832
48.57142857142857,1.7755102040816326,380.4536865881618,331.11305387509634,218.28317830421196,143.90114002742453
50.40816326530612,1.7755102040816326,394.84059070284025,343.63413574432275,226.5375842064721,149.3427797763608
52.244897959183675,1.7755102040816326,409.22749481751856,356.155217613549,234.7919901087322,154.78441952529698
54.08163265306123,1.7755102040816326,423.61439893219693,368.67629948277533,243.04639601099228,160.22605927423322
55.91836734693878,1.7755102040816326,438.00130304687536,381.19738135200174,251.30080191325243,165.66769902316943
57.755102040816325,1.7755102040816326,452.3882071615538,393.71846322122803,259.5552078155126,171.10933877210564
59.59183673469388,1.7755102040816326,466.77511127623205,406.23954509045427,267.8096137177726,176.55097852104186
61.42857142857143,1.7755102040816326,481.1620153909105,418.7606269596807,276.06401962003275,181.9926182699781
63.26530612244898,1.7755102040816326,495.5489195055889,431.281708828907,284.3184255222929,187.43425801891433
65.10204081632654,1.7755102040816326,509.93582362026723,443.80279069813326,292.572831424553,192.87589776785052
66.93877551020408,1.7755102040816326,524.3227277349457,456.32387256735973,300.82723732681313,198.31753751678679
68.77551020408163,1.7755102040816326,538.709631849624,468.84495443658597,309.0816432290732,203.75917726572294
70.61224489795919,1.7755102040816326,553.0965359643025,481.3660363058124,317.33604913133337,209.20081701465918
72.44897959183675,1.7755102040816326,567.4834400789811,493.88711817503884,325.59045503359357,214.64245676359548
74.28571428571429,1.7755102040816326,581.8703441936592,506.40820004426496,333.8448609358536,220.08409651253163
76.12244897959184,1.7755102040816326,596.2572483083377,518.9292819134913,342.0992668381137,225.52573626146787
77.95918367346938,1.7755102040816326,610.644152423016,531.4503637827177,350.3536727403738,230.96737601040408
79.79591836734694,1.7755102040816326,625.0310565376944,543.971445651944,358.608078642634,236.40901575934032
81.63265306122449,1.7755102040816326,639.4179606523728,556.4925275211705,366.8624845448941,241.85065550827656
83.46938775510205,1.7755102040816326,653.8048647670512,569.0136093903967,375.11689044715416,247.29229525721277
85.3061224489796,1.7755102040816326,668.1917688817294,581.534691259623,383.37129634941425,252.73393500614898
87.14285714285714,1.7755102040816326,682.578672996408,594.0557731288493,391.6257022516744,258.1755747550852
88.9795918367347,1.7755102040816326,696.9655771110864,606.5768549980758,399.88010815393454,263.6172145040215
90.81632653061224,1.7755102040816326,711.3524812257647,619.097936867302,408.1345140561946,269.05885425295764
92.6530612244898,1.7755102040816326,725.7393853404432,631.6190187365285,416.3889199584547,274.5004940018939
94.48979591836735,1.7755102040816326,740.1262894551215,644.1401006057546,424.64332586071487,279.9421337508301
96.3265306122449,1.7755102040816326,754.5131935697998,656.6611824749809,432.8977317629749,285.3837734997663
98.16326530612245,1.7755102040816326,768.9000976844784,669.1822643442074,441.15213766523516,290.82541324870255
100.0,1.7755102040816326,783.2870017991565,681.7033462134336,449.40654356749513,296.2670529976387
10.0,1.8265306122448979,74.70691997604983,68.97825535553142,45.473268530707664,29.97782620345772
11.83673469387755,1.8265306122448979,88.42859915532429,81.64773082899637,53.82550152614376,35.48395754694995
13.673469387755102,1.8265306122448979,102.15027833459875,94.31720630246133,62.177734521579865,40.99008889044219
15.510204081632654,1.8265306122448979,115.87195751387318,106.98668177592627,70.52996751701596,46.496220233934416
17.346938775510203,1.8265306122448979,129.59363669314763,119.65615724939121,78.88220051245206,52.00235157742664
19.183673469387756,1.8265306122448979,143.31531587242213,132.32563272285617,87.23443350788818,57.50848292091889
21.02040816326531,1.8265306122448979,157.03699505169658,144.99510819632113,95.58666650332427,63.01461426441111
22.857142857142858,1.8265306122448979,170.75867423097102,157.66458366978608,103.93889949876036,68.52074560790335
24.693877551020407,1.8265306122448979,184.48035341024544,170.334059143251,112.29113249419645,74.02687695139556
26.53061224489796,1.8265306122448979,198.20203258951994,183.003534616716,120.64336548963257,79.53300829488782
28.367346938775512,1.8265306122448979,211.9237117687944,195.67301009018092,128.99559848506868,85.03913963838005
30.20408163265306,1.8265306122448979,225.64539094806887,208.34248556364588,137.34783148050477,90.54527098187228
32.04081632653062,1.8265306122448979,239.36707012734334,221.01196103711086,145.7000644759409,96.05140232536453
33.87755102040816,1.8265306122448979,253.08874930661773,233.68143651057576,154.05229747137693,101.55753366885673
35.714285714285715,1.8265306122448979,266.81042848589226,246.35091198404075,162.4045304668131,107.063665012349
37.55102040816327,1.8265306122448979,280.53210766516673,259.0203874575057,170.75676346224918,112.56979635584122
39.38775510204081,1.8265306122448979,294.25378684444115,271.6898629309706,179.10899645768524,118.07592769933343
41.22448979591837,1.8265306122448979,307.97546602371574,284.3593384044357,187.46122945312143,123.58205904282572
43.06122448979592,1.8265306122448979,321.69714520299004,297.0288138779005,195.81346244855746,129.0881903863179
44.89795918367347,1.8265306122448979,335.4188243822645,309.6982893513655,204.16569544399357,134.59432172981013
46.734693877551024,1.8265306122448979,349.140503561539,322.3677648248305,212.51792843942968,140.1004530733024
48.57142857142857,1.8265306122448979,362.86218274081347,335.03724029829544,220.8701614348658,145.60658441679462
50.40816326530612,1.8265306122448979,376.58386192008794,347.7067157717604,229.2223944303019,151.11271576028685
52.244897959183675,1.8265306122448979,390.3055410993623,360.3761912452253,237.57462742573796,156.61884710377907
54.08163265306123,1.8265306122448979,404.0272202786368,373.0456667186902,245.926860421174,162.12497844727127
55.91836734693878,1.8265306122448979,417.74889945791125,385.71514219215527,254.27909341661018,167.63110979076356
57.755102040816325,1.8265306122448979,431.47057863718567,398.3846176656201,262.63132641204623,173.13724113425576
59.59183673469388,1.8265306122448979,445.1922578164602,411.05409313908507,270.98355940748235,178.64337247774802
61.42857142857143,1.8265306122448979,458.9139369957347,423.7235686125501,279.3357924029185,184.14950382124027
63.26530612244898,1.8265306122448979,472.6356161750091,436.393044086015,287.68802539835457,189.65563516473247
65.10204081632654,1.8265306122448979,486.3572953542835,449.0625195594799,296.0402583937906,195.1617665082247
66.93877551020408,1.8265306122448979,500.078974533558,461.73199503294495,304.3924913892268,200.66789785171696
68.77551020408163,1.8265306122448979,513.8006537128324,474.4014705064098,312.74472438466285,206.17402919520913
70.61224489795919,1.8265306122448979,527.5223328921069,487.07094597987486,321.09695738009896,211.68016053870141
72.44897959183675,1.8265306122448979,541.2440120713815,499.74042145333993,329.4491903755351,217.1862918821937
74.28571428571429,1.8265306122448979,554.9656912506558,512.4098969268048,337.8014233709712,222.69242322568587
76.12244897959184,1.8265306122448979,568.6873704299304,525.0793724002697,346.1536563664073,228.19855456917816
77.95918367346938,1.8265306122448979,582.4090496092048,537.7488478737347,354.5058893618434,233.7046859126703
79.79591836734694,1.8265306122448979,596.1307287884792,550.4183233471996,362.8581223572795,239.21081725616256
81.63265306122449,1.8265306122448979,609.8524079677536,563.0877988206645,371.2103553527156,244.7169485996548
83.46938775510205,1.8265306122448979,623.5740871470282,575.7572742941295,379.56258834815173,250.22307994314704
85.3061224489796,1.8265306122448979,637.2957663263024,588.4267497675943,387.91482134358773,255.72921128663924
87.14285714285714,1.8265306122448979,651.017445505577,601.0962252410594,396.2670543390239,261.23534263013147
88.9795918367347,1.8265306122448979,664.7391246848516,613.7657007145244,404.6192873344601,266.7414739736238
90.81632653061224,1.8265306122448979,678.460803864126,626.4351761879893,412.9715203298961,272.247605317116
92.6530612244898,1.8265306122448979,692.1824830434005,639.1046516614543,421.32375332533223,277.75373666060824
94.48979591836735,1.8265306122448979,705.9041622226749,651.7741271349192,429.6759863207683,283.2598680041005
96.3265306122449,1.8265306122448979,719.6258414019493,664.4436026083841,438.0282193162044,288.76599934759264
98.16326530612245,1.8265306122448979,733.3475205812239,677.1130780818492,446.3804523116405,294.27213069108495
100.0,1.8265306122448979,747.0691997604982,689.782553555314,454.73268530707657,299.77826203457715
10.0,1.8775510204081634,71.17993691404173,69.79575116245977,46.01219498165332,30.333108416610834
11.83673469387755,1.8775510204081634,84.25380287784535,82.61537892699322,54.46341446807945,35.904495676804665
13.673469387755102,1.8775510204081634,97.32766884164893,95.43500669152664,62.914633954505575,41.475882936998495
15.510204081632654,1.8775510204081634,110.4015348054525,108.25463445606005,71.36585344093169,47.04727019719232
17.346938775510203,1.8775510204081634,123.47540076925608,121.07426222059347,79.8170729273578,52.61865745738615
19.183673469387756,1.8775510204081634,136.54926673305968,133.89388998512692,88.26829241378394,58.19004471757997
21.02040816326531,1.8775510204081634,149.62313269686328,146.71351774966035,96.71951190021005,63.7614319777738
22.857142857142858,1.8775510204081634,162.69699866066685,159.5331455141938,105.17073138663618,69.33281923796763
24.693877551020407,1.8775510204081634,175.77086462447042,172.35277327872717,113.62195087306226,74.90420649816144
26.53061224489796,1.8775510204081634,188.84473058827402,185.17240104326063,122.07317035948843,80.47559375835529
28.367346938775512,1.8775510204081634,201.91859655207764,197.99202880779404,130.52438984591453,86.04698101854912
30.20408163265306,1.8775510204081634,214.99246251588116,210.81165657232745,138.97560933234064,91.61836827874292
32.04081632653062,1.8775510204081634,228.0663284796848,223.63128433686097,147.42682881876678,97.18975553893678
33.87755102040816,1.8775510204081634,241.14019444348833,236.45091210139432,155.8780483051929,102.76114279913057
35.714285714285715,1.8775510204081634,254.21406040729198,249.27053986592776,164.329267791619,108.33253005932443
37.55102040816327,1.8775510204081634,267.2879263710955,262.09016763046117,172.78048727804514,113.90391731951824
39.38775510204081,1.8775510204081634,280.3617923348991,274.9097953949946,181.23170676447126,119.47530457971206
41.22448979591837,1.8775510204081634,293.4356582987028,287.7294231595281,189.6829262508974,125.0466918399059
43.06122448979592,1.8775510204081634,306.50952426250626,300.5490509240615,198.1341457373235,130.61807910009972
44.89795918367347,1.8775510204081634,319.58339022630986,313.3686786885949,206.58536522374962,136.18946636029355
46.734693877551024,1.8775510204081634,332.65725619011346,326.18830645312835,215.03658471017573,141.76085362048738
48.57142857142857,1.8775510204081634,345.73112215391706,339.0079342176617,223.48780419660184,147.33224088068118
50.40816326530612,1.8775510204081634,358.8049881177206,351.82756198219516,231.93902368302795,152.903628140875
52.244897959183675,1.8775510204081634,371.8788540815242,364.6471897467286,240.39024316945407,158.47501540106884
54.08163265306123,1.8775510204081634,384.9527200453278,377.46681751126204,248.84146265588024,164.04640266126268
55.91836734693878,1.8775510204081634,398.02658600913134,390.2864452757954,257.2926821423063,169.6177899214565
57.755102040816325,1.8775510204081634,411.10045197293493,403.10607304032885,265.74390162873243,175.18917718165034
59.59183673469388,1.8775510204081634,424.17431793673853,415.9257008048623,274.19512111515854,180.76056444184417
61.42857142857143,1.8775510204081634,437.2481839005422,428.7453285693957,282.64634060158465,186.331951702038
63.26530612244898,1.8775510204081634,450.3220498643457,441.56495633392916,291.09756008801077,191.90333896223183
65.10204081632654,1.8775510204081634,463.39591582814927,454.3845840984626,299.54877957443694,197.47472622242563
66.93877551020408,1.8775510204081634,476.4697817919529,467.20421186299603,307.99999906086305,203.0461134826195
68.77551020408163,1.8775510204081634,489.5436477557564,480.0238396275294,316.45121854728916,208.61750074281326
70.61224489795919,1.8775510204081634,502.61751371956,492.84346739206285,324.90243803371527,214.18888800300712
72.44897959183675,1.8775510204081634,515.6913796833638,505.66309515659646,333.3536575201415,219.760275263201
74.28571428571429,1.8775510204081634,528.7652456471673,518.4827229211297,341.8048770065675,225.33166252339478
76.12244897959184,1.8775510204081634,541.8391116109708,531.3023506856632,350.25609649299366,230.90304978358864
77.95918367346938,1.8775510204081634,554.9129775747743,544.1219784501965,358.7073159794198,236.4744370437824
79.79591836734694,1.8775510204081634,567.9868435385779,556.94160621473,367.1585354658459,242.04582430397622
81.63265306122449,1.8775510204081634,581.0607095023817,569.7612339792635,375.60975495227206,247.6172115641701
83.46938775510205,1.8775510204081634,594.1345754661852,582.5808617437968,384.06097443869817,253.18859882436394
85.3061224489796,1.8775510204081634,607.2084414299887,595.4004895083302,392.5121939251242,258.7599860845577
87.14285714285714,1.8775510204081634,620.2823073937924,608.2201172728637,400.9634134115504,264.33137334475157
88.9795918367347,1.8775510204081634,633.356173357596,621.0397450373972,409.4146328979765,269.9027606049454
90.81632653061224,1.8775510204081634,646.4300393213995,633.8593728019306,417.86585238440256,275.4741478651392
92.6530612244898,1.8775510204081634,659.5039052852031,646.6790005664641,426.3170718708287,281.04553512533306
94.48979591836735,1.8775510204081634,672.5777712490068,659.4986283309975,434.76829135725484,286.6169223855269
96.3265306122449,1.8775510204081634,685.6516372128102,672.3182560955307,443.21951084368095,292.18830964572066
98.16326530612245,1.8775510204081634,698.7255031766139,685.1378838600643,451.6707303301072,297.75969690591455
100.0,1.8775510204081634,711.7993691404174,697.9575116245976,460.12194981653323,303.3310841661083
10.0,1.9285714285714286,67.74470599954422,70.6229355211049,46.5575085195385,30.69260125698309
11.83673469387755,1.9285714285714286,80.18761118313398,83.59449510661396,55.108887635372106,36.33001781438815
13.673469387755102,1.9285714285714286,92.63051636672375,96.56605469212305,63.66026675120571,41.96743437179321
15.510204081632654,1.9285714285714286,105.07342155031348,109.53761427763209,72.21164586703931,47.60485092919826
17.346938775510203,1.9285714285714286,117.51632673390326,122.50917386314117,80.7630249828729,53.24226748660331
19.183673469387756,1.9285714285714286,129.959231917493,135.48073344865023,89.31440409870652,58.87968404400838
21.02040816326531,1.9285714285714286,142.40213710108276,148.4522930341593,97.86578321454012,64.51710060141343
22.857142857142858,1.9285714285714286,154.84504228467253,161.42385261966837,106.41716233037374,70.15451715881849
24.693877551020407,1.9285714285714286,167.28794746826225,174.3954122051774,114.96854144620731,75.79193371622354
26.53061224489796,1.9285714285714286,179.73085265185202,187.36697179068648,123.51992056204091,81.4293502736286
28.367346938775512,1.9285714285714286,192.1737578354418,200.33853137619556,132.07129967787455,87.06676683103366
30.20408163265306,1.9285714285714286,204.6166630190315,213.3100909617046,140.62267879370813,92.70418338843872
32.04081632653062,1.9285714285714286,217.05956820262134,226.28165054721373,149.17405790954174,98.3415999458438
33.87755102040816,1.9285714285714286,229.502473386211,239.25321013272273,157.72543702537533,103.97901650324881
35.714285714285715,1.9285714285714286,241.94537856980085,252.22476971823184,166.27681614120897,109.6164330606539
37.55102040816327,1.9285714285714286,254.38828375339054,265.1963293037408,174.82819525704252,115.25384961805895
39.38775510204081,1.9285714285714286,266.8311889369803,278.1678888892499,183.3795743728761,120.891266175464
41.22448979591837,1.9285714285714286,279.27409412057017,291.1394484747591,191.9309534887098,126.5286827328691
43.06122448979592,1.9285714285714286,291.7169993041598,304.11100806026803,200.48233260454336,132.1660992902741
44.89795918367347,1.9285714285714286,304.15990448774954,317.08256764577715,209.03371172037694,137.80351584767917
46.734693877551024,1.9285714285714286,316.60280967133934,330.0541272312862,217.58509083621055,143.44093240508423
48.57142857142857,1.9285714285714286,329.0457148549291,343.0256868167953,226.13646995204417,149.07834896248931
50.40816326530612,1.9285714285714286,341.4886200385189,355.9972464023043,234.68784906787778,154.71576551989438
52.244897959183675,1.9285714285714286,353.9315252221086,368.96880598781337,243.23922818371133,160.3531820772994
54.08163265306123,1.9285714285714286,366.3744304056983,381.94036557332237,251.7906072995449,165.99059863470444
55.91836734693878,1.9285714285714286,378.8173355892881,394.91192515883154,260.3419864153786,171.62801519210953
57.755102040816325,1.9285714285714286,391.2602407728779,407.88348474434054,268.89336553121217,177.26543174951456
59.59183673469388,1.9285714285714286,403.7031459564676,420.8550443298496,277.44474464704575,182.90284830691962
61.42857142857143,1.9285714285714286,416.1460511400574,433.8266039153587,285.9961237628794,188.54026486432468
63.26530612244898,1.9285714285714286,428.58895632364715,446.79816350086776,294.547502878713,194.17768142172977
65.10204081632654,1.9285714285714286,441.0318615072369,459.76972308637676,303.09888199454656,199.8150979791348
66.93877551020408,1.9285714285714286,453.4747666908267,472.74128267188587,311.6502611103802,205.45251453653987
68.77551020408163,1.9285714285714286,465.9176718744163,485.71284225739487,320.2016402262137,211.0899310939449
70.61224489795919,1.9285714285714286,478.36057705800613,498.6844018429039,328.75301934204737,216.72734765134996
72.44897959183675,1.9285714285714286,490.80348224159604,511.6559614284132,337.30439845788106,222.36476420875508
74.28571428571429,1.9285714285714286,503.2463874251857,524.6275210139221,345.8557775737146,228.00218076616008
76.12244897959184,1.9285714285714286,515.6892926087755,537.5990805994313,354.40715668954823,233.63959732356517
77.95918367346938,1.9285714285714286,528.1321977923651,550.5706401849403,362.95853580538176,239.27701388097017
79.79591836734694,1.9285714285714286,540.575102975955,563.5421997704493,371.50991492121545,244.9144304383753
81.63265306122449,1.9285714285714286,553.0180081595447,576.5137593559583,380.061294037049,250.55184699578032
83.46938775510205,1.9285714285714286,565.4609133431345,589.4853189414675,388.6126731528826,256.1892635531854
85.3061224489796,1.9285714285714286,577.9038185267241,602.4568785269764,397.1640522687161,261.8266801105904
87.14285714285714,1.9285714285714286,590.3467237103141,615.4284381124857,405.71543138454985,267.46409666799553
88.9795918367347,1.9285714285714286,602.7896288939038,628.3999976979946,414.26681050038343,273.1015132254006
90.81632653061224,1.9285714285714286,615.2325340774935,641.3715572835038,422.81818961621696,278.7389297828056
92.6530612244898,1.9285714285714286,627.6754392610834,654.3431168690129,431.36956873205065,284.3763463402107
94.48979591836735,1.9285714285714286,640.1183444446731,667.3146764545219,439.9209478478842,290.0137628976157
96.3265306122449,1.9285714285714286,652.5612496282627,680.2862360400308,448.47232696371776,295.6511794550207
98.16326530612245,1.9285714285714286,665.0041548118526,693.25779562554,457.0237060795515,301.28859601242584
100.0,1.9285714285714286,677.4470599954421,706.2293552110489,465.575085195385,306.92601256983085
10.0,1.9795918367346939,64.39827232068356,71.45992325533939,47.10928484092528,31.056354626823797
11.83673469387755,1.9795918367346939,76.22652642040094,84.5852152818303,55.76201062803401,36.760583027668986
13.673469387755102,1.9795918367346939,88.05478052011834,97.71050730832123,64.41473641514273,42.464811428514174
15.510204081632654,1.9795918367346939,99.88303461983574,110.83579933481214,73.06746220225146,48.169039829359356
17.346938775510203,1.9795918367346939,111.7112887195531,123.96109136130302,81.72018798936017,53.87326823020454
19.183673469387756,1.9795918367346939,123.53954281927051,137.08638338779394,90.3729137764689,59.57749663104973
21.02040816326531,1.9795918367346939,135.3677969189879,150.21167541428485,99.02563956357764,65.28172503189492
22.857142857142858,1.9795918367346939,147.19605101870528,163.33696744077577,107.67836535068636,70.9859534327401
24.693877551020407,1.9795918367346939,159.02430511842263,176.46225946726665,116.33109113779506,76.69018183358529
26.53061224489796,1.9795918367346939,170.85255921814004,189.5875514937576,124.9838169249038,82.39441023443048
28.367346938775512,1.9795918367346939,182.68081331785743,202.71284352024847,133.63654271201253,88.09863863527568
30.20408163265306,1.9795918367346939,194.5090674175748,215.83813554673938,142.28926849912125,93.80286703612084
32.04081632653062,1.9795918367346939,206.33732151729222,228.96342757323032,150.94199428623,99.50709543696605
33.87755102040816,1.9795918367346939,218.1655756170096,242.0887195997212,159.5947200733387,105.21132383781121
35.714285714285715,1.9795918367346939,229.993829716727,255.21401162621214,168.24744586044744,110.91555223865643
37.55102040816327,1.9795918367346939,241.82208381644438,268.339303652703,176.90017164755616,116.6197806395016
39.38775510204081,1.9795918367346939,253.65033791616173,281.4645956791939,185.55289743466486,122.32400904034677
41.22448979591837,1.9795918367346939,265.4785920158792,294.58988770568493,194.20562322177366,128.028237441192
43.06122448979592,1.9795918367346939,277.30684611559656,307.7151797321757,202.85834900888233,133.73246584203716
44.89795918367347,1.9795918367346939,289.13510021531386,320.8404717586666,211.511074795991,139.43669424288234
46.734693877551024,1.9795918367346939,300.9633543150313,333.96576378515755,220.16380058309977,145.14092264372755
48.57142857142857,1.9795918367346939,312.7916084147487,347.09105581164846,228.8165263702085,150.84515104457273
50.40816326530612,1.9795918367346939,324.6198625144661,360.21634783813937,237.46925215731724,156.5493794454179
52.244897959183675,1.9795918367346939,336.4481166141835,373.3416398646303,246.12197794442596,162.25360784626312
54.08163265306123,1.9795918367346939,348.2763707139008,386.46693189112113,254.77470373153466,167.95783624710825
55.91836734693878,1.9795918367346939,360.1046248136183,399.59222391761216,263.4274295186434,173.66206464795349
57.755102040816325,1.9795918367346939,371.9328789133356,412.717515944103,272.08015530575216,179.36629304879867
59.59183673469388,1.9795918367346939,383.761133013053,425.84280797059387,280.7328810928608,185.07052144964382
61.42857142857143,1.9795918367346939,395.5893871127704,438.96809999708483,289.3856068799696,190.77474985048903
63.26530612244898,1.9795918367346939,407.4176412124878,452.0933920235758,298.0383326670783,196.4789782513342
65.10204081632654,1.9795918367346939,419.24589531220516,465.21868405006654,306.691058454187,202.1832066521794
66.93877551020408,1.9795918367346939,431.0741494119225,478.3439760765576,315.3437842412958,207.8874350530246
68.77551020408163,1.9795918367346939,442.9024035116399,491.46926810304836,323.99651002840443,213.59166345386976
70.61224489795919,1.9795918367346939,454.7306576113573,504.59456012953933,332.6492358155132,219.29589185471494
72.44897959183675,1.9795918367346939,466.55891171107476,517.7198521560304,341.301961602622,225.00012025556018
74.28571428571429,1.9795918367346939,478.38716581079217,530.8451441825213,349.9546873897307,230.70434865640533
76.12244897959184,1.9795918367346939,490.2154199105095,543.9704362090121,358.6074131768394,236.40857705725054
77.95918367346938,1.9795918367346939,502.0436740102268,557.095728235503,367.26013896394807,242.11280545809566
79.79591836734694,1.9795918367346939,513.8719281099443,570.2210202619939,375.9128647510568,247.8170338589409
81.63265306122449,1.9795918367346939,525.7001822096618,583.3463122884849,384.56559053816557,253.5212622597861
83.46938775510205,1.9795918367346939,537.528436309379,596.4716043149757,393.21831632527426,259.2254906606313
85.3061224489796,1.9795918367346939,549.3566904090964,609.5968963414666,401.87104211238295,264.9297190614765
87.14285714285714,1.9795918367346939,561.1849445088138,622.7221883679575,410.5237678994917,270.63394746232166
88.9795918367347,1.9795918367346939,573.0131986085313,635.8474803944486,419.17649368660045,276.3381758631669
90.81632653061224,1.9795918367346939,584.8414527082485,648.9727724209394,427.82921947370914,282.042404264012
92.6530612244898,1.9795918367346939,596.6697068079661,662.0980644474304,436.481945260818,287.7466326648572
94.48979591836735,1.9795918367346939,608.4979609076834,675.2233564739212,445.13467104792664,293.45086106570244
96.3265306122449,1.9795918367346939,620.3262150074007,688.3486485004121,453.78739683503534,299.15508946654757
98.16326530612245,1.9795918367346939,632.1544691071182,701.473940526903,462.4401226221441,304.85931786739275
100.0,1.9795918367346939,643.9827232068355,714.5992325533939,471.0928484092528,310.5635462682379
10.0,2.0306122448979593,61.137768296794356,71.87254912102938,47.667600539493655,31.424419019798805
11.83673469387755,2.0306122448979593,72.36715431049129,85.0736295718307,56.422874107972085,37.19625108465981
13.673469387755102,2.0306122448979593,83.59654032418823,98.27471002263202,65.17814767645051,42.968083149520815
15.510204081632654,2.0306122448979593,94.82592633788514,111.4757904734333,73.93342124492894,48.73991521438181
17.346938775510203,2.0306122448979593,106.05531235158205,124.67687092423463,82.68869481340735,54.51174727924282
19.183673469387756,2.0306122448979593,117.28469836527898,137.87795137503593,91.44396838188578,60.28357934410383
21.02040816326531,2.0306122448979593,128.5140843789759,151.07903182583726,100.19924195036421,66.05541140896483
22.857142857142858,2.0306122448979593,139.74347039267283,164.28011227663856,108.95451551884263,71.82724347382583
24.693877551020407,2.0306122448979593,150.97285640636971,177.48119272743983,117.70978908732103,77.59907553868682
26.53061224489796,2.0306122448979593,162.20224242006665,190.68227317824122,126.46506265579949,83.37090760354785
28.367346938775512,2.0306122448979593,173.43162843376362,203.88335362904252,135.2203362242779,89.14273966840885
30.20408163265306,2.0306122448979593,184.66101444746047,217.0844340798438,143.9756097927563,94.91457173326984
32.04081632653062,2.0306122448979593,195.8904004611575,230.2855145306452,152.7308833612348,100.68640379813087
33.87755102040816,2.0306122448979593,207.11978647485435,243.48659498144642,161.4861569297132,106.45823586299184
35.714285714285715,2.0306122448979593,218.34917248855132,256.6876754322478,170.24143049819162,112.23006792785287
37.55102040816327,2.0306122448979593,229.5785585022482,269.8887558830491,178.99670406667005,118.00189999271386
39.38775510204081,2.0306122448979593,240.8079445159451,283.08983633385037,187.75197763514845,123.77373205757485
41.22448979591837,2.0306122448979593,252.0373305296421,296.2909167846518,196.50725120362694,129.5455641224359
43.06122448979592,2.0306122448979593,263.266716543339,309.491997235453,205.26252477210534,135.31739618729688
44.89795918367347,2.0306122448979593,274.4961025570359,322.69307768625436,214.01779834058374,141.08922825215788
46.734693877551024,2.0306122448979593,285.7254885707328,335.8941581370557,222.77307190906214,146.86106031701888
48.57142857142857,2.0306122448979593,296.9548745844298,349.095238587857,231.52834547754063,152.6328923818799
50.40816326530612,2.0306122448979593,308.1842605981267,362.29631903865834,240.28361904601903,158.40472444674091
52.244897959183675,2.0306122448979593,319.4136466118236,375.4973994894596,249.03889261449743,164.1765565116019
54.08163265306123,2.0306122448979593,330.64303262552045,388.6984799402608,257.79416618297586,169.9483885764629
55.91836734693878,2.0306122448979593,341.8724186392174,401.8995603910622,266.5494397514543,175.72022064132392
57.755102040816325,2.0306122448979593,353.1018046529143,415.10064084186354,275.3047133199327,181.4920527061849
59.59183673469388,2.0306122448979593,364.33119066661123,428.30172129266487,284.0599868884111,187.26388477104592
61.42857142857143,2.0306122448979593,375.5605766803082,441.5028017434662,292.8152604568896,193.03571683590692
63.26530612244898,2.0306122448979593,386.78996269400506,454.7038821942674,301.570534025368,198.80754890076793
65.10204081632654,2.0306122448979593,398.019348707702,467.90496264506874,310.32580759384643,204.57938096562893
66.93877551020408,2.0306122448979593,409.248734721399,481.10604309587006,319.08108116232484,210.35121303048993
68.77551020408163,2.0306122448979593,420.4781207350958,494.30712354667133,327.8363547308032,216.1230450953509
70.61224489795919,2.0306122448979593,431.70750674879275,507.50820399747266,336.5916282992817,221.8948771602119
72.44897959183675,2.0306122448979593,442.93689276248983,520.7092844482742,345.34690186776015,227.66670922507302
74.28571428571429,2.0306122448979593,454.16627877618663,533.9103648990754,354.10217543623855,233.43854128993394
76.12244897959184,2.0306122448979593,465.3956647898836,547.1114453498767,362.85744900471695,239.210373354795
77.95918367346938,2.0306122448979593,476.6250508035805,560.3125258006779,371.6127225731954,244.98220541965594
79.79591836734694,2.0306122448979593,487.85443681727736,573.5136062514792,380.3679961416738,250.75403748451697
81.63265306122449,2.0306122448979593,499.08382283097444,586.7146867022807,389.1232697101523,256.525869549378
83.46938775510205,2.0306122448979593,510.31320884467135,599.9157671530819,397.87854327863073,262.297701614239
85.3061224489796,2.0306122448979593,521.5425948583681,613.1168476038832,406.633816847109,268.06953367909995
87.14285714285714,2.0306122448979593,532.7719808720652,626.3179280546846,415.38909041558753,273.841365743961
88.9795918367347,2.0306122448979593,544.0013668857621,639.5190085054859,424.144363984066,279.613197808822
90.81632653061224,2.0306122448979593,555.2307528994589,652.7200889562872,432.8996375525444,285.385029873683
92.6530612244898,2.0306122448979593,566.4601389131559,665.9211694070885,441.6549111210228,291.156861938544
94.48979591836735,2.0306122448979593,577.6895249268529,679.1222498578899,450.41018468950125,296.928694003405
96.3265306122449,2.0306122448979593,588.9189109405496,692.323330308691,459.1654582579796,302.70052606826596
98.16326530612245,2.0306122448979593,600.1482969542467,705.5244107594925,467.9207318264581,308.472358133127
100.0,2.0306122448979593,611.3776829679435,718.7254912102936,476.6760053949364,314.24419019798796
10.0,2.0816326530612246,57.960411010136255,68.82241509142344,48.23253311667354,31.79684552799963
11.83673469387755,2.0816326530612246,68.60620078750821,81.46326684290936,57.091569811572754,37.637082461713845
13.673469387755102,2.0816326530612246,79.2519905648802,94.10411859439533,65.95060650647198,43.47731939542807
15.510204081632654,2.0816326530612246,89.89778034225216,106.74497034588126,74.8096432013712,49.317556329142285
17.346938775510203,2.0816326530612246,100.5435701196241,119.38582209736718,83.66867989627042,55.1577932628565
19.183673469387756,2.0816326530612246,111.1893598969961,132.02667384885314,92.52771659116965,60.99803019657072
21.02040816326531,2.0816326530612246,121.83514967436805,144.66752560033905,101.38675328606887,66.83826713028493
22.857142857142858,2.0816326530612246,132.48093945174003,157.30837735182502,110.2457899809681,72.67850406399916
24.693877551020407,2.0816326530612246,143.12672922911196,169.94922910331093,119.1048266758673,78.51874099771337
26.53061224489796,2.0816326530612246,153.77251900648395,182.5900808547969,127.96386337076653,84.35897793142759
28.367346938775512,2.0816326530612246,164.41830878385593,195.2309326062828,136.82290006566575,90.19921486514181
30.20408163265306,2.0816326530612246,175.06409856122787,207.87178435776872,145.68193676056495,96.039451798856
32.04081632653062,2.0816326530612246,185.70988833859988,220.51263610925474,154.5409734554642,101.87968873257027
33.87755102040816,2.0816326530612246,196.3556781159718,233.15348786074063,163.40001015036339,107.71992566628444
35.714285714285715,2.0816326530612246,207.0014678933438,245.7943396122266,172.25904684526265,113.56016259999869
37.55102040816327,2.0816326530612246,217.64725767071573,258.43519136371253,181.11808354016188,119.4003995337129
39.38775510204081,2.0816326530612246,228.29304744808766,271.0760431151984,189.97712023506105,125.2406364674271
41.22448979591837,2.0816326530612246,238.93883722545974,283.71689486668447,198.83615692996037,131.08087340114136
43.06122448979592,2.0816326530612246,249.58462700283164,296.3577466181703,207.6951936248595,136.92111033485557
44.89795918367347,2.0816326530612246,260.23041678020354,308.9985983696562,216.55423031975872,142.76134726856972
46.734693877551024,2.0816326530612246,270.8762065575756,321.6394501211422,225.41326701465795,148.60158420228396
48.57142857142857,2.0816326530612246,281.5219963349476,334.2803018726282,234.2723037095572,154.44182113599823
50.40816326530612,2.0816326530612246,292.16778611231956,346.92115362411414,243.13134040445644,160.28205806971243
52.244897959183675,2.0816326530612246,302.8135758896915,359.5620053756,251.99037709935564,166.12229500342661
54.08163265306123,2.0816326530612246,313.4593656670634,372.2028571270859,260.8494137942548,171.96253193714085
55.91836734693878,2.0816326530612246,324.1051554444354,384.8437088785719,269.7084504891541,177.80276887085506
57.755102040816325,2.0816326530612246,334.75094522180734,397.4845606300578,278.5674871840533,183.64300580456927
59.59183673469388,2.0816326530612246,345.3967349991793,410.12541238154364,287.4265238789525,189.48324273828348
61.42857142857143,2.0816326530612246,356.0425247765513,422.7662641330297,296.28556057385174,195.32347967199772
63.26530612244898,2.0816326530612246,366.68831455392325,435.4071158845156,305.14459726875094,201.16371660571195
65.10204081632654,2.0816326530612246,377.33410433129524,448.04796763600154,314.00363396365015,207.00395353942616
66.93877551020408,2.0816326530612246,387.9798941086672,460.6888193874875,322.86267065854935,212.8441904731404
68.77551020408163,2.0816326530612246,398.62568388603904,473.3296711389733,331.72170735344855,218.68442740685455
70.61224489795919,2.0816326530612246,409.27147366341103,485.9705228904593,340.5807440483478,224.5246643405688
72.44897959183675,2.0816326530612246,419.9172634407832,498.6113746419454,349.4397807432471,230.36490127428308
74.28571428571429,2.0816326530612246,430.5630532181551,511.2522263934312,358.2988174381463,236.20513820799727
76.12244897959184,2.0816326530612246,441.2088429955271,523.8930781449172,367.15785413304553,242.04537514171147
77.95918367346938,2.0816326530612246,451.854632772899,536.533929896403,376.0168908279447,247.88561207542566
79.79591836734694,2.0816326530612246,462.50042255027097,549.1747816478891,384.87592752284394,253.7258490091399
81.63265306122449,2.0816326530612246,473.14621232764296,561.815633399375,393.73496421774314,259.5660859428541
83.46938775510205,2.0816326530612246,483.79200210501494,574.456485150861,402.5940009126424,265.4063228765683
85.3061224489796,2.0816326530612246,494.4377918823868,587.0973369023468,411.45303760754155,271.2465598102825
87.14285714285714,2.0816326530612246,505.0835816597588,599.7381886538327,420.3120743024408,277.0867967439968
88.9795918367347,2.0816326530612246,515.7293714371309,612.3790404053188,429.1711109973401,282.92703367771105
90.81632653061224,2.0816326530612246,526.3751612145028,625.0198921568046,438.03014769223927,288.7672706114252
92.6530612244898,2.0816326530612246,537.0209509918748,637.6607439082907,446.8891843871385,294.60750754513947
94.48979591836735,2.0816326530612246,547.6667407692466,650.3015956597766,455.7482210820377,300.4477444788536
96.3265306122449,2.0816326530612246,558.3125305466185,662.9424474112624,464.6072577769368,306.2879814125678
98.16326530612245,2.0816326530612246,568.9583203239906,675.5832991627485,473.46629447183614,312.1282183462821
100.0,2.0816326530612246,579.6041101013625,688.2241509142343,482.3253311667353,317.9684552799963
10.0,2.13265306122449,54.863499618077114,65.85423474287248,48.804160992403084,32.17368584903572
11.83673469387755,2.13265306122449,64.94046893568311,77.94991051197151,57.768190562436295,38.083138351919835
13.673469387755102,2.13265306122449,75.01743825328913,90.04558628107054,66.73222013246952,43.99259085480395
15.510204081632654,2.13265306122449,85.0944075708951,102.14126205016953,75.69624970250273,49.90204335768805
17.346938775510203,2.13265306122449,95.1713768885011,114.23693781926856,84.66027927253594,55.811495860572165
19.183673469387756,2.13265306122449,105.24834620610712,126.33261358836762,93.62430884256918,61.720948363456294
21.02040816326531,2.13265306122449,115.32531552371313,138.42828935746664,102.5883384126024,67.6304008663404
22.857142857142858,2.13265306122449,125.4022848413191,150.52396512656566,111.5523679826356,73.5398533692245
24.693877551020407,2.13265306122449,135.4792541589251,162.61964089566467,120.5163975526688,79.44930587210861
26.53061224489796,2.13265306122449,145.5562234765311,174.7153166647637,129.48042712270203,85.35875837499272
28.367346938775512,2.13265306122449,155.6331927941371,186.81099243386274,138.44445669273526,91.26821087787684
30.20408163265306,2.13265306122449,165.7101621117431,198.90666820296175,147.40848626276846,97.17766338076095
32.04081632653062,2.13265306122449,175.78713142934913,211.00234397206083,156.37251583280172,103.0871158836451
33.87755102040816,2.13265306122449,185.86410074695507,223.0980197411598,165.3365454028349,108.99656838652916
35.714285714285715,2.13265306122449,195.94107006456113,235.19369551025883,174.30057497286813,114.9060208894133
37.55102040816327,2.13265306122449,206.0180393821671,247.28937127935785,183.26460454290134,120.81547339229739
39.38775510204081,2.13265306122449,216.09500869977308,259.38504704845684,192.22863411293454,126.72492589518149
41.22448979591837,2.13265306122449,226.17197801737916,271.48072281755594,201.19266368296786,132.63437839806568
43.06122448979592,2.13265306122449,236.24894733498508,283.57639858665493,210.15669325300098,138.54383090094973
44.89795918367347,2.13265306122449,246.32591665259108,295.6720743557539,219.12072282303419,144.45328340383384
46.734693877551024,2.13265306122449,256.4028859701971,307.767750124853,228.08475239306745,150.36273590671797
48.57142857142857,2.13265306122449,266.4798552878031,319.863425893952,237.04878196310065,156.27218840960208
50.40816326530612,2.13265306122449,276.55682460540913,331.95910166305106,246.01281153313388,162.1816409124862
52.244897959183675,2.13265306122449,286.6337939230151,344.05477743215005,254.9768411031671,168.0910934153703
54.08163265306123,2.13265306122449,296.7107632406211,356.15045320124904,263.9408706732003,174.0005459182544
55.91836734693878,2.13265306122449,306.7877325582271,368.24612897034814,272.90490024323356,179.90999842113854
57.755102040816325,2.13265306122449,316.8647018758331,380.3418047394471,281.86892981326673,185.81945092402265
59.59183673469388,2.13265306122449,326.9416711934391,392.4374805085461,290.83295938329996,191.72890342690673
61.42857142857143,2.13265306122449,337.01864051104513,404.5331562776452,299.7969889533332,197.63835592979086
63.26530612244898,2.13265306122449,347.0956098286511,416.6288320467442,308.76101852336643,203.547808432675
65.10204081632654,2.13265306122449,357.1725791462571,428.72450781584325,317.7250480933996,209.45726093555905
66.93877551020408,2.13265306122449,367.2495484638631,440.8201835849423,326.68907766343284,215.3667134384432
68.77551020408163,2.13265306122449,377.3265177814691,452.91585935404123,335.653107233466,221.2761659413273
70.61224489795919,2.13265306122449,387.4034870990751,465.01153512314033,344.61713680349925,227.1856184442114
72.44897959183675,2.13265306122449,397.48045641668114,477.1072108922394,353.58116637353254,233.09507094709556
74.28571428571429,2.13265306122449,407.5574257342871,489.2028866613384,362.5451959435657,239.00452344997962
76.12244897959184,2.13265306122449,417.6343950518932,501.2985624304374,371.50922551359895,244.91397595286378
77.95918367346938,2.13265306122449,427.71136436949905,513.3942381995364,380.4732550836321,250.82342845574786
79.79591836734694,2.13265306122449,437.7883336871051,525.4899139686355,389.43728465366536,256.73288095863194
81.63265306122449,2.13265306122449,447.86530300471117,537.5855897377345,398.4013142236986,262.6423334615161
83.46938775510205,2.13265306122449,457.94227232231714,549.6812655068335,407.3653437937318,268.5517859644002
85.3061224489796,2.13265306122449,468.01924163992305,561.7769412759325,416.329373363765,274.46123846728426
87.14285714285714,2.13265306122449,478.09621095752914,573.8726170450316,425.29340293379823,280.3706909701685
88.9795918367347,2.13265306122449,488.17318027513517,585.9682928141307,434.25743250383147,286.2801434730526
90.81632653061224,2.13265306122449,498.25014959274114,598.0639685832296,443.22146207386464,292.18959597593664
92.6530612244898,2.13265306122449,508.3271189103471,610.1596443523287,452.1854916438979,298.09904847882075
94.48979591836735,2.13265306122449,518.404088227953,622.2553201214275,461.14952121393105,304.00850098170486
96.3265306122449,2.13265306122449,528.481057545559,634.3509958905265,470.11355078396423,309.9179534845889
98.16326530612245,2.13265306122449,538.5580268631652,646.4466716596257,479.0775803539976,315.8274059874731
100.0,2.13265306122449,548.634996180771,658.5423474287246,488.0416099240307,321.7368584903572
10.0,2.183673469387755,51.84441284330429,62.965404667595315,49.382563516014415,32.55499229321079
11.83673469387755,2.183673469387755,61.36685601860509,74.5304789942965,58.452830284261964,38.53448067359644
13.673469387755102,2.183673469387755,70.88929919390588,86.09555332099768,67.52309705250951,44.5139690539821
15.510204081632654,2.183673469387755,80.41174236920666,97.66062764769886,76.59336382075705,50.49345743436775
17.346938775510203,2.183673469387755,89.93418554450744,109.22570197440004,85.6636305890046,56.4729458147534
19.183673469387756,2.183673469387755,99.45662871980825,120.79077630110123,94.73389735725215,62.45243419513906
21.02040816326531,2.183673469387755,108.97907189510903,132.35585062780243,103.8041641254997,68.43192257552471
22.857142857142858,2.183673469387755,118.50151507040982,143.9209249545036,112.87443089374725,74.41141095591038
24.693877551020407,2.183673469387755,128.0239582457106,155.48599928120476,121.94469766199478,80.39089933629602
26.53061224489796,2.183673469387755,137.5464014210114,167.05107360790595,131.01496443024234,86.37038771668168
28.367346938775512,2.183673469387755,147.0688445963122,178.61614793460714,140.08523119848988,92.34987609706734
30.20408163265306,2.183673469387755,156.59128777161297,190.18122226130828,149.1554979667374,98.32936447745298
32.04081632653062,2.183673469387755,166.1137309469138,201.7462965880095,158.22576473498498,104.30885285783866
33.87755102040816,2.183673469387755,175.63617412221456,213.31137091471064,167.29603150323248,110.28834123822429
35.714285714285715,2.183673469387755,185.15861729751535,224.87644524141186,176.36629827148008,116.26782961860997
37.55102040816327,2.183673469387755,194.6810604728161,236.441519568113,185.43656503972758,122.24731799899561
39.38775510204081,2.183673469387755,204.2035036481169,248.0065938948142,194.50683180797515,128.22680637938126
41.22448979591837,2.183673469387755,213.7259468234178,259.5716682215155,203.57709857622277,134.20629475976696
43.06122448979592,2.183673469387755,223.2483899987185,271.13674254821655,212.64736534447022,140.18578314015255
44.89795918367347,2.183673469387755,232.77083317401926,282.7018168749177,221.71763211271778,146.16527152053823
46.734693877551024,2.183673469387755,242.29327634932005,294.26689120161893,230.78789888096532,152.1447599009239
48.57142857142857,2.183673469387755,251.81571952462085,305.8319655283201,239.85816564921288,158.12424828130955
50.40816326530612,2.183673469387755,261.3381626999217,317.3970398550213,248.92843241746047,164.10373666169522
52.244897959183675,2.183673469387755,270.8606058752224,328.9621141817224,257.99869918570795,170.0832250420808
54.08163265306123,2.183673469387755,280.3830490505232,340.5271885084236,267.0689659539555,176.06271342246646
55.91836734693878,2.183673469387755,289.905492225824,352.0922628351248,276.1392327222031,182.04220180285216
57.755102040816325,2.183673469387755,299.42793540112484,363.657337161826,285.2094994904506,188.0216901832378
59.59183673469388,2.183673469387755,308.9503785764256,375.22241148852714,294.27976625869815,194.00117856362345
61.42857142857143,2.183673469387755,318.4728217517264,386.78748581522837,303.3500330269457,199.98066694400913
63.26530612244898,2.183673469387755,327.9952649270272,398.35256014192953,312.4202997951932,205.9601553243948
65.10204081632654,2.183673469387755,337.5177081023279,409.9176344686307,321.4905665634407,211.93964370478042
66.93877551020408,2.183673469387755,347.04015127762875,421.4827087953319,330.56083333168834,217.91913208516607
68.77551020408163,2.183673469387755,356.5625944529295,433.04778312203297,339.6311000999358,223.89862046555172
70.61224489795919,2.183673469387755,366.08503762823034,444.6128574487342,348.7013668681834,229.87810884593736
72.44897959183675,2.183673469387755,375.6074808035312,456.1779317754355,357.77163363643103,235.85759722632307
74.28571428571429,2.183673469387755,385.1299239788319,467.74300610213663,366.8419004046785,241.8370856067087
76.12244897959184,2.183673469387755,394.6523671541327,479.3080804288379,375.9121671729261,247.81657398709442
77.95918367346938,2.183673469387755,404.17481032943346,490.87315475553896,384.98243394117355,253.79606236747998
79.79591836734694,2.183673469387755,413.69725350473425,502.4382290822402,394.0527007094212,259.7755507478657
81.63265306122449,2.183673469387755,423.21969668003516,514.0033034089414,403.12296747766874,265.7550391282513
83.46938775510205,2.183673469387755,432.74213985533584,525.5683777356426,412.19323424591624,271.734527508637
85.3061224489796,2.183673469387755,442.2645830306366,537.1334520623436,421.26350101416375,277.7140158890226
87.14285714285714,2.183673469387755,451.7870262059374,548.6985263890449,430.33376778241137,283.6935042694083
88.9795918367347,2.183673469387755,461.30946938123833,560.2636007157462,439.40403455065893,289.67299264979397
90.81632653061224,2.183673469387755,470.83191255653895,571.8286750424472,448.4743013189064,295.65248103017956
92.6530612244898,2.183673469387755,480.35435573183986,583.3937493691484,457.54456808715395,301.63196941056526
94.48979591836735,2.183673469387755,489.87679890714065,594.9588236958497,466.61483485540157,307.6114577909509
96.3265306122449,2.183673469387755,499.3992420824413,606.5238980225506,475.68510162364896,313.59094617133644
98.16326530612245,2.183673469387755,508.92168525774224,618.088972349252,484.7553683918967,319.5704345517222
100.0,2.183673469387755,518.4441284330429,629.654046675953,493.8256351601441,325.54992293210785
10.0,2.2346938775510203,48.900606539697996,60.15339880078441,49.96782097724821,32.94081779078407
11.83673469387755,2.2346938775510203,57.88235059800988,71.2019822539897,59.145584013885646,38.99117207888727
13.673469387755102,2.2346938775510203,66.86409465632175,82.250565707195,68.32334705052305,45.04152636699046
15.510204081632654,2.2346938775510203,75.84583871463362,93.29914916040029,77.50111008716048,51.09188065509365
17.346938775510203,2.2346938775510203,84.8275827729455,104.3477326136056,86.67887312379791,57.142234943196854
19.183673469387756,2.2346938775510203,93.80932683125738,115.39631606681088,95.85663616043534,63.19258923130005
21.02040816326531,2.2346938775510203,102.79107088956926,126.4448995200162,105.03439919707276,69.24294351940323
22.857142857142858,2.2346938775510203,111.77281494788114,137.4934829732215,114.2121622337102,75.29329780750643
24.693877551020407,2.2346938775510203,120.75455900619299,148.54206642642677,123.38992527034759,81.34365209560961
26.53061224489796,2.2346938775510203,129.73630306450488,159.59064987963208,132.56768830698505,87.39400638371283
28.367346938775512,2.2346938775510203,138.71804712281678,170.6392333328374,141.74545134362248,93.44436067181603
30.20408163265306,2.2346938775510203,147.69979118112863,181.68781678604265,150.92321438025988,99.49471495991921
32.04081632653062,2.2346938775510203,156.68153523944054,192.736400239248,160.10097741689734,105.54506924802243
33.87755102040816,2.2346938775510203,165.66327929775238,203.78498369245324,169.2787404535347,111.59542353612558
35.714285714285715,2.2346938775510203,174.6450233560643,214.8335671456586,178.4565034901722,117.64577782422882
37.55102040816327,2.2346938775510203,183.62676741437616,225.8821505988639,187.6342665268096,123.69613211233202
39.38775510204081,2.2346938775510203,192.60851147268804,236.93073405206917,196.812029563447,129.7464864004352
41.22448979591837,2.2346938775510203,201.59025553099994,247.97931750527454,205.98979260008448,135.79684068853842
43.06122448979592,2.2346938775510203,210.5719995893118,259.02790095847973,215.1675556367219,141.8471949766416
44.89795918367347,2.2346938775510203,219.55374364762363,270.07648441168504,224.3453186733593,147.89754926474475
46.734693877551024,2.2346938775510203,228.5354877059355,281.12506786489035,233.5230817099967,153.94790355284798
48.57142857142857,2.2346938775510203,237.5172317642474,292.1736513180956,242.70084474663415,159.99825784095117
50.40816326530612,2.2346938775510203,246.4989758225593,303.222234771301,251.87860778327158,166.0486121290544
52.244897959183675,2.2346938775510203,255.48071988087116,314.27081822450623,261.056370819909,172.09896641715756
54.08163265306123,2.2346938775510203,264.462463939183,325.31940167771154,270.2341338565464,178.14932070526075
55.91836734693878,2.2346938775510203,273.4442079974949,336.36798513091685,279.41189689318384,184.19967499336394
57.755102040816325,2.2346938775510203,282.4259520558068,347.4165685841221,288.58965992982127,190.25002928146714
59.59183673469388,2.2346938775510203,291.40769611411866,358.4651520373274,297.76742296645864,196.30038356957033
61.42857142857143,2.2346938775510203,300.3894401724305,369.5137354905327,306.9451860030961,202.35073785767355
63.26530612244898,2.2346938775510203,309.3711842307424,380.562318943738,316.12294903973356,208.40109214577672
65.10204081632654,2.2346938775510203,318.3529282890543,391.61090239694335,325.300712076371,214.45144643387994
66.93877551020408,2.2346938775510203,327.3346723473662,402.65948585014866,334.4784751130084,220.50180072198316
68.77551020408163,2.2346938775510203,336.316416405678,413.7080693033539,343.6562381496458,226.55215501008627
70.61224489795919,2.2346938775510203,345.2981604639899,424.7566527565592,352.8340011862832,232.6025092981895
72.44897959183675,2.2346938775510203,354.2799045223019,435.80523620976464,362.01176422292076,238.65286358629277
74.28571428571429,2.2346938775510203,363.2616485806137,446.8538196629698,371.1895272595581,244.70321787439593
76.12244897959184,2.2346938775510203,372.24339263892557,457.90240311617515,380.36729029619556,250.7535721624991
77.95918367346938,2.2346938775510203,381.2251366972374,468.95098656938035,389.5450533328329,256.80392645060226
79.79591836734694,2.2346938775510203,390.2068807555493,479.9995700225857,398.72281636947037,262.8542807387055
81.63265306122449,2.2346938775510203,399.1886248138612,491.048153475791,407.90057940610785,268.9046350268087
83.46938775510205,2.2346938775510203,408.17036887217307,502.0967369289963,417.0783424427452,274.95498931491187
85.3061224489796,2.2346938775510203,417.1521129304849,513.1453203822015,426.25610547938254,281.00534360301504
87.14285714285714,2.2346938775510203,426.13385698879694,524.193903835407,435.43386851602014,287.0556978911183
88.9795918367347,2.2346938775510203,435.1156010471088,535.2424872886123,444.6116315526576,293.10605217922154
90.81632653061224,2.2346938775510203,444.09734510542063,546.2910707418175,453.78939458929494,299.1564064673247
92.6530612244898,2.2346938775510203,453.07908916373253,557.3396541950228,462.96715762593243,305.20676075542787
94.48979591836735,2.2346938775510203,462.0608332220444,568.3882376482281,472.1449206625698,311.2571150435311
96.3265306122449,2.2346938775510203,471.04257728035617,579.4368211014333,481.3226836992071,317.30746933163425
98.16326530612245,2.2346938775510203,480.0243213386682,590.4854045546388,490.5004467358447,323.3578236197375
100.0,2.2346938775510203,489.00606539698003,601.5339880078441,499.67820977248203,329.4081779078407
10.0,2.2857142857142856,46.02961133157361,57.41576606235804,50.56001461739907,33.33121589931781
11.83673469387755,2.2857142857142856,54.484029739413664,67.96151901258708,59.846547914472374,39.45327596245782
13.673469387755102,2.2857142857142856,62.938448147253716,78.5072719628161,69.13308121154567,45.57533602559783
15.510204081632654,2.2857142857142856,71.39286655509376,89.05302491304514,78.41961450861898,51.69739608873783
17.346938775510203,2.2857142857142856,79.84728496293381,99.59877786327415,87.70614780569227,57.81945615187784
19.183673469387756,2.2857142857142856,88.30170337077388,110.1445308135032,96.99268110276559,63.941516215017856
21.02040816326531,2.2857142857142856,96.75612177861392,120.69028376373221,106.27921439983886,70.06357627815785
22.857142857142858,2.2857142857142856,105.210540186454,131.23603671396125,115.56574769691218,76.18563634129787
24.693877551020407,2.2857142857142856,113.66495859429402,141.78178966419026,124.85228099398545,82.30769640443786
26.53061224489796,2.2857142857142856,122.11937700213407,152.3275426144193,134.13881429105876,88.42975646757786
28.367346938775512,2.2857142857142856,130.57379540997414,162.87329556464834,143.42534758813207,94.55181653071789
30.20408163265306,2.2857142857142856,139.02821381781416,173.41904851487735,152.71188088520535,100.6738765938579
32.04081632653062,2.2857142857142856,147.48263222565424,183.9648014651064,161.99841418227868,106.79593665699791
33.87755102040816,2.2857142857142856,155.93705063349427,194.51055441533538,171.28494747935193,112.91799672013788
35.714285714285715,2.2857142857142856,164.39146904133437,205.05630736556446,180.5714807764253,119.04005678327792
37.55102040816327,2.2857142857142856,172.8458874491744,215.6020603157935,189.85801407349857,125.1621168464179
39.38775510204081,2.2857142857142856,181.3003058570144,226.14781326602247,199.14454737057184,131.2841769095579
41.22448979591837,2.2857142857142856,189.75472426485453,236.69356621625155,208.4310806676452,137.40623697269794
43.06122448979592,2.2857142857142856,198.20914267269455,247.23931916648058,217.71761396471848,143.52829703583794
44.89795918367347,2.2857142857142856,206.66356108053458,257.78507211670956,227.00414726179176,149.65035709897793
46.734693877551024,2.2857142857142856,215.1179794883746,268.3308250669386,236.29068055886506,155.77241716211793
48.57142857142857,2.2857142857142856,223.57239789621468,278.8765780171676,245.57721385593834,161.89447722525793
50.40816326530612,2.2857142857142856,232.02681630405476,289.42233096739665,254.86374715301164,168.01653728839796
52.244897959183675,2.2857142857142856,240.48123471189479,299.9680839176257,264.1502804500849,174.13859735153795
54.08163265306123,2.2857142857142856,248.9356531197348,310.51383686785465,273.43681374715817,180.26065741467795
55.91836734693878,2.2857142857142856,257.39007152757495,321.05958981808374,282.7233470442316,186.382717477818
57.755102040816325,2.2857142857142856,265.84448993541497,331.60534276831277,292.00988034130484,192.504777540958
59.59183673469388,2.2857142857142856,274.298908343255,342.1510957185418,301.2964136383781,198.62683760409797
61.42857142857143,2.2857142857142856,282.7533267510951,352.6968486687708,310.58294693545145,204.74889766723803
63.26530612244898,2.2857142857142856,291.2077451589351,363.24260161899986,319.8694802325247,210.87095773037797
65.10204081632654,2.2857142857142856,299.6621635667751,373.78835456922883,329.156013529598,216.99301779351796
66.93877551020408,2.2857142857142856,308.1165819746152,384.3341075194579,338.44254682667133,223.115077856658
68.77551020408163,2.2857142857142856,316.57100038245517,394.8798604696868,347.72908012374455,229.23713791979796
70.61224489795919,2.2857142857142856,325.0254187902953,405.425613419916,357.01561342081794,235.35919798293804
72.44897959183675,2.2857142857142856,333.47983719813544,415.9713663701451,366.30214671789133,241.48125804607807
74.28571428571429,2.2857142857142856,341.9342556059754,426.51711932037404,375.58868001496455,247.603318109218
76.12244897959184,2.2857142857142856,350.3886740138155,437.0628722706031,384.8752133120379,253.72537817235806
77.95918367346938,2.2857142857142856,358.84309242165546,447.608625220832,394.16174660911105,259.84743823549803
79.79591836734694,2.2857142857142856,367.29751082949554,458.15437817106107,403.44827990618444,265.96949829863803
81.63265306122449,2.2857142857142856,375.7519292373356,468.70013112129016,412.7348132032578,272.0915583617781
83.46938775510205,2.2857142857142856,384.20634764517564,479.24588407151913,422.02134650033105,278.2136184249181
85.3061224489796,2.2857142857142856,392.6607660530157,489.7916370217481,431.3078797974043,284.3356784880581
87.14285714285714,2.2857142857142856,401.11518446085574,500.3373899719773,440.5944130944777,290.4577385511981
88.9795918367347,2.2857142857142856,409.56960286869594,510.88314292220633,449.88094639155105,296.57979861433813
90.81632653061224,2.2857142857142856,418.02402127653585,521.4288958724353,459.1674796886242,302.70185867747807
92.6530612244898,2.2857142857142856,426.4784396843759,531.9746488226643,468.4540129856976,308.8239187406181
94.48979591836735,2.2857142857142856,434.93285809221595,542.5204017728934,477.7405462827709,314.9459788037581
96.3265306122449,2.2857142857142856,443.387276500056,553.0661547231222,487.02707957984404,321.06803886689806
98.16326530612245,2.2857142857142856,451.8416949078961,563.6119076733514,496.31361287691743,327.1900989300381
100.0,2.2857142857142856,460.2961133157361,574.1576606235803,505.60014617399065,333.3121589931781
10.0,2.336734693877551,43.2290303240682,54.750128069886514,51.15922664059276,33.726240811111715
11.83673469387755,2.336734693877551,51.16905630195828,64.80627404190649,60.5558192888649,39.9208564702955
13.673469387755102,2.336734693877551,59.10908227984836,74.86242001392647,69.95241193713706,46.115472129479286
15.510204081632654,2.336734693877551,67.04910825773844,84.91856598594646,79.34900458540919,52.31008778866307
17.346938775510203,2.336734693877551,74.98913423562851,94.9747119579664,88.74559723368132,58.50470344784685
19.183673469387756,2.336734693877551,82.92916021351859,105.03085792998637,98.14218988195347,64.69931910703063
21.02040816326531,2.336734693877551,90.86918619140866,115.08700390200637,107.53878253022562,70.89393476621441
22.857142857142858,2.336734693877551,98.80921216929873,125.14314987402634,116.93537517849775,77.0885504253982
24.693877551020407,2.336734693877551,106.7492381471888,135.19929584604628,126.33196782676987,83.28316608458198
26.53061224489796,2.336734693877551,114.68926412507888,145.2554418180663,135.72856047504203,89.47778174376576
28.367346938775512,2.336734693877551,122.62929010296898,155.31158779008626,145.12515312331416,95.67239740294956
30.20408163265306,2.336734693877551,130.56931608085904,165.36773376210624,154.52174577158632,101.86701306213334
32.04081632653062,2.336734693877551,138.50934205874918,175.42387973412625,163.9183384198585,108.06162872131713
33.87755102040816,2.336734693877551,146.4493680366392,185.48002570614617,173.3149310681306,114.2562443805009
35.714285714285715,2.336734693877551,154.3893940145293,195.53617167816614,182.71152371640275,120.4508600396847
37.55102040816327,2.336734693877551,162.32941999241936,205.59231765018612,192.10811636467486,126.64547569886847
39.38775510204081,2.336734693877551,170.26944597030942,215.6484636222061,201.50470901294702,132.84009135805223
41.22448979591837,2.336734693877551,178.20947194819956,225.7046095942261,210.9013016612192,139.03470701723606
43.06122448979592,2.336734693877551,186.1494979260896,235.76075556624605,220.29789430949128,145.22932267641983
44.89795918367347,2.336734693877551,194.08952390397965,245.81690153826597,229.69448695776342,151.4239383356036
46.734693877551024,2.336734693877551,202.02954988186974,255.87304751028597,239.09107960603558,157.6185539947874
48.57142857142857,2.336734693877551,209.96957585975983,265.92919348230595,248.4876722543077,163.8131696539712
50.40816326530612,2.336734693877551,217.90960183764992,275.9853394543259,257.8842649025799,170.00778531315498
52.244897959183675,2.336734693877551,225.84962781553998,286.0414854263459,267.28085755085203,176.20240097233875
54.08163265306123,2.336734693877551,233.78965379343003,296.0976313983659,276.6774501991241,182.39701663152252
55.91836734693878,2.336734693877551,241.72967977132018,306.1537773703859,286.0740428473963,188.59163229070631
57.755102040816325,2.336734693877551,249.6697057492102,316.20992334240583,295.47063549566843,194.78624794989008
59.59183673469388,2.336734693877551,257.60973172710027,326.26606931442575,304.8672281439405,200.98086360907388
61.42857142857143,2.336734693877551,265.5497577049904,336.3222152864458,314.2638207922127,207.17547926825765
63.26530612244898,2.336734693877551,273.48978368288044,346.3783612584657,323.66041344048483,213.37009492744144
65.10204081632654,2.336734693877551,281.42980966077045,356.4345072304857,333.05700608875696,219.5647105866252
66.93877551020408,2.336734693877551,289.3698356386607,366.4906532025057,342.45359873702915,225.75932624580904
68.77551020408163,2.336734693877551,297.3098616165507,376.5467991745256,351.85019138530123,231.95394190499277
70.61224489795919,2.336734693877551,305.24988759444074,386.6029451465456,361.2467840335734,238.14855756417657
72.44897959183675,2.336734693877551,313.1899135723309,396.6590911185657,370.6433766818456,244.34317322336042
74.28571428571429,2.336734693877551,321.1299395502209,406.71523709058556,380.0399693301177,250.53778888254416
76.12244897959184,2.336734693877551,329.069965528111,416.7713830626056,389.4365619783899,256.73240454172793
77.95918367346938,2.336734693877551,337.00999150600103,426.8275290346254,398.8331546266619,262.92702020091167
79.79591836734694,2.336734693877551,344.9500174838911,436.88367500664543,408.2297472749341,269.12163586009547
81.63265306122449,2.336734693877551,352.89004346178126,446.93982097866547,417.6263399232063,275.3162515192793
83.46938775510205,2.336734693877551,360.8300694396713,456.99596695068544,427.02293257147846,281.5108671784631
85.3061224489796,2.336734693877551,368.7700954175613,467.0521129227054,436.4195252197505,287.7054828376468
87.14285714285714,2.336734693877551,376.7101213954515,477.1082588947254,445.81611786802273,293.90009849683065
88.9795918367347,2.336734693877551,384.65014737334155,487.16440486674543,455.2127105162949,300.09471415601445
90.81632653061224,2.336734693877551,392.5901733512316,497.22055083876535,464.60930316456694,306.2893298151982
92.6530612244898,2.336734693877551,400.5301993291217,507.2766968107854,474.00589581283907,312.48394547438204
94.48979591836735,2.336734693877551,408.4702253070118,517.3328427828053,483.4024884611112,318.6785611335658
96.3265306122449,2.336734693877551,416.4102512849018,527.3889887548252,492.7990811093833,324.8731767927495
98.16326530612245,2.336734693877551,424.3502772627919,537.4451347268453,502.1956737576555,331.06779245193337
100.0,2.336734693877551,432.29030324068196,547.5012806988651,511.59226640592766,337.2624081111171
10.0,2.387755102040816,40.496536882514555,52.154176920536024,51.76554022519735,34.125947360725526
11.83673469387755,2.387755102040816,47.93467630991518,61.733515538593664,61.27349659309074,40.393978508613884
13.673469387755102,2.387755102040816,55.37281573731582,71.3128541566513,70.78145296098414,46.66200965650225
15.510204081632654,2.387755102040816,62.81095516471645,80.89219277470893,80.28940932887751,52.93004080439061
17.346938775510203,2.387755102040816,70.24909459211707,90.47153139276656,89.7973656967709,59.198071952278966
19.183673469387756,2.387755102040816,77.68723401951772,100.05087001082423,99.30532206466431,65.46610310016735
21.02040816326531,2.387755102040816,85.12537344691835,109.63020862888185,108.81327843255768,71.7341342480557
22.857142857142858,2.387755102040816,92.56351287431899,119.2095472469395,118.3212348004511,78.00216539594406
24.693877551020407,2.387755102040816,100.0016523017196,128.7888858649971,127.82919116834447,84.27019654383241
26.53061224489796,2.387755102040816,107.43979172912026,138.36822448305477,137.33714753623786,90.53822769172078
28.367346938775512,2.387755102040816,114.87793115652087,147.9475631011124,146.84510390413124,96.80625883960914
30.20408163265306,2.387755102040816,122.3160705839215,157.52690171917,156.35306027202463,103.0742899874975
32.04081632653062,2.387755102040816,129.75421001132216,167.10624033722772,165.86101663991806,109.34232113538589
33.87755102040816,2.387755102040816,137.19234943872274,176.68557895528528,175.3689730078114,115.61035228327422
35.714285714285715,2.387755102040816,144.63048886612341,186.26491757334296,184.87692937570486,121.8783834311626
37.55102040816327,2.387755102040816,152.06862829352403,195.84425619140058,194.3848857435982,128.14641457905094
39.38775510204081,2.387755102040816,159.50676772092464,205.42359480945817,203.89284211149157,134.4144457269393
41.22448979591837,2.387755102040816,166.94490714832534,215.0029334275159,213.40079847938506,140.68247687482773
43.06122448979592,2.387755102040816,174.38304657572593,224.58227204557346,222.9087548472784,146.95050802271604
44.89795918367347,2.387755102040816,181.82118600312654,234.16161066363114,232.41671121517174,153.21853917060437
46.734693877551024,2.387755102040816,189.2593254305272,243.74094928168878,241.92466758306517,159.48657031849277
48.57142857142857,2.387755102040816,196.69746485792783,253.32028789974638,251.43262395095852,165.7546014663811
50.40816326530612,2.387755102040816,204.13560428532844,262.89962651780405,260.94058031885197,172.0226326142695
52.244897959183675,2.387755102040816,211.57374371272908,272.4789651358617,270.4485366867453,178.29066376215786
54.08163265306123,2.387755102040816,219.01188314012973,282.0583037539193,279.9564930546387,184.55869491004617
55.91836734693878,2.387755102040816,226.45002256753037,291.637642371977,289.46444942253214,190.8267260579346
57.755102040816325,2.387755102040816,233.88816199493098,301.2169809900346,298.9724057904255,197.0947572058229
59.59183673469388,2.387755102040816,241.32630142233162,310.79631960809223,308.4803621583189,203.3627883537113
61.42857142857143,2.387755102040816,248.7644408497323,320.3756582261499,317.98831852621237,209.63081950159966
63.26530612244898,2.387755102040816,256.2025802771328,329.95499684420747,327.4962748941056,215.898850649488
65.10204081632654,2.387755102040816,263.64071970453347,339.5343354622651,337.00423126199905,222.16688179737633
66.93877551020408,2.387755102040816,271.07885913193417,349.11367408032277,346.5121876298925,228.43491294526476
68.77551020408163,2.387755102040816,278.5169985593347,358.6930126983803,356.0201439977858,234.70294409315304
70.61224489795919,2.387755102040816,285.9551379867354,368.272351316438,365.5281003656792,240.97097524104143
72.44897959183675,2.387755102040816,293.3932774141361,377.85168993449577,375.0360567335727,247.23900638892988
74.28571428571429,2.387755102040816,300.8314168415367,387.4310285525533,384.544013101466,253.5070375368182
76.12244897959184,2.387755102040816,308.2695562689373,397.010367170611,394.05196946935945,259.7750686847066
77.95918367346938,2.387755102040816,315.7076956963379,406.58970578866854,403.5599258372527,266.04309983259486
79.79591836734694,2.387755102040816,323.1458351237386,416.1690444067262,413.0678822051462,272.31113098048326
81.63265306122449,2.387755102040816,330.5839745511392,425.7483830247839,422.5758385730396,278.57916212837165
83.46938775510205,2.387755102040816,338.02211397853983,435.32772164284154,432.083794940933,284.84719327626
85.3061224489796,2.387755102040816,345.4602534059404,444.9070602608991,441.5917513088263,291.1152244241483
87.14285714285714,2.387755102040816,352.8983928333411,454.48639887895683,451.0997076767198,297.3832555720367
88.9795918367347,2.387755102040816,360.33653226074176,464.0657374970145,460.6076640446133,303.6512867199251
90.81632653061224,2.387755102040816,367.77467168814235,473.645076115072,470.11562041250653,309.91931786781345
92.6530612244898,2.387755102040816,375.21281111554305,483.2244147331298,479.62357678039996,316.18734901570184
94.48979591836735,2.387755102040816,382.6509505429437,492.8037533511873,489.13153314829333,322.4553801635902
96.3265306122449,2.387755102040816,390.0890899703442,502.3830919692449,498.63948951618664,328.7234113114785
98.16326530612245,2.387755102040816,397.5272293977449,511.9624305873026,508.1474458840801,334.9914424593669
100.0,2.387755102040816,404.9653688251455,521.5417692053602,517.6554022519736,341.25947360725525
10.0,2.438775510204082,37.829872478710534,49.62567303993808,52.37903953536926,34.53039103259079
11.83673469387755,2.438775510204082,44.77821640337165,58.74059257788589,61.99967945002893,40.872707752862574
13.673469387755102,2.438775510204082,51.726560328032775,67.8555121158337,71.62031936468858,47.21502447313435
15.510204081632654,2.438775510204082,58.67490425269389,76.97043165378152,81.24095927934825,53.557341193406124
17.346938775510203,2.438775510204082,65.62324817735502,86.08535119172933,90.86159919400791,59.899657913677906
19.183673469387756,2.438775510204082,72.57159210201613,95.20027072967714,100.48223910866757,66.2419746339497
21.02040816326531,2.438775510204082,79.51993602667724,104.31519026762494,110.10287902332722,72.58429135422146
22.857142857142858,2.438775510204082,86.46827995133837,113.43010980557277,119.72351893798691,78.92660807449325
24.693877551020407,2.438775510204082,93.41662387599946,122.54502934352055,129.34415885264653,85.268924794765
26.53061224489796,2.438775510204082,100.36496780066061,131.65994888146838,138.9647987673062,91.6112415150368
28.367346938775512,2.438775510204082,107.31331172532174,140.7748684194162,148.58543868196588,97.95355823530858
30.20408163265306,2.438775510204082,114.26165564998284,149.889787957364,158.2060785966255,104.29587495558033
32.04081632653062,2.438775510204082,121.20999957464399,159.00470749531183,167.8267185112852,110.63819167585216
33.87755102040816,2.438775510204082,128.15834349930506,168.1196270332596,177.44735842594483,116.9805083961239
35.714285714285715,2.438775510204082,135.1066874239662,177.23454657120743,187.06799834060453,123.32282511639569
37.55102040816327,2.438775510204082,142.0550313486273,186.34946610915523,196.68863825526415,129.66514183666746
39.38775510204081,2.438775510204082,149.0033752732884,195.46438564710306,206.30927816992383,136.00745855693924
41.22448979591837,2.438775510204082,155.9517191979496,204.57930518505088,215.92991808458353,142.34977527721105
43.06122448979592,2.438775510204082,162.90006312261067,213.6942247229987,225.55055799924318,148.6920919974828
44.89795918367347,2.438775510204082,169.8484070472718,222.80914426094648,235.1711979139028,155.03440871775456
46.734693877551024,2.438775510204082,176.7967509719329,231.9240637988943,244.7918378285625,161.37672543802634
48.57142857142857,2.438775510204082,183.74509489659403,241.03898333684214,254.41247774322215,167.71904215829815
50.40816326530612,2.438775510204082,190.69343882125517,250.1539028747899,264.0331176578818,174.06135887856993
52.244897959183675,2.438775510204082,197.64178274591626,259.26882241273773,273.65375757254145,180.4036755988417
54.08163265306123,2.438775510204082,204.59012667057735,268.38374195068553,283.2743974872011,186.74599231911347
55.91836734693878,2.438775510204082,211.53847059523852,277.4986614886334,292.8950374018608,193.08830903938525
57.755102040816325,2.438775510204082,218.4868145198996,286.6135810265812,302.51567731652045,199.43062575965703
59.59183673469388,2.438775510204082,225.43515844456073,295.72850056452893,312.13631723118004,205.77294247992876
61.42857142857143,2.438775510204082,232.38350236922184,304.8434201024768,321.75695714583975,212.1152592002006
63.26530612244898,2.438775510204082,239.331846293883,313.9583396404246,331.3775970604994,218.45757592047235
65.10204081632654,2.438775510204082,246.28019021854408,323.0732591783724,340.99823697515905,224.7998926407441
66.93877551020408,2.438775510204082,253.22853414320522,332.18817871632024,350.61887688981875,231.14220936101592
68.77551020408163,2.438775510204082,260.17687806786626,341.303098254268,360.2395168044783,237.48452608128764
70.61224489795919,2.438775510204082,267.12522199252743,350.4180177922158,369.860156719138,243.82684280155942
72.44897959183675,2.438775510204082,274.0735659171886,359.5329373301637,379.4807966337978,250.1691595218313
74.28571428571429,2.438775510204082,281.02190984184966,368.64785686811143,389.10143654845734,256.511476242103
76.12244897959184,2.438775510204082,287.97025376651084,377.7627764060593,398.72207646311705,262.8537929623748
77.95918367346938,2.438775510204082,294.91859769117184,386.877695944007,408.34271637777664,269.1961096826465
79.79591836734694,2.438775510204082,301.866941615833,395.9926154819549,417.96335629243634,275.53842640291833
81.63265306122449,2.438775510204082,308.81528554049413,405.10753501990274,427.58399620709605,281.88074312319014
83.46938775510205,2.438775510204082,315.7636294651553,414.2224545578506,437.20463612175575,288.22305984346195
85.3061224489796,2.438775510204082,322.71197338981636,423.3373740957983,446.82527603641535,294.5653765637337
87.14285714285714,2.438775510204082,329.6603173144776,432.45229363374625,456.4459159510751,300.9076932840055
88.9795918367347,2.438775510204082,336.6086612391387,441.567213171694,466.06655586573476,307.2500100042773
90.81632653061224,2.438775510204082,343.5570051637998,450.6821327096418,475.6871957803943,313.5923267245491
92.6530612244898,2.438775510204082,350.5053490884609,459.79705224758965,485.30783569505405,319.93464344482084
94.48979591836735,2.438775510204082,357.45369301312206,468.91197178553745,494.9284756097137,326.2769601650926
96.3265306122449,2.438775510204082,364.40203693778307,478.02689132348513,504.5491155243733,332.61927688536434
98.16326530612245,2.438775510204082,371.3503808624443,487.1418108614331,514.169755439033,338.96159360563615
100.0,2.438775510204082,378.29872478710536,496.2567303993808,523.7903953536926,345.3039103259079
10.0,2.489795918367347,35.22684460205567,47.16244309595728,52.99980973273647,34.939627968712806
11.83673469387755,2.489795918367347,41.69708136569855,55.82493264419433,62.7344686632391,41.35711065684373
13.673469387755102,2.489795918367347,48.16731812934143,64.48742219243138,72.46912759374172,47.774593344974654
15.510204081632654,2.489795918367347,54.637554892984305,73.14991174066843,82.20378652424434,54.19207603310557
17.346938775510203,2.489795918367347,61.10779165662718,81.81240128890548,91.93844545474695,60.609558721236496
19.183673469387756,2.489795918367347,67.57802842027006,90.47489083714252,101.67310438524957,67.02704140936743
21.02040816326531,2.489795918367347,74.04826518391295,99.13738038537959,111.40776331575219,73.44452409749834
22.857142857142858,2.489795918367347,80.51850194755582,107.79986993361663,121.14242224625482,79.86200678562926
24.693877551020407,2.489795918367347,86.98873871119868,116.46235948185365,130.87708117675737,86.27948947376017
26.53061224489796,2.489795918367347,93.45897547484158,125.12484903009074,140.61174010726003,92.69697216189111
28.367346938775512,2.489795918367347,99.92921223848445,133.7873385783278,150.34639903776267,99.11445485002206
30.20408163265306,2.489795918367347,106.39944900212733,142.44982812656482,160.08105796826527,105.53193753815296
32.04081632653062,2.489795918367347,112.86968576577023,151.11231767480191,169.8157168987679,111.9494202262839
33.87755102040816,2.489795918367347,119.33992252941309,159.77480722303895,179.5503758292705,118.36690291441481
35.714285714285715,2.489795918367347,125.81015929305599,168.437296771276,189.28503475977317,124.78438560254574
37.55102040816327,2.489795918367347,132.28039605669883,177.09978631951304,199.01969369027572,131.20186829067663
39.38775510204081,2.489795918367347,138.7506328203417,185.76227586775005,208.75435262077835,137.61935097880755
41.22448979591837,2.489795918367347,145.2208695839846,194.42476541598717,218.48901155128104,144.03683366693852
43.06122448979592,2.489795918367347,151.69110634762748,203.08725496422417,228.2236704817836,150.4543163550694
44.89795918367347,2.489795918367347,158.16134311127036,211.7497445124612,237.95832941228616,156.87179904320033
46.734693877551024,2.489795918367347,164.63157987491323,220.4122340606983,247.69298834278882,163.28928173133127
48.57142857142857,2.489795918367347,171.10181663855613,229.07472360893536,257.4276472732915,169.7067644194622
50.40816326530612,2.489795918367347,177.572053402199,237.7372131571724,267.1623062037941,176.1242471075931
52.244897959183675,2.489795918367347,184.04229016584185,246.3997027054094,276.89696513429664,182.54172979572402
54.08163265306123,2.489795918367347,190.51252692948475,255.06219225364646,286.63162406479927,188.95921248385494
55.91836734693878,2.489795918367347,196.98276369312762,263.72468180188355,296.3662829953019,195.3766951719859
57.755102040816325,2.489795918367347,203.4530004567705,272.3871713501206,306.10094192580453,201.7941778601168
59.59183673469388,2.489795918367347,209.92323722041334,281.04966089835756,315.8356008563071,208.2116605482477
61.42857142857143,2.489795918367347,216.39347398405627,289.7121504465947,325.57025978680974,214.62914323637864
63.26530612244898,2.489795918367347,222.86371074769917,298.3746399948318,335.30491871731243,221.04662592450958
65.10204081632654,2.489795918367347,229.33394751134202,307.0371295430688,345.039577647815,227.46410861264047
66.93877551020408,2.489795918367347,235.8041842749849,315.69961909130586,354.7742365783177,233.88159130077142
68.77551020408163,2.489795918367347,242.2744210386277,324.36210863954284,364.5088955088202,240.29907398890228
70.61224489795919,2.489795918367347,248.74465780227064,333.02459818777993,374.24355443932285,246.71655667703322
72.44897959183675,2.489795918367347,255.21489456591357,341.687087736017,383.97821336982554,253.1340393651642
74.28571428571429,2.489795918367347,261.6851313295564,350.349577284254,393.71287230032806,259.5515220532951
76.12244897959184,2.489795918367347,268.1553680931993,359.0120668324911,403.4475312308307,265.96900474142603
77.95918367346938,2.489795918367347,274.62560485684213,367.6745563807281,413.1821901613333,272.38648742955695
79.79591836734694,2.489795918367347,281.0958416204851,376.3370459289652,422.916849091836,278.80397011768787
81.63265306122449,2.489795918367347,287.56607838412793,384.99953547720224,432.65150802233865,285.22145280581884
83.46938775510205,2.489795918367347,294.0363151477708,393.6620250254393,442.3861669528412,291.6389354939497
85.3061224489796,2.489795918367347,300.5065519114136,402.3245145736763,452.1208258833437,298.05641818208056
87.14285714285714,2.489795918367347,306.9767886750565,410.9870041219134,461.85548481384643,304.4739008702116
88.9795918367347,2.489795918367347,313.4470254386994,419.6494936701505,471.5901437443491,310.8913835583425
90.81632653061224,2.489795918367347,319.91726220234233,428.31198321838747,481.32480267485164,317.3088662464734
92.6530612244898,2.489795918367347,326.38749896598523,436.9744727666246,491.05946160535433,323.72634893460435
94.48979591836735,2.489795918367347,332.8577357296281,445.6369623148616,500.7941205358569,330.14383162273526
96.3265306122449,2.489795918367347,339.32797249327086,454.2994518630986,510.5287794663594,336.5613143108661
98.16326530612245,2.489795918367347,345.7982092569138,462.9619414113357,520.2634383968622,342.97879699899715
100.0,2.489795918367347,352.2684460205567,471.6244309595727,529.9980973273648,349.396279687128
10.0,2.5408163265306123,32.685324733587265,44.76237797538955,52.72406216547959,35.35371497646384
11.83673469387755,2.5408163265306123,38.68875172547064,52.984039236175384,62.4080735836289,41.847254461936785
13.673469387755102,2.5408163265306123,44.69217871735401,61.205700496961214,72.0920850017782,48.34079394740974
15.510204081632654,2.5408163265306123,50.69560570923739,69.42736175774705,81.77609641992753,54.834333432882694
17.346938775510203,2.5408163265306123,56.69903270112076,77.64902301853289,91.46010783807682,61.32787291835564
19.183673469387756,2.5408163265306123,62.702459693004144,85.87068427931872,101.14411925622616,67.82141240382859
21.02040816326531,2.5408163265306123,68.70588668488752,94.09234554010455,110.82813067437546,74.31495188930154
22.857142857142858,2.5408163265306123,74.70931367677089,102.3140068008904,120.51214209252477,80.8084913747745
24.693877551020407,2.5408163265306123,80.71274066865425,110.5356680616762,130.19615351067407,87.30203086024743
26.53061224489796,2.5408163265306123,86.71616766053764,118.75732932246206,139.8801649288234,93.79557034572039
28.367346938775512,2.5408163265306123,92.71959465242101,126.9789905832479,149.56417634697272,100.28910983119336
30.20408163265306,2.5408163265306123,98.72302164430438,135.2006518440337,159.24818776512203,106.7826493166663
32.04081632653062,2.5408163265306123,104.72644863618777,143.42231310481958,168.93219918327134,113.27618880213925
33.87755102040816,2.5408163265306123,110.72987562807113,151.64397436560537,178.61621060142062,119.76972828761218
35.714285714285715,2.5408163265306123,116.73330261995451,159.86563562639125,188.30022201956996,126.26326777308516
37.55102040816327,2.5408163265306123,122.73672961183787,168.08729688717708,197.98423343771924,132.7568072585581
39.38775510204081,2.5408163265306123,128.74015660372123,176.30895814796287,207.66824485586852,139.25034674403102
41.22448979591837,2.5408163265306123,134.74358359560466,184.53061940874878,217.35225627401792,145.74388622950403
43.06122448979592,2.5408163265306123,140.747010587488,192.75228066953457,227.03626769216717,152.23742571497692
44.89795918367347,2.5408163265306123,146.75043757937138,200.97394193032036,236.72027911031648,158.73096520044987
46.734693877551024,2.5408163265306123,152.75386457125475,209.19560319110622,246.4042905284658,165.22450468592282
48.57142857142857,2.5408163265306123,158.75729156313815,217.41726445189207,256.0883019466151,171.7180441713958
50.40816326530612,2.5408163265306123,164.7607185550215,225.63892571267792,265.77231336476444,178.21158365686873
52.244897959183675,2.5408163265306123,170.76414554690487,233.86058697346374,275.4563247829137,184.70512314234168
54.08163265306123,2.5408163265306123,176.76757253878827,242.0822482342496,285.14033620106306,191.19866262781463
55.91836734693878,2.5408163265306123,182.77099953067165,250.30390949503544,294.82434761921235,197.6922021132876
57.755102040816325,2.5408163265306123,188.77442652255502,258.52557075582126,304.5083590373617,204.18574159876053
59.59183673469388,2.5408163265306123,194.7778535144384,266.7472320166071,314.192370455511,210.67928108423348
61.42857142857143,2.5408163265306123,200.78128050632174,274.9688932773929,323.8763818736603,217.17282056970643
63.26530612244898,2.5408163265306123,206.7847074982051,283.19055453817873,333.5603932918096,223.66636005517938
65.10204081632654,2.5408163265306123,212.7881344900885,291.41221579896455,343.2444047099589,230.15989954065233
66.93877551020408,2.5408163265306123,218.79156148197188,299.63387705975043,352.92841612810827,236.65343902612526
68.77551020408163,2.5408163265306123,224.7949884738552,307.8555383205362,362.6124275462575,243.14697851159818
70.61224489795919,2.5408163265306123,230.79841546573863,316.0771995813221,372.29643896440683,249.64051799707116
72.44897959183675,2.5408163265306123,236.80184245762206,324.298860842108,381.9804503825563,256.1340574825442
74.28571428571429,2.5408163265306123,242.80526944950535,332.5205221028937,391.66446180070545,262.6275969680171
76.12244897959184,2.5408163265306123,248.80869644138878,340.7421833636796,401.3484732188548,269.12113645349007
77.95918367346938,2.5408163265306123,254.81212343327212,348.96384462446537,411.032484637004,275.61467593896293
79.79591836734694,2.5408163265306123,260.8155504251555,357.1855058852513,420.7164960551534,282.10821542443597
81.63265306122449,2.5408163265306123,266.81897741703887,365.40716714603707,430.40050747330275,288.6017549099089
83.46938775510205,2.5408163265306123,272.8224044089223,373.62882840682295,440.0845188914521,295.09529439538187
85.3061224489796,2.5408163265306123,278.82583140080555,381.8504896676087,449.7685303096013,301.58883388085474
87.14285714285714,2.5408163265306123,284.82925839268904,390.07215092839465,459.4525417277507,308.0823733663278
88.9795918367347,2.5408163265306123,290.8326853845724,398.29381218918047,469.13655314590005,314.5759128518007
90.81632653061224,2.5408163265306123,296.83611237645573,406.51547344996624,478.8205645640493,321.0694523372736
92.6530612244898,2.5408163265306123,302.83953936833916,414.7371347107521,488.5045759821986,327.5629918227466
94.48979591836735,2.5408163265306123,308.84296636022253,422.958795971538,498.1885874003479,334.0565313082196
96.3265306122449,2.5408163265306123,314.84639335210585,431.1804572323237,507.8725988184971,340.55007079369244
98.16326530612245,2.5408163265306123,320.8498203439893,439.40211849310964,517.5566102366465,347.0436102791654
100.0,2.5408163265306123,326.8532473358726,447.6237797538954,527.2406216547957,353.53714976463834
10.0,2.5918367346938775,30.203246381008864,42.423430821684406,50.47947291352102,35.77270953646879
11.83673469387755,2.5918367346938775,35.75078143058192,50.21548954403461,59.75121283641264,42.343207206432446
13.673469387755102,2.5918367346938775,41.29831648015497,58.00754826638481,69.02295275930426,48.9137048763961
15.510204081632654,2.5918367346938775,46.84585152972802,65.79960698873501,78.29469268219587,55.484202546359754
17.346938775510203,2.5918367346938775,52.39338657930108,73.5916657110852,87.56643260508747,62.0547002163234
19.183673469387756,2.5918367346938775,57.940921628874136,81.38372443343539,96.8381725279791,68.62519788628705
21.02040816326531,2.5918367346938775,63.48845667844719,89.17578315578558,106.10991245087072,75.19569555625071
22.857142857142858,2.5918367346938775,69.03599172802025,96.9678418781358,115.38165237376234,81.76619322621437
24.693877551020407,2.5918367346938775,74.58352677759329,104.75990060048598,124.65339229665393,88.33669089617801
26.53061224489796,2.5918367346938775,80.13106182716636,112.55195932283618,133.92513221954556,94.90718856614168
28.367346938775512,2.5918367346938775,85.67859687673942,120.3440180451864,143.1968721424372,101.47768623610534
30.20408163265306,2.5918367346938775,91.22613192631246,128.13607676753657,152.46861206532876,108.04818390606897
32.04081632653062,2.5918367346938775,96.77366697588555,135.9281354898868,161.74035198822045,114.61868157603267
33.87755102040816,2.5918367346938775,102.32120202545859,143.72019421223698,171.012091911112,121.1891792459963
35.714285714285715,2.5918367346938775,107.86873707503166,151.5122529345872,180.28383183400365,127.75967691595997
37.55102040816327,2.5918367346938775,113.4162721246047,159.3043116569374,189.5555717568953,134.33017458592363
39.38775510204081,2.5918367346938775,118.96380717417773,167.09637037928755,198.82731167978682,140.90067225588723
41.22448979591837,2.5918367346938775,124.51134222375083,174.8884291016378,208.09905160267851,147.47116992585094
43.06122448979592,2.5918367346938775,130.05887727332387,182.68048782398796,217.3707915255701,154.04166759581454
44.89795918367347,2.5918367346938775,135.60641232289692,190.47254654633815,226.6425314484617,160.6121652657782
46.734693877551024,2.5918367346938775,141.15394737246996,198.26460526868834,235.9142713713533,167.18266293574186
48.57142857142857,2.5918367346938775,146.70148242204303,206.05666399103856,245.186011294245,173.75316060570552
50.40816326530612,2.5918367346938775,152.24901747161607,213.84872271338872,254.45775121713658,180.32365827566917
52.244897959183675,2.5918367346938775,157.79655252118914,221.64078143573894,263.7294911400282,186.89415594563283
54.08163265306123,2.5918367346938775,163.34408757076218,229.43284015808914,273.00123106291977,193.4646536155965
55.91836734693878,2.5918367346938775,168.89162262033526,237.22489888043933,282.2729709858114,200.03515128556018
57.755102040816325,2.5918367346938775,174.4391576699083,245.01695760278955,291.54471090870305,206.6056489555238
59.59183673469388,2.5918367346938775,179.98669271948134,252.8090163251397,300.8164508315946,213.17614662548743
61.42857142857143,2.5918367346938775,185.5342277690544,260.6010750474899,310.0881907544862,219.74664429545112
63.26530612244898,2.5918367346938775,191.08176281862748,268.3931337698401,319.35993067737786,226.31714196541478
65.10204081632654,2.5918367346938775,196.62929786820052,276.1851924921903,328.6316706002695,232.8876396353784
66.93877551020408,2.5918367346938775,202.1768329177736,283.97725121454056,337.9034105231611,239.4581373053421
68.77551020408163,2.5918367346938775,207.72436796734664,291.7693099368907,347.1751504460527,246.02863497530572
70.61224489795919,2.5918367346938775,213.27190301691968,299.5613686592409,356.44689036894437,252.59913264526938
72.44897959183675,2.5918367346938775,218.8194380664928,307.3534273815912,365.718630291836,259.1696303152331
74.28571428571429,2.5918367346938775,224.3669731160658,315.1454861039413,374.99037021472753,265.7401279851967
76.12244897959184,2.5918367346938775,229.91450816563886,322.9375448262915,384.2621101376192,272.3106256551604
77.95918367346938,2.5918367346938775,235.46204321521188,330.72960354864165,393.53385006051076,278.881123325124
79.79591836734694,2.5918367346938775,241.00957826478498,338.5216622709919,402.8055899834024,285.45162099508764
81.63265306122449,2.5918367346938775,246.55711331435805,346.3137209933421,412.07732990629404,292.0221186650513
83.46938775510205,2.5918367346938775,252.10464836393112,354.10577971569234,421.3490698291857,298.592616335015
85.3061224489796,2.5918367346938775,257.6521834135041,361.8978384380424,430.62080975207726,305.1631140049786
87.14285714285714,2.5918367346938775,263.1997184630772,369.6898971603927,439.8925496749689,311.7336116749423
88.9795918367347,2.5918367346938775,268.7472535126503,377.4819558827429,449.16428959786055,318.304109344906
90.81632653061224,2.5918367346938775,274.2947885622233,385.2740146050931,458.4360295207522,324.8746070148696
92.6530612244898,2.5918367346938775,279.84232361179636,393.06607332744335,467.7077694436438,331.44510468483327
94.48979591836735,2.5918367346938775,285.38985866136943,400.8581320497934,476.97950936653535,338.0156023547969
96.3265306122449,2.5918367346938775,290.93739371094244,408.6501907721436,486.2512492894269,344.5861000247605
98.16326530612245,2.5918367346938775,296.4849287605156,416.4422494944939,495.52298921231863,351.1565976947242
100.0,2.5918367346938775,302.03246381008853,424.23430821684406,504.79472913521016,357.7270953646878
10.0,2.642857142857143,27.778603172860773,40.14361513184123,48.295133408115525,36.196669810584126
11.83673469387755,2.642857142857143,32.880795592365814,47.516932196873285,57.165668115728586,42.84503773497713
13.673469387755102,2.642857142857143,37.98298801187086,54.89024926190536,66.03620282334164,49.49340565937015
15.510204081632654,2.642857142857143,43.085180431375896,62.263566326937415,74.9067375309547,56.14177358376314
17.346938775510203,2.642857142857143,48.18737285088093,69.63688339196946,83.77727223856775,62.79014150815614
19.183673469387756,2.642857142857143,53.289565270385985,77.01020045700156,92.64780694618082,69.43850943254915
21.02040816326531,2.642857142857143,58.391757689891016,84.3835175220336,101.51834165379387,76.08687735694215
22.857142857142858,2.642857142857143,63.49395010939607,91.75683458706567,110.38887636140693,82.73524528133517
24.693877551020407,2.642857142857143,68.59614252890108,99.13015165209772,119.25941106901996,89.38361320572814
26.53061224489796,2.642857142857143,73.69833494840613,106.50346871712978,128.12994577663304,96.03198113012117
28.367346938775512,2.642857142857143,78.80052736791119,113.87678578216186,137.0004804842461,102.68034905451418
30.20408163265306,2.642857142857143,83.90271978741622,121.2501028471939,145.87101519185913,109.32871697890715
32.04081632653062,2.642857142857143,89.00491220692126,128.62341991222598,154.7415498994722,115.97708490330018
33.87755102040816,2.642857142857143,94.10710462642629,135.99673697725802,163.61208460708525,122.62545282769317
35.714285714285715,2.642857142857143,99.20929704593136,143.37005404229012,172.48261931469835,129.27382075208618
37.55102040816327,2.642857142857143,104.31148946543638,150.74337110732216,181.35315402231137,135.92218867647918
39.38775510204081,2.642857142857143,109.4136818849414,158.1166881723542,190.2236887299244,142.57055660087215
41.22448979591837,2.642857142857143,114.51587430444648,165.49000523738633,199.09422343753752,149.21892452526524
43.06122448979592,2.642857142857143,119.6180667239515,172.86332230241834,207.96475814515054,155.86729244965818
44.89795918367347,2.642857142857143,124.72025914345652,180.23663936745038,216.83529285276356,162.51566037405118
46.734693877551024,2.642857142857143,129.8224515629616,187.60995643248248,225.70582756037666,169.1640282984442
48.57142857142857,2.642857142857143,134.92464398246662,194.98327349751455,234.5763622679897,175.8123962228372
50.40816326530612,2.642857142857143,140.02683640197168,202.35659056254661,243.44689697560275,182.4607641472302
52.244897959183675,2.642857142857143,145.1290288214767,209.72990762757865,252.31743168321583,189.1091320716232
54.08163265306123,2.642857142857143,150.2312212409817,217.1032246926107,261.1879663908288,195.7574999960162
55.91836734693878,2.642857142857143,155.33341366048677,224.4765417576428,270.0585010984419,202.40586792040924
57.755102040816325,2.642857142857143,160.43560607999183,231.8498588226748,278.92903580605497,209.0542358448022
59.59183673469388,2.642857142857143,165.53779849949683,239.22317588770687,287.799570513668,215.70260376919518
61.42857142857143,2.642857142857143,170.6399909190019,246.59649295273897,296.67010522128106,222.35097169358824
63.26530612244898,2.642857142857143,175.74218333850692,253.96981001777104,305.54063992889417,228.9993396179812
65.10204081632654,2.642857142857143,180.84437575801195,261.34312708280305,314.41117463650716,235.6477075423742
66.93877551020408,2.642857142857143,185.946568177517,268.71644414783515,323.28170934412026,242.2960754667672
68.77551020408163,2.642857142857143,191.04876059702204,276.0897612128672,332.15224405173325,248.94444339116018
70.61224489795919,2.642857142857143,196.15095301652713,283.4630782778993,341.02277875934635,255.59281131555326
72.44897959183675,2.642857142857143,201.25314543603216,290.8363953429314,349.89331346695946,262.2411792399463
74.28571428571429,2.642857142857143,206.35533785553721,298.2097124079634,358.7638481745725,268.88954716433926
76.12244897959184,2.642857142857143,211.45753027504225,305.5830294729955,367.6343828821856,275.5379150887323
77.95918367346938,2.642857142857143,216.55972269454725,312.9563465380275,376.5049175897986,282.18628301312526
79.79591836734694,2.642857142857143,221.66191511405233,320.3296636030596,385.3754522974117,288.8346509375183
81.63265306122449,2.642857142857143,226.76410753355736,327.7029806680917,394.24598700502474,295.48301886191126
83.46938775510205,2.642857142857143,231.8662999530624,335.07629773312374,403.11652171263785,302.1313867863043
85.3061224489796,2.642857142857143,236.9684923725674,342.4496147981557,411.9870564202508,308.77975471069726
87.14285714285714,2.642857142857143,242.07068479207248,349.8229318631879,420.85759112786394,315.4281226350903
88.9795918367347,2.642857142857143,247.17287721157757,357.19624892822,429.728125835477,322.0764905594833
90.81632653061224,2.642857142857143,252.27506963108252,364.56956599325196,438.59866054309,328.72485848387623
92.6530612244898,2.642857142857143,257.3772620505876,371.94288305828405,447.4691952507031,335.3732264082693
94.48979591836735,2.642857142857143,262.47945447009266,379.3162001233161,456.33972995831607,342.0215943326623
96.3265306122449,2.642857142857143,267.5816468895976,386.6895171883481,465.21026466592906,348.6699622570552
98.16326530612245,2.642857142857143,272.6838393091027,394.06283425338023,474.0807993735423,355.31833018144835
100.0,2.642857142857143,277.78603172860767,401.4361513184122,482.9513340811552,361.96669810584126
10.0,2.693877551020408,25.4094470100387,37.921002910685765,46.169128907416415,36.625654649971636
11.83673469387755,2.693877551020408,30.07648829759683,44.886085077954576,54.64917299245207,43.3528157081297
13.673469387755102,2.693877551020408,34.74352958515496,51.8511672452234,63.12921707748775,50.07997676628775
15.510204081632654,2.693877551020408,39.41057087271308,58.8162494124922,71.60926116252341,56.807137824445796
17.346938775510203,2.693877551020408,44.077612160271215,65.78133157976102,80.08930524755908,63.53429888260386
19.183673469387756,2.693877551020408,48.74465344782934,72.74641374702983,88.56934933259475,70.26145994076192
21.02040816326531,2.693877551020408,53.411694735387464,79.71149591429864,97.04939341763041,76.98862099891997
22.857142857142858,2.693877551020408,58.07873602294561,86.67657808156747,105.5294375026661,83.71578205707803
24.693877551020407,2.693877551020408,62.74577731050371,93.64166024883626,114.00948158770173,90.44294311523606
26.53061224489796,2.693877551020408,67.41281859806186,100.60674241610508,122.48952567273741,97.17010417339414
28.367346938775512,2.693877551020408,72.07985988562,107.5718245833739,130.9695697577731,103.89726523155218
30.20408163265306,2.693877551020408,76.7469011731781,114.53690675064271,139.44961384280873,110.62442628971024
32.04081632653062,2.693877551020408,81.41394246073625,121.50198891791156,147.92965792784446,117.35158734786832
33.87755102040816,2.693877551020408,86.08098374829436,128.46707108518032,156.40970201288008,124.07874840602636
35.714285714285715,2.693877551020408,90.7480250358525,135.43215325244915,164.88974609791575,130.80590946418442
37.55102040816327,2.693877551020408,95.41506632341064,142.397235419718,173.36979018295142,137.53307052234248
39.38775510204081,2.693877551020408,100.08210761096876,149.3623175869868,181.8498342679871,144.26023158050052
41.22448979591837,2.693877551020408,104.74914889852691,156.32739975425565,190.3298783530228,150.9873926386586
43.06122448979592,2.693877551020408,109.416190186085,163.2924819215244,198.8099224380584,157.71455369681664
44.89795918367347,2.693877551020408,114.08323147364312,170.2575640887932,207.28996652309405,164.44171475497467
46.734693877551024,2.693877551020408,118.75027276120127,177.22264625606203,215.77001060812975,171.16887581313273
48.57142857142857,2.693877551020408,123.41731404875941,184.18772842333087,224.25005469316542,177.89603687129082
50.40816326530612,2.693877551020408,128.08435533631754,191.1528105905997,232.73009877820112,184.62319792944888
52.244897959183675,2.693877551020408,132.75139662387565,198.1178927578685,241.21014286323677,191.3503589876069
54.08163265306123,2.693877551020408,137.41843791143376,205.08297492513728,249.6901869482724,198.07752004576497
55.91836734693878,2.693877551020408,142.0854791989919,212.0480570924061,258.1702310333081,204.804681103923
57.755102040816325,2.693877551020408,146.75252048655003,219.01313925967492,266.65027511834376,211.53184216208103
59.59183673469388,2.693877551020408,151.41956177410813,225.9782214269437,275.1303192033794,218.25900322023912
61.42857142857143,2.693877551020408,156.0866030616663,232.94330359421258,283.6103632884151,224.9861642783972
63.26530612244898,2.693877551020408,160.7536443492244,239.90838576148136,292.0904073734507,231.71332533655524
65.10204081632654,2.693877551020408,165.42068563678254,246.8734679287502,300.57045145848645,238.4404863947133
66.93877551020408,2.693877551020408,170.0877269243407,253.83855009601902,309.0504955435221,245.1676474528714
68.77551020408163,2.693877551020408,174.7547682118988,260.80363226328774,317.53053962855773,251.8948085110294
70.61224489795919,2.693877551020408,179.4218094994569,267.7687144305566,326.0105837135934,258.62196956918746
72.44897959183675,2.693877551020408,184.0888507870151,274.73379659782546,334.49062779862913,265.3491306273456
74.28571428571429,2.693877551020408,188.75589207457318,281.69887876509426,342.97067188366475,272.0762916855036
76.12244897959184,2.693877551020408,193.42293336213132,288.66396093236307,351.4507159687005,278.80345274366164
77.95918367346938,2.693877551020408,198.08997464968942,295.6290430996318,359.9307600537361,285.5306138018197
79.79591836734694,2.693877551020408,202.7570159372476,302.5941252669007,368.41080413877177,292.2577748599777
81.63265306122449,2.693877551020408,207.42405722480572,309.5592074341695,376.89084822380744,298.9849359181358
83.46938775510205,2.693877551020408,212.09109851236386,316.52428960143834,385.3708923088431,305.7120969762939
85.3061224489796,2.693877551020408,216.75813979992196,323.4893717687071,393.8509363938788,312.4392580344519
87.14285714285714,2.693877551020408,221.42518108748013,330.454453935976,402.3309804789145,319.16641909261
88.9795918367347,2.693877551020408,226.09222237503826,337.4195361032448,410.8110245639502,325.89358015076806
90.81632653061224,2.693877551020408,230.75926366259637,344.38461827051356,419.29106864898574,332.6207412089261
92.6530612244898,2.693877551020408,235.4263049501545,351.3497004377824,427.7711127340215,339.3479022670841
94.48979591836735,2.693877551020408,240.0933462377126,358.3147826050512,436.25115681905714,346.07506332524224
96.3265306122449,2.693877551020408,244.76038752527072,365.2798647723199,444.7312009040927,352.8022243834002
98.16326530612245,2.693877551020408,249.42742881282885,372.24494693958883,453.21124498912843,359.5293854415583
100.0,2.693877551020408,254.09447010038699,379.2100291068576,461.691289074164,366.2565464997163
10.0,2.7448979591836737,23.093886272920578,35.75372288078776,44.09960154439278,37.059723603267614
11.83673469387755,2.7448979591836737,27.335620486314152,42.320733205830415,52.199528358669006,43.86661161203104
13.673469387755102,2.7448979591836737,31.57735469970773,48.887743530873074,60.299455172945244,50.673499620794495
15.510204081632654,2.7448979591836737,35.8190889131013,55.45475385591572,68.39938198722146,57.480387629557924
17.346938775510203,2.7448979591836737,40.06082312649487,62.021764180958364,76.49930880149768,64.28727563832135
19.183673469387756,2.7448979591836737,44.30255733988846,68.58877450600103,84.59923561577392,71.09416364708481
21.02040816326531,2.7448979591836737,48.54429155328203,75.15578483104366,92.69916243005014,77.90105165584824
22.857142857142858,2.7448979591836737,52.78602576667561,81.72279515608632,100.79908924432637,84.70793966461169
24.693877551020407,2.7448979591836737,57.02775998006918,88.28980548112895,108.89901605860258,91.5148276733751
26.53061224489796,2.7448979591836737,61.269494193462755,94.85681580617162,116.99894287287881,98.32171568213855
28.367346938775512,2.7448979591836737,65.51122840685633,101.42382613121427,125.09886968715504,105.128603690902
30.20408163265306,2.7448979591836737,69.75296262024989,107.9908364562569,133.19879650143125,111.9354916996654
32.04081632653062,2.7448979591836737,73.99469683364349,114.5578467812996,141.29872331570752,118.7423797084289
33.87755102040816,2.7448979591836737,78.23643104703703,121.12485710634219,149.39865012998368,125.54926771719227
35.714285714285715,2.7448979591836737,82.47816526043064,127.69186743138488,157.49857694425995,132.35615572595574
37.55102040816327,2.7448979591836737,86.71989947382421,134.25887775642752,165.59850375853617,139.1630437347192
39.38775510204081,2.7448979591836737,90.96163368721777,140.82588808147014,173.69843057281236,145.9699317434826
41.22448979591837,2.7448979591836737,95.20336790061137,147.39289840651284,181.79835738708863,152.77681975224607
43.06122448979592,2.7448979591836737,99.44510211400492,153.95990873155546,189.89828420136482,159.58370776100946
44.89795918367347,2.7448979591836737,103.6868363273985,160.5269190565981,197.99821101564103,166.39059576977291
46.734693877551024,2.7448979591836737,107.92857054079208,167.09392938164078,206.09813782991728,173.19748377853637
48.57142857142857,2.7448979591836737,112.17030475418565,173.66093970668342,214.1980646441935,180.0043717872998
50.40816326530612,2.7448979591836737,116.41203896757924,180.2279500317261,222.29799145846974,186.81125979606324
52.244897959183675,2.7448979591836737,120.65377318097279,186.7949603567687,230.39791827274598,193.6181478048267
54.08163265306123,2.7448979591836737,124.89550739436636,193.36197068181136,238.49784508702217,200.42503581359006
55.91836734693878,2.7448979591836737,129.13724160775996,199.92898100685406,246.59777190129844,207.23192382235354
57.755102040816325,2.7448979591836737,133.37897582115352,206.49599133189668,254.69769871557463,214.038811831117
59.59183673469388,2.7448979591836737,137.62071003454707,213.06300165693932,262.79762552985085,220.84569983988038
61.42857142857143,2.7448979591836737,141.8624442479407,219.630011981982,270.8975523441271,227.65258784864386
63.26530612244898,2.7448979591836737,146.10417846133424,226.1970223070246,278.9974791584033,234.4594758574073
65.10204081632654,2.7448979591836737,150.34591267472783,232.76403263206726,287.0974059726795,241.2663638661707
66.93877551020408,2.7448979591836737,154.5876468881214,239.33104295710993,295.19733278695577,248.0732518749342
68.77551020408163,2.7448979591836737,158.82938110151494,245.89805328215255,303.29725960123193,254.88013988369758
70.61224489795919,2.7448979591836737,163.07111531490855,252.46506360719522,311.3971864155082,261.687027892461
72.44897959183675,2.7448979591836737,167.31284952830217,259.03207393223795,319.4971132297845,268.49391590122457
74.28571428571429,2.7448979591836737,171.55458374169572,265.59908425728054,327.5970400440607,275.30080390998796
76.12244897959184,2.7448979591836737,175.7963179550893,272.16609458232324,335.6969668583369,282.1076919187514
77.95918367346938,2.7448979591836737,180.03805216848284,278.7331049073658,343.79689367261307,288.91457992751475
79.79591836734694,2.7448979591836737,184.27978638187642,285.3001152324084,351.8968204868893,295.7214679362782
81.63265306122449,2.7448979591836737,188.52152059527003,291.8671255574512,359.9967473011656,302.5283559450417
83.46938775510205,2.7448979591836737,192.7632548086636,298.43413588249376,368.09667411544183,309.3352439538051
85.3061224489796,2.7448979591836737,197.00498902205715,305.0011462075364,376.196600929718,316.14213196256856
87.14285714285714,2.7448979591836737,201.24672323545076,311.5681565325791,384.29652774399426,322.949019971332
88.9795918367347,2.7448979591836737,205.48845744884437,318.1351668576218,392.39645455827053,329.7559079800955
90.81632653061224,2.7448979591836737,209.7301916622379,324.70217718266434,400.49638137254664,336.56279598885885
92.6530612244898,2.7448979591836737,213.97192587563148,331.26918750770704,408.59630818682297,343.36968399762236
94.48979591836735,2.7448979591836737,218.21366008902507,337.8361978327497,416.6962350010991,350.17657200638575
96.3265306122449,2.7448979591836737,222.4553943024186,344.40320815779233,424.79616181537534,356.98346001514915
98.16326530612245,2.7448979591836737,226.69712851581218,350.970218482835,432.8960886296516,363.79034802391266
100.0,2.7448979591836737,230.93886272920577,357.53722880787757,440.9960154439277,370.59723603267605
10.0,2.795918367346939,20.830084082414807,33.639958746332944,42.08474859256304,37.49893692484904
11.83673469387755,2.795918367346939,24.656017893470587,39.818726679332876,49.81460037487053,44.386496768188664
13.673469387755102,2.795918367346939,28.48195170452637,45.9974946123328,57.54445215717803,51.27405661152828
15.510204081632654,2.795918367346939,32.30788551558214,52.17626254533272,65.27430393948552,58.16161645486789
17.346938775510203,2.795918367346939,36.133819326637926,58.355030478332644,73.00415572179301,65.04917629820751
19.183673469387756,2.795918367346939,39.95975313769371,64.53379841133258,80.73400750410052,71.93673614154714
21.02040816326531,2.795918367346939,43.785686948749486,70.7125663443325,88.46385928640801,78.82429598488675
22.857142857142858,2.795918367346939,47.61162075980528,76.89133427733243,96.1937110687155,85.71185582822638
24.693877551020407,2.795918367346939,51.437554570861046,83.07010221033235,103.923562851023,92.59941567156598
26.53061224489796,2.795918367346939,55.26348838191684,89.2488701433323,111.6534146333305,99.48697551490561
28.367346938775512,2.795918367346939,59.08942219297261,95.42763807633222,119.383266415638,106.37453535824523
30.20408163265306,2.795918367346939,62.91535600402839,101.60640600933215,127.11311819794547,113.26209520158486
32.04081632653062,2.795918367346939,66.74128981508419,107.78517394233208,134.842969980253,120.14965504492449
33.87755102040816,2.795918367346939,70.56722362613995,113.963941875332,142.5728217625605,127.03721488826409
35.714285714285715,2.795918367346939,74.39315743719574,120.14270980833194,150.30267354486801,133.92477473160372
37.55102040816327,2.795918367346939,78.21909124825152,126.32147774133188,158.03252532717548,140.81233457494335
39.38775510204081,2.795918367346939,82.04502505930729,132.50024567433178,165.76237710948294,147.69989441828292
41.22448979591837,2.795918367346939,85.8709588703631,138.67901360733174,173.4922288917905,154.58745426162258
43.06122448979592,2.795918367346939,89.69689268141886,144.85778154033164,181.22208067409795,161.47501410496218
44.89795918367347,2.795918367346939,93.52282649247462,151.03654947333155,188.95193245640544,168.36257394830182
46.734693877551024,2.795918367346939,97.34876030353041,157.21531740633148,196.68178423871294,175.25013379164142
48.57142857142857,2.795918367346939,101.1746941145862,163.39408533933144,204.41163602102046,182.13769363498105
50.40816326530612,2.795918367346939,105.000627925642,169.57285327233134,212.14148780332795,189.02525347832068
52.244897959183675,2.795918367346939,108.82656173669776,175.75162120533125,219.87133958563544,195.91281332166028
54.08163265306123,2.795918367346939,112.65249554775353,181.9303891383312,227.6011913679429,202.80037316499988
55.91836734693878,2.795918367346939,116.47842935880934,188.10915707133114,235.33104315025042,209.68793300833954
57.755102040816325,2.795918367346939,120.30436316986511,194.28792500433107,243.06089493255794,216.57549285167914
59.59183673469388,2.795918367346939,124.13029698092087,200.46669293733098,250.79074671486538,223.46305269501872
61.42857142857143,2.795918367346939,127.95623079197667,206.64546087033094,258.5205984971729,230.35061253835835
63.26530612244898,2.795918367346939,131.78216460303244,212.82422880333084,266.2504502794804,237.23817238169798
65.10204081632654,2.795918367346939,135.60809841408823,219.00299673633074,273.9803020617879,244.12573222503758
66.93877551020408,2.795918367346939,139.43403222514402,225.1817646693307,281.7101538440954,251.01329206837724
68.77551020408163,2.795918367346939,143.25996603619976,231.36053260233058,289.4400056264028,257.9008519117168
70.61224489795919,2.795918367346939,147.08589984725555,237.53930053533054,297.1698574087104,264.7884117550564
72.44897959183675,2.795918367346939,150.91183365831137,243.7180684683305,304.89970919101796,271.67597159839613
74.28571428571429,2.795918367346939,154.7377674693671,249.89683640133038,312.6295609733254,278.5635314417357
76.12244897959184,2.795918367346939,158.56370128042292,256.07560433433036,320.3594127556329,285.45109128507534
77.95918367346938,2.795918367346939,162.38963509147868,262.25437226733027,328.0892645379403,292.33865112841494
79.79591836734694,2.795918367346939,166.21556890253447,268.43314020033023,335.8191163202479,299.2262109717546
81.63265306122449,2.795918367346939,170.04150271359026,274.61190813333013,343.5489681025554,306.1137708150942
83.46938775510205,2.795918367346939,173.86743652464605,280.79067606633004,351.27881988486286,313.0013306584338
85.3061224489796,2.795918367346939,177.6933703357018,286.9694439993299,359.0086716671703,319.88889050177335
87.14285714285714,2.795918367346939,181.51930414675758,293.1482119323299,366.73852344947784,326.77645034511306
88.9795918367347,2.795918367346939,185.3452379578134,299.32697986532986,374.4683752317854,333.6640101884527
90.81632653061224,2.795918367346939,189.17117176886913,305.50574779832976,382.1982270140928,340.55157003179227
92.6530612244898,2.795918367346939,192.99710557992495,311.6845157313297,389.92807879640037,347.439129875132
94.48979591836735,2.795918367346939,196.8230393909807,317.86328366432963,397.65793057870786,354.3266897184716
96.3265306122449,2.795918367346939,200.64897320203647,324.04205159732953,405.3877823610153,361.2142495618111
98.16326530612245,2.795918367346939,204.4749070130923,330.2208195303295,413.11763414332285,368.1018094051508
100.0,2.795918367346939,208.30084082414805,336.39958746332934,420.8474859256303,374.98936924849033
10.0,2.8469387755102042,18.616256613293118,31.577947509313027,40.122820784068544,37.943355583197686
11.83673469387755,2.8469387755102042,22.035569052469402,37.377978684492966,47.49231847910154,44.91254334337685
13.673469387755102,2.8469387755102042,25.45488149164569,43.17800985967291,54.861816174134546,51.881731103556014
15.510204081632654,2.8469387755102042,28.87419393082197,48.97804103485285,62.23131386916753,58.85091886373518
17.346938775510203,2.8469387755102042,32.293506369998255,54.77807221003279,69.60081156420053,65.82010662391434
19.183673469387756,2.8469387755102042,35.71281880917454,60.578103385212735,76.97030925923352,72.78929438409351
21.02040816326531,2.8469387755102042,39.13213124835083,66.3781345603927,84.33980695426654,79.75848214427268
22.857142857142858,2.8469387755102042,42.551443687527126,72.17816573557263,91.70930464929954,86.72766990445186
24.693877551020407,2.8469387755102042,45.97075612670339,77.97819691075254,99.0788023443325,93.69685766463098
26.53061224489796,2.8469387755102042,49.39006856587969,83.77822808593251,106.4483000393655,100.66604542481018
28.367346938775512,2.8469387755102042,52.80938100505598,89.57825926111246,113.81779773439852,107.63523318498935
30.20408163265306,2.8469387755102042,56.22869344423226,95.3782904362924,121.18729542943152,114.60442094516851
32.04081632653062,2.8469387755102042,59.648005883408565,101.17832161147236,128.55679312446452,121.57360870534768
33.87755102040816,2.8469387755102042,63.06731832258483,106.97835278665228,135.9262908194975,128.54279646552683
35.714285714285715,2.8469387755102042,66.48663076176112,112.77838396183223,143.2957885145305,135.51198422570602
37.55102040816327,2.8469387755102042,69.9059432009374,118.57841513701217,150.6652862095635,142.48117198588517
39.38775510204081,2.8469387755102042,73.3252556401137,124.3784463121921,158.03478390459648,149.45035974606432
41.22448979591837,2.8469387755102042,76.74456807929,130.1784774873721,165.40428159962954,156.41954750624356
43.06122448979592,2.8469387755102042,80.16388051846627,135.978508662552,172.77377929466252,163.38873526642266
44.89795918367347,2.8469387755102042,83.58319295764254,141.77853983773193,180.14327698969547,170.3579230266018
46.734693877551024,2.8469387755102042,87.00250539681883,147.57857101291188,187.5127746847285,177.327110786781
48.57142857142857,2.8469387755102042,90.42181783599511,153.3786021880918,194.88227237976147,184.29629854696017
50.40816326530612,2.8469387755102042,93.84113027517142,159.17863336327179,202.2517700747945,191.26548630713933
52.244897959183675,2.8469387755102042,97.2604427143477,164.9786645384517,209.62126776982748,198.2346740673185
54.08163265306123,2.8469387755102042,100.67975515352396,170.77869571363163,216.99076546486043,205.20386182749763
55.91836734693878,2.8469387755102042,104.09906759270028,176.57872688881162,224.3602631598935,212.17304958767684
57.755102040816325,2.8469387755102042,107.51838003187655,182.37875806399154,231.72976085492647,219.142237347856
59.59183673469388,2.8469387755102042,110.93769247105283,188.17878923917146,239.09925854995944,226.11142510803512
61.42857142857143,2.8469387755102042,114.35700491022912,193.97882041435145,246.46875624499245,233.08061286821433
63.26530612244898,2.8469387755102042,117.7763173494054,199.77885158953137,253.83825394002545,240.04980062839348
65.10204081632654,2.8469387755102042,121.19562978858168,205.5788827647113,261.2077516350584,247.01898838857267
66.93877551020408,2.8469387755102042,124.614942227758,211.37891393989125,268.5772493300915,253.98817614875185
68.77551020408163,2.8469387755102042,128.03425466693426,217.17894511507114,275.9467470251244,260.9573639089309
70.61224489795919,2.8469387755102042,131.45356710611054,222.97897629025113,283.31624472015744,267.92655166911015
72.44897959183675,2.8469387755102042,134.8728795452869,228.77900746543114,290.68574241519053,274.8957394292894
74.28571428571429,2.8469387755102042,138.29219198446313,234.57903864061103,298.05524011022345,281.86492718946846
76.12244897959184,2.8469387755102042,141.71150442363944,240.37906981579098,305.4247378052564,288.83411494964764
77.95918367346938,2.8469387755102042,145.1308168628157,246.1791009909709,312.7942355002894,295.80330270982677
79.79591836734694,2.8469387755102042,148.550129301992,251.97913216615086,320.16373319532244,302.772490470006
81.63265306122449,2.8469387755102042,151.96944174116828,257.77916334133084,327.5332308903554,309.7416782301852
83.46938775510205,2.8469387755102042,155.38875418034456,263.57919451651077,334.90272858538845,316.71086599036437
85.3061224489796,2.8469387755102042,158.80806661952082,269.37922569169064,342.27222628042136,323.68005375054344
87.14285714285714,2.8469387755102042,162.22737905869715,275.1792568668707,349.64172397545445,330.6492415107227
88.9795918367347,2.8469387755102042,165.64669149787343,280.9792880420506,357.0112216704875,337.61842927090186
90.81632653061224,2.8469387755102042,169.06600393704971,286.7793192172305,364.3807193655204,344.587617031081
92.6530612244898,2.8469387755102042,172.48531637622602,292.5793503924105,371.75021706055344,351.55680479126016
94.48979591836735,2.8469387755102042,175.90462881540228,298.37938156759037,379.11971475558636,358.5259925514393
96.3265306122449,2.8469387755102042,179.32394125457853,304.1794127427703,386.48921245061933,365.4951803116184
98.16326530612245,2.8469387755102042,182.7432536937549,309.9794439179503,393.8587101456524,372.4643680717977
100.0,2.8469387755102042,186.16256613293112,315.7794750931302,401.2282078406854,379.4335558319767
10.0,2.8979591836734695,16.45067145822203,29.565977836448358,38.21212067850219,38.393041269363245
11.83673469387755,2.8979591836734695,19.472223358711787,34.9964635615103,45.23067345618627,45.44482435965445
13.673469387755102,2.8979591836734695,22.49377525920155,40.426949286572246,52.249226233870345,52.49660744994566
15.510204081632654,2.8979591836734695,25.515327159691306,45.85743501163419,59.26777901155442,59.548390540236866
17.346938775510203,2.8979591836734695,28.536879060181068,51.28792073669613,66.28633178923849,66.60017363052806
19.183673469387756,2.8979591836734695,31.558430960670826,56.71840646175808,73.30488456692257,73.65195672081927
21.02040816326531,2.8979591836734695,34.57998286116059,62.148892186820014,80.32343734460665,80.7037398111105
22.857142857142858,2.8979591836734695,37.60153476165035,67.57937791188198,87.34199012229072,87.7555229014017
24.693877551020407,2.8979591836734695,40.623086662140096,73.00986363694389,94.36054289997477,94.80730599169287
26.53061224489796,2.8979591836734695,43.64463856262987,78.44034936200585,101.37909567765888,101.85908908198411
28.367346938775512,2.8979591836734695,46.66619046311963,83.8708350870678,108.39764845534295,108.91087217227533
30.20408163265306,2.8979591836734695,49.687742363609395,89.30132081212973,115.41620123302702,115.96265526256653
32.04081632653062,2.8979591836734695,52.70929426409916,94.7318065371917,122.43475401071113,123.01443835285777
33.87755102040816,2.8979591836734695,55.730846164588904,100.1622922622536,129.45330678839517,130.06622144314892
35.714285714285715,2.8979591836734695,58.75239806507868,105.59277798731557,136.47185956607927,137.11800453344017
37.55102040816327,2.8979591836734695,61.77394996556842,111.0232637123775,143.49041234376332,144.16978762373134
39.38775510204081,2.8979591836734695,64.79550186605819,116.45374943743946,150.50896512144737,151.22157071402256
41.22448979591837,2.8979591836734695,67.81705376654797,121.88423516250144,157.5275178991315,158.2733538043138
43.06122448979592,2.8979591836734695,70.83860566703771,127.31472088756334,164.54607067681556,165.325136894605
44.89795918367347,2.8979591836734695,73.86015756752745,132.74520661262528,171.5646234544996,172.37691998489615
46.734693877551024,2.8979591836734695,76.88170946801722,138.17569233768722,178.5831762321837,179.42870307518737
48.57142857142857,2.8979591836734695,79.903261368507,143.6061780627492,185.6017290098678,186.4804861654786
50.40816326530612,2.8979591836734695,82.92481326899676,149.0366637878111,192.62028178755185,193.53226925576982
52.244897959183675,2.8979591836734695,85.94636516948651,154.46714951287305,199.63883456523592,200.58405234606104
54.08163265306123,2.8979591836734695,88.96791706997625,159.897635237935,206.65738734291995,207.6358354363522
55.91836734693878,2.8979591836734695,91.98946897046604,165.32812096299693,213.67594012060408,214.68761852664343
57.755102040816325,2.8979591836734695,95.01102087095579,170.75860668805888,220.69449289828816,221.73940161693463
59.59183673469388,2.8979591836734695,98.03257277144556,176.18909241312082,227.7130456759722,228.79118470722582
61.42857142857143,2.8979591836734695,101.05412467193533,181.6195781381828,234.73159845365635,235.84296779751708
63.26530612244898,2.8979591836734695,104.07567657242507,187.0500638632447,241.75015123134037,242.89475088780824
65.10204081632654,2.8979591836734695,107.09722847291481,192.48054958830664,248.76870400902447,249.94653397809947
66.93877551020408,2.8979591836734695,110.11878037340459,197.9110353133686,255.78725678670855,256.9983170683907
68.77551020408163,2.8979591836734695,113.14033227389432,203.34152103843053,262.8058095643925,264.05010015868186
70.61224489795919,2.8979591836734695,116.1618841743841,208.7720067634925,269.82436234207665,271.1018832489731
72.44897959183675,2.8979591836734695,119.1834360748739,214.2024924885545,276.84291511976085,278.15366633926436
74.28571428571429,2.8979591836734695,122.20498797536362,219.63297821361635,283.8614678974448,285.2054494295555
76.12244897959184,2.8979591836734695,125.2265398758534,225.06346393867832,290.88002067512895,292.2572325198467
77.95918367346938,2.8979591836734695,128.24809177634313,230.49394966374024,297.89857345281297,299.3090156101379
79.79591836734694,2.8979591836734695,131.2696436768329,235.9244353888022,304.91712623049705,306.3607987004291
81.63265306122449,2.8979591836734695,134.2911955773227,241.35492111386418,311.9356790081812,313.41258179072037
83.46938775510205,2.8979591836734695,137.31274747781242,246.7854068389261,318.9542317858652,320.46436488101153
85.3061224489796,2.8979591836734695,140.33429937830218,252.21589256398804,325.9727845635493,327.5161479713027
87.14285714285714,2.8979591836734695,143.35585127879196,257.64637828905006,332.9913373412334,334.567931061594
88.9795918367347,2.8979591836734695,146.37740317928174,263.07686401411195,340.0098901189175,341.61971415188526
90.81632653061224,2.8979591836734695,149.39895507977147,268.50734973917383,347.0284428966015,348.6714972421764
92.6530612244898,2.8979591836734695,152.42050698026122,273.93783546423583,354.0469956742856,355.7232803324676
94.48979591836735,2.8979591836734695,155.44205888075098,279.3683211892978,361.0655484519696,362.77506342275876
96.3265306122449,2.8979591836734695,158.46361078124073,284.79880691435966,368.0841012296537,369.82684651304993
98.16326530612245,2.8979591836734695,161.48516268173054,290.2292926394217,375.10265400733783,376.8786296033412
100.0,2.8979591836734695,164.50671458222024,295.65977836448354,382.12120678502185,383.9304126936323
10.0,2.9489795918367347,14.33164604095377,27.602388475304135,36.351001080953054,38.84805640552694
11.83673469387755,2.9489795918367347,16.963989191333035,32.672214929951835,43.02771556520974,45.98341370450128
13.673469387755102,2.9489795918367347,19.596332341712298,37.74204138459953,49.70443004946642,53.118771003475615
15.510204081632654,2.9489795918367347,22.22867549209156,42.81186783924723,56.38114453372311,60.25412830244995
17.346938775510203,2.9489795918367347,24.86101864247082,47.881694293894924,63.05785901797979,67.38948560142428
19.183673469387756,2.9489795918367347,27.493361792850084,52.95152074854262,69.73457350223646,74.52484290039862
21.02040816326531,2.9489795918367347,30.125704943229348,58.021347203190324,76.41128798649314,81.66020019937295
22.857142857142858,2.9489795918367347,32.75804809360862,63.09117365783803,83.08800247074984,88.7955574983473
24.693877551020407,2.9489795918367347,35.39039124398787,68.16100011248572,89.7647169550065,95.93091479732162
26.53061224489796,2.9489795918367347,38.02273439436715,73.23082656713343,96.44143143926321,103.06627209629598
28.367346938775512,2.9489795918367347,40.65507754474641,78.30065302178112,103.11814592351989,110.2016293952703
30.20408163265306,2.9489795918367347,43.287420695125675,83.37047947642883,109.79486040777657,117.33698669424464
32.04081632653062,2.9489795918367347,45.91976384550494,88.44030593107652,116.47157489203326,124.472343993219
33.87755102040816,2.9489795918367347,48.55210699588419,93.5101323857242,123.14828937628991,131.6077012921933
35.714285714285715,2.9489795918367347,51.184450146263465,98.57995884037193,129.82500386054662,138.74305859116765
37.55102040816327,2.9489795918367347,53.81679329664273,103.64978529501963,136.5017183448033,145.87841589014198
39.38775510204081,2.9489795918367347,56.449136447021985,108.7196117496673,143.17843282905994,153.01377318911628
41.22448979591837,2.9489795918367347,59.08147959740127,113.78943820431503,149.85514731331668,160.1491304880907
43.06122448979592,2.9489795918367347,61.71382274778052,118.85926465896272,156.53186179757336,167.284487787065
44.89795918367347,2.9489795918367347,64.34616589815978,123.92909111361041,163.20857628183,174.41984508603932
46.734693877551024,2.9489795918367347,66.97850904853904,128.9989175682581,169.8852907660867,181.55520238501367
48.57142857142857,2.9489795918367347,69.61085219891831,134.0687440229058,176.5620052503434,188.690559683988
50.40816326530612,2.9489795918367347,72.24319534929757,139.1385704775535,183.23871973460007,195.82591698296235
52.244897959183675,2.9489795918367347,74.87553849967684,144.2083969322012,189.91543421885675,202.96127428193668
54.08163265306123,2.9489795918367347,77.50788165005609,149.2782233868489,196.59214870311345,210.09663158091098
55.91836734693878,2.9489795918367347,80.14022480043538,154.34804984149662,203.26886318737013,217.23198887988536
57.755102040816325,2.9489795918367347,82.77256795081462,159.41787629614427,209.94557767162678,224.3673461788597
59.59183673469388,2.9489795918367347,85.40491110119389,164.48770275079198,216.62229215588346,231.50270347783402
61.42857142857143,2.9489795918367347,88.03725425157316,169.55752920543972,223.2990066401402,238.63806077680837
63.26530612244898,2.9489795918367347,90.66959740195242,174.62735566008737,229.97572112439684,245.77341807578267
65.10204081632654,2.9489795918367347,93.30194055233167,179.69718211473506,236.65243560865352,252.90877537475703
66.93877551020408,2.9489795918367347,95.93428370271094,184.7670085693828,243.32915009291023,260.0441326737314
68.77551020408163,2.9489795918367347,98.56662685309018,189.83683502403045,250.00586457716688,267.17948997270565
70.61224489795919,2.9489795918367347,101.19897000346946,194.9066614786782,256.68257906142355,274.31484727168004
72.44897959183675,2.9489795918367347,103.83131315384877,199.97648793332593,263.3592935456803,281.4502045706544
74.28571428571429,2.9489795918367347,106.46365630422798,205.04631438797355,270.0360080299369,288.58556186962863
76.12244897959184,2.9489795918367347,109.09599945460728,210.11614084262132,276.7127225141937,295.7209191686031
77.95918367346938,2.9489795918367347,111.72834260498651,215.18596729726897,283.3894369984503,302.85627646757735
79.79591836734694,2.9489795918367347,114.36068575536578,220.25579375191666,290.06615148270697,309.9916337665517
81.63265306122449,2.9489795918367347,116.99302890574508,225.3256202065644,296.74286596696373,317.12699106552606
83.46938775510205,2.9489795918367347,119.62537205612432,230.39544666121208,303.4195804512204,324.26234836450044
85.3061224489796,2.9489795918367347,122.25771520650356,235.46527311585973,310.09629493547703,331.3977056634747
87.14285714285714,2.9489795918367347,124.89005835688285,240.5350995705075,316.77300941973374,338.5330629624491
88.9795918367347,2.9489795918367347,127.52240150726215,245.6049260251552,323.4497239039905,345.6684202614235
90.81632653061224,2.9489795918367347,130.15474465764137,250.6747524798029,330.12643838824715,352.80377756039775
92.6530612244898,2.9489795918367347,132.78708780802066,255.74457893445057,336.8031528725038,359.9391348593721
94.48979591836735,2.9489795918367347,135.41943095839991,260.8144053890983,343.47986735676045,367.0744921583464
96.3265306122449,2.9489795918367347,138.05177410877914,265.8842318437459,350.1565818410171,374.2098494573207
98.16326530612245,2.9489795918367347,140.68411725915843,270.95405829839365,356.83329632527386,381.3452067562951
100.0,2.9489795918367347,143.31646040953765,276.02388475304133,363.51001080953046,388.4805640552694
10.0,3.0,12.257546077184632,25.685566718108806,34.53786350777622,39.308464153666485
11.83673469387755,3.0,14.5089320913614,30.40332387041451,40.88155272349022,46.52838614107461
13.673469387755102,3.0,16.760318105538172,35.12108102272021,47.225241939204224,53.74830812848275
15.510204081632654,3.0,19.01170411971494,39.838838175025906,53.56893115491823,60.968230115890876
17.346938775510203,3.0,21.263090133891705,44.5565953273316,59.91262037063222,68.188152103299
19.183673469387756,3.0,23.51447614806848,49.27435247963731,66.25630958634622,75.40807409070715
21.02040816326531,3.0,25.76586216224525,53.992109631943,72.59999880206023,82.62799607811527
22.857142857142858,3.0,28.01724817642202,58.7098667842487,78.94368801777424,89.8479180655234
24.693877551020407,3.0,30.268634190598778,63.427623936554404,85.28737723348821,97.06784005293152
26.53061224489796,3.0,32.520020204775555,68.1453810888601,91.63106644920224,104.28776204033966
28.367346938775512,3.0,34.77140621895232,72.86313824116581,97.97475566491623,111.5076840277478
30.20408163265306,3.0,37.02279223312909,77.5808953934715,104.31844488063022,118.7276060151559
32.04081632653062,3.0,39.27417824730587,82.29865254577722,110.66213409634425,125.94752800256406
33.87755102040816,3.0,41.52556426148263,87.0164096980829,117.00582331205821,133.16744998997217
35.714285714285715,3.0,43.7769502756594,91.7341668503886,123.34951252777225,140.38737197738033
37.55102040816327,3.0,46.02833628983616,96.4519240026943,129.6932017434862,147.60729396478843
39.38775510204081,3.0,48.27972230401293,101.169681155,136.03689095920024,154.82721595219655
41.22448979591837,3.0,50.531108318189716,105.88743830730573,142.3805801749143,162.04713793960474
43.06122448979592,3.0,52.78249433236647,110.6051954596114,148.72426939062822,169.2670599270128
44.89795918367347,3.0,55.033880346543235,115.32295261191707,155.06795860634222,176.48698191442094
46.734693877551024,3.0,57.28526636072001,120.0407097642228,161.4116478220562,183.70690390182907
48.57142857142857,3.0,59.53665237489679,124.75846691652849,167.75533703777026,190.92682588923725
50.40816326530612,3.0,61.78803838907355,129.4762240688342,174.09902625348423,198.14674787664532
52.244897959183675,3.0,64.03942440325032,134.19398122113986,180.44271546919822,205.36666986405348
54.08163265306123,3.0,66.29081041742708,138.91173837344556,186.7864046849122,212.58659185146158
55.91836734693878,3.0,68.54219643160386,143.6294955257513,193.13009390062624,219.80651383886976
57.755102040816325,3.0,70.79358244578061,148.347252678057,199.47378311634023,227.02643582627786
59.59183673469388,3.0,73.04496845995739,153.0650098303627,205.81747233205422,234.246357813686
61.42857142857143,3.0,75.29635447413416,157.7827669826684,212.16116154776824,241.46627980109415
63.26530612244898,3.0,77.54774048831092,162.50052413497409,218.50485076348224,248.68620178850222
65.10204081632654,3.0,79.7991265024877,167.21828128727975,224.84853997919623,255.90612377591037
66.93877551020408,3.0,82.05051251666447,171.93603843958547,231.19222919491023,263.12604576331853
68.77551020408163,3.0,84.30189853084121,176.65379559189114,237.53591841062416,270.34596775072663
70.61224489795919,3.0,86.553284545018,181.3715527441969,243.87960762633824,277.56588973813473
72.44897959183675,3.0,88.80467055919479,186.0893098965026,250.22329684205226,284.78581172554294
74.28571428571429,3.0,91.05605657337155,190.80706704880828,256.5669860577662,292.00573371295104
76.12244897959184,3.0,93.30744258754832,195.524824201114,262.91067527348025,299.22565570035914
77.95918367346938,3.0,95.55882860172507,200.24258135341967,269.2543644891942,306.44557768776724
79.79591836734694,3.0,97.81021461590186,204.96033850572536,275.59805370490824,313.6654996751754
81.63265306122449,3.0,100.06160063007863,209.67809565803108,281.94174292062223,320.88542166258355
83.46938775510205,3.0,102.3129866442554,214.3958528103368,288.2854321363362,328.1053436499917
85.3061224489796,3.0,104.56437265843215,219.11360996264244,294.6291213520502,335.3252656373998
87.14285714285714,3.0,106.81575867260895,223.8313671149482,300.97281056776427,342.545187624808
88.9795918367347,3.0,109.06714468678572,228.54912426725394,307.31649978347826,349.7651096122161
90.81632653061224,3.0,111.31853070096248,233.26688141955958,313.66018899919226,356.9850315996242
92.6530612244898,3.0,113.56991671513926,237.98463857186528,320.00387821490625,364.2049535870324
94.48979591836735,3.0,115.821302729316,242.702395724171,326.3475674306202,371.4248755744404
96.3265306122449,3.0,118.07268874349276,247.42015287647664,332.6912566463342,378.6447975618485
98.16326530612245,3.0,120.32407475766954,252.1379100287824,339.0349458620483,385.8647195492568
100.0,3.0,122.5754607718463,256.85566718108805,345.3786350777622,393.08464153666483
