Sample_ID,CBF,ATT,Condition_Number,Log_Condition_Number,Sigma_Min,Sigma_Max,Sensitivity_Angle,ATT_bin
0,62.5095466604667,1.8661613702605724,42.40560762429349,1.6274232905374686,0.0001055683182269343,0.004476688680287926,1.9623163897535945,1.5-2.0
1,89.72138009695755,2.773734479691662,138.36052816071677,2.141012211168625,4.721723516717745e-05,0.006533001596019441,2.401827316732366,2.5-3.0
2,77.56856902451935,1.999944964547677,49.07574109271656,1.6908668666020943,0.00010663249947726783,0.00523306893641563,1.8560327029676538,1.5-2.0
3,22.520718999059184,1.2620658517446322,inf,inf,3.4194559059314493e-16,0.0006352308810249146,0.0,1.0-1.5
4,30.016628491122542,2.1574747829220944,34.53491922611721,1.5382584445699752,7.220669696731133e-05,0.0024936524473508194,2.35726231089589,2.0-2.5
5,87.35534453962619,1.3226878123095958,inf,inf,7.429389652263997e-16,0.002456788156603035,0.0,1.0-1.5
6,0.5265304565574724,1.88803802373854,3.322178455037488,0.5214229574219534,3.447526526339039e-05,0.00011453298348973789,1.9451107192999344,1.5-2.0
7,82.12284183827663,0.7466223022603311,inf,inf,2.247360106468519e-16,0.0020222703398577687,0.0,0.5-1.0
8,79.70694287520462,1.9099670307844192,52.81841756350635,1.72278538563024,0.00010594824795763624,0.00559601880074834,1.9277869506214478,1.5-2.0
9,46.79349528437208,1.696417512852048,34.93854220074401,1.5433047802296065,0.0001038496840481887,0.003628356568651573,2.09255922798663,1.5-2.0
10,30.30324268193135,2.113627843049566,35.82391570747151,1.5541730543551242,7.181592830229627e-05,0.0025727277619552787,2.3872165839598383,2.0-2.5
11,27.84256121007733,1.9166912750324254,18.391239632562932,1.2646110031607212,0.00010598516013255856,0.00194919847749344,1.9224603727405734,1.5-2.0
12,25.48695876541246,1.9318886587044786,16.702608030956007,1.2227842894121979,0.00010610525763405103,0.001772234528285157,1.9103982696955457,1.5-2.0
13,44.50763058826466,2.343156671332448,45.819319184578546,1.6610486318508166,7.374630061518985e-05,0.003379005286569265,2.219439741761575,2.0-2.5
14,50.45482589579533,0.8336229456480516,inf,inf,6.41489773307499e-16,0.0012705562925195135,0.0,0.5-1.0
15,55.34973520744925,2.378985208158171,55.81798895452341,1.746774185400792,7.401637529267642e-05,0.004131445218540471,2.190872545631654,2.0-2.5
16,99.55002834343927,2.059448900280782,121.655515701037,2.0851318040536877,7.134901905844028e-05,0.00868000170831767,2.4228480060114586,2.0-2.5
17,79.26619192137531,2.2215217424257014,87.65098173831238,1.9427567847896994,7.27821474812606e-05,0.006379426679755131,2.311711841037845,2.0-2.5
18,62.21792294411627,1.4989315531157048,inf,inf,9.709006124517167e-16,0.0018246746147378887,1.4901161193847656e-08,1.0-1.5
19,98.8960147681885,0.7129144400317923,inf,inf,1.1692382010087403e-15,0.0024153858047791404,0.0,0.5-1.0
20,21.530869823559897,2.805142318454367,32.64927880045295,1.5138735924581697,4.7339001864665976e-05,0.0015455842700146415,2.376554607048774,2.5-3.0
21,16.021203385784453,2.567334823937191,27.977377487162478,1.446807002642125,4.610546676655102e-05,0.0012899100479496224,2.5475046146641542,2.5-3.0
22,61.25396042730308,2.9402096830373523,86.17280874781896,1.9353702487283158,4.793045687051578e-05,0.004130302093098542,2.25785129668547,2.5-3.0
23,4.394200796138337,1.650862150643658,3.4945705953084953,0.5433938182662023,0.00010148052087595109,0.0003546308442496886,2.1263274205836673,1.5-2.0
24,3.568027877359614,2.7119107853847066,5.963785662724621,0.7755220266037804,4.587741437101702e-05,0.0002736030660687478,2.4490919285580186,2.5-3.0
25,51.48888202713703,2.6787992509216725,83.89851567432699,1.9237542773942364,4.6751595053114544e-05,0.003922389430363518,2.473090076216156,2.5-3.0
26,46.620602532528906,1.874771251773856,31.48241232601685,1.4980680025859598,0.00010564099397531738,0.0033258333308612033,1.9555543828926591,1.5-2.0
27,91.71677731928523,2.751286192890869,143.26361703900838,2.1561359117831778,4.71113948320206e-05,0.006749348827388118,2.4193656370784375,2.5-3.0
28,62.92262544910104,2.5366463888746216,111.66517514115776,2.0479177514309956,4.599688782113103e-05,0.005136250534494783,2.566361643986158,2.5-3.0
29,51.41176465995139,0.7566936243499482,inf,inf,8.177429538865756e-16,0.0012716862804443758,2.9802322387695312e-08,0.5-1.0
30,49.68734353935042,0.8344800792544391,inf,inf,5.333157517886377e-16,0.0012516196284586168,0.0,0.5-1.0
31,24.751492202733083,1.518468716013325,inf,inf,6.498330994530307e-16,0.0007384622250940487,1.4901161193847656e-08,1.5-2.0
32,1.179402554250586,1.8322173473181702,1.6937585042092145,0.22885148877751435,7.301557821622095e-05,0.0001236707565434773,1.988846845839344,1.5-2.0
33,19.240214398531062,2.131605947676564,22.521303618391467,1.3525935255171428,7.193176259360454e-05,0.001619997065176622,2.3750558658664263,2.0-2.5
34,69.20321208818392,1.9108655554176328,45.8370281069848,1.6612164519223003,0.00010595484365844606,0.004856655146843373,1.9270755699133781,1.5-2.0
35,20.06067239869952,2.6901398049220595,32.51151408956256,1.5120371954398455,4.677956458665196e-05,0.0015208744731625371,2.4649719876601432,2.5-3.0
36,36.95363106022067,2.5017880446109997,34.817489267807446,1.5417974503984646,7.484810538212792e-05,0.00260602310585796,2.088563028300177,2.5-3.0
37,0.37342420520759534,0.7562301982678994,inf,inf,5.3153376233047595e-17,0.00010712014013489868,0.0,0.5-1.0
38,83.00477298017455,1.3480674121475664,inf,inf,4.786861736975899e-16,0.002348463646158031,0.0,1.0-1.5
39,15.446108106143985,2.719726340239764,24.626682577582375,1.3914059126395266,4.690530317094798e-05,0.001155122012396204,2.443295362856154,2.5-3.0
40,26.759930456378545,2.387830099536692,26.865251899670763,1.429190917047803,7.406118755866267e-05,0.001989672459752235,2.1837271225557155,2.0-2.5
41,88.03321539808286,0.5393098566980512,inf,inf,1.0841275536451558e-15,0.002066105645876157,1.4901161193847656e-08,0.5-1.0
42,50.97908098684232,2.0668881395682455,62.02259623089401,1.7925499416038524,7.14091958811261e-05,0.004428983723307904,2.418045653426721,2.0-2.5
43,84.71502463658693,0.8158085759026728,inf,inf,3.2377752233348567e-16,0.0021195224042153712,0.0,0.5-1.0
44,63.97171669425262,1.7584410535040802,46.075942762733625,1.6634742301084564,0.00010452458500143841,0.004816068795824762,2.0457168445346796,1.5-2.0
45,74.17709473618571,2.9853827117024143,101.88714994201118,2.0081194140242595,4.810174476911514e-05,0.004900949681763186,2.214487602333216,2.5-3.0
46,9.149560506304566,0.6880383007508699,inf,inf,5.486959859450327e-16,0.0002455773613118157,0.0,0.5-1.0
47,54.114382137648875,2.5589131702306522,94.74075265464877,1.9765368305973667,4.611855008932929e-05,0.004369306146804176,2.5527466971832147,2.5-3.0
48,50.777223630034996,1.7092426567810386,37.62822781327221,1.5755137647179318,0.00010399389673197025,0.003913106037420481,2.082952314352341,1.5-2.0
49,87.13393766928806,2.946980098055537,122.13383779254784,2.0868360040812877,4.795778589409513e-05,0.0058572684432791535,2.2514685244728616,2.5-3.0
50,36.12640590141576,2.648893040427742,59.93048774293154,1.7776478122067767,4.6592687475866935e-05,0.002792322485682683,2.4940016848658133,2.5-3.0
51,59.818406720721306,0.6622250079551474,inf,inf,1.0478003734637813e-15,0.0014463654749004838,2.1073424255447017e-08,0.5-1.0
52,5.925164234550362,2.108279912738496,7.188649474979273,0.8566473075378568,7.096115876098338e-05,0.000510114896671064,2.3908015467094974,2.0-2.5
53,38.76318011107287,2.6507414728695324,64.23000269118853,1.8077379402107114,4.660375501109273e-05,0.002993359309781977,2.492729828937306,2.5-3.0
54,32.30363462582066,1.1981032029609266,inf,inf,4.4379866171956524e-16,0.0008895486690736964,0.0,1.0-1.5
55,15.019972907045187,2.261893092971397,16.257053870085993,1.211041844831661,7.301570304495043e-05,0.001187020217763961,2.2819126265196523,2.0-2.5
56,81.63381038190757,1.1357468153823085,inf,inf,4.456987775827395e-16,0.0021992642286383884,2.1073424255447017e-08,1.0-1.5
57,37.944617155031246,1.0131898988844277,inf,inf,6.262420449420243e-16,0.0009987715490832746,0.0,1.0-1.5
58,97.87478844112216,1.3305385262931106,inf,inf,5.786079755852289e-16,0.0027569450072265555,0.0,1.0-1.5
59,58.99916930106103,1.232656304802224,inf,inf,1.751623029034069e-16,0.001627528776399623,0.0,1.0-1.5
60,60.50562538298513,2.906030506314737,86.6993490942237,1.938015836970466,4.779436561770567e-05,0.004143740389426427,2.2894425036771833,2.5-3.0
61,63.79965807883322,1.087510404864773,inf,inf,2.0503236713930431e-16,0.0017012809323620128,0.0,1.0-1.5
62,67.64502438127883,1.5613723145338119,54.77682202113262,1.7385968322494185,0.00010225346889389039,0.005601120066644054,2.190917124705253,1.5-2.0
63,15.07880191683687,1.7145617079204434,11.165131565712173,1.0478638450004845,0.00010393281292766448,0.001160423530331925,2.0789555396479176,1.5-2.0
64,44.03134671881875,2.227939390883768,48.513206702357394,1.6858599822556455,7.282702353768244e-05,0.0035330724464010354,2.307030632666761,2.0-2.5
65,23.956396182952332,2.9249323436594805,33.996895027890986,1.5314392542825426,4.7857840927287934e-05,0.001627017994266513,2.2721022045616013,2.5-3.0
66,40.24982981039816,2.0348274248691878,49.984596348433676,1.6988361893050308,7.110224088716878e-05,0.0035540168102142283,2.4385385385387868,2.0-2.5
67,9.670409393174562,2.65152824217101,16.118268099131512,1.2073183752235195,4.64600804137204e-05,0.0007488560320155543,2.4921876559942455,2.5-3.0
68,96.78280510488214,0.828566268952031,inf,inf,1.0983134448140093e-15,0.002427855643980542,0.0,0.5-1.0
69,21.500403735588,2.153480567100508,24.817693525471018,1.3947614171423248,7.214239354752958e-05,0.001790407813256507,2.360032434629027,2.0-2.5
70,67.1765162611285,0.9310611186781579,inf,inf,3.3366940683321356e-16,0.0017273781256245345,0.0,0.5-1.0
71,30.04200814790703,2.678226231387188,48.99007077549554,1.6901080668779465,4.673836441195895e-05,0.002289715780472771,2.4734974982533315,2.5-3.0
72,87.40770261495044,1.988885923505552,55.60836133454622,1.74514009748924,0.00010655578626087292,0.005925392664681297,1.8649013009731927,1.5-2.0
73,66.22147383384538,0.8404929853590741,inf,inf,3.502451454835267e-16,0.0016676768789157684,0.0,0.5-1.0
74,13.161581580830573,2.6252736532215835,22.216971942516686,1.3466848665638804,4.639233205411863e-05,0.0010306971395942712,2.510017988857954,2.5-3.0
75,84.50743208745529,1.8124909825813293,59.03890896617916,1.7711383231654916,0.0001050702587319775,0.006203233440330111,2.0041644793724362,1.5-2.0
76,94.49481711449795,1.7140015609834816,69.8201206760514,1.84398059510689,0.00010405430871328346,0.007265084391224558,2.079376778114753,1.5-2.0
77,90.39167881959268,0.7029322273669393,inf,inf,1.4929081128268631e-15,0.0022030122921521825,2.1073424255447017e-08,0.5-1.0
78,56.97191478592772,2.7673369924794144,88.18636441145647,1.9454014386616998,4.7185052412179655e-05,0.004161078226794148,2.4068697877067464,2.5-3.0
79,14.54599537609269,1.7847094025492625,10.344125985323483,1.01469380135393,0.00010468088689199232,0.001082832282266166,2.0256019048656797,1.5-2.0
80,19.246349496833236,2.6614353998435205,31.729578211590468,1.501464298964695,4.66293720594864e-05,0.001479530307718825,2.4853185227481744,2.5-3.0
81,92.79056847445244,0.6881263383952101,inf,inf,4.80038915183446e-16,0.002253627111675378,0.0,0.5-1.0
82,55.23264876672638,2.1992033866462064,61.91153180217882,1.7917715493691282,7.258916147763826e-05,0.004494106179316295,2.3278260810160325,2.0-2.5
83,18.055249844891165,1.4386811777629565,inf,inf,3.988170807311501e-16,0.0005357061690986372,0.0,1.0-1.5
84,88.40568941964699,1.841471739938501,60.78193511467207,1.7837745225989048,0.00010534563906046189,0.006403111797986658,1.9816347048303107,1.5-2.0
85,64.15717052224808,2.0607716156904776,78.34776431587531,1.894026608218372,7.13568733048066e-05,0.005590651492002762,2.421996227235808,2.0-2.5
86,56.969427447380795,2.5644580715198955,99.40038583188313,1.9973880701551863,4.614953285662215e-05,0.004587281371909409,2.5493010352671766,2.5-3.0
87,37.62878361299201,2.8081619351954625,56.92402284587992,1.7552955842799836,4.736895665061538e-05,0.002696431570565125,2.374079226690174,2.5-3.0
88,41.09552821571298,0.916826436775134,inf,inf,7.358836831433888e-16,0.001056900925486037,0.0,0.5-1.0
89,23.948921268184485,2.64895875196276,39.75226516732961,1.5993618807067846,4.65785565599027e-05,0.0018516031314807122,2.49395651676111,2.5-3.0
90,3.805728669123909,0.7920266762816317,inf,inf,6.094217880743011e-16,0.0001432613179595473,0.0,0.5-1.0
91,87.6218808109271,0.5270238471350409,inf,inf,3.1908536752454464e-16,0.0020506489191257043,0.0,0.5-1.0
92,46.77302168140961,1.253077065641209,inf,inf,1.5427703200939273e-15,0.0012984130738280424,2.1073424255447017e-08,1.0-1.5
93,54.76351992137353,1.2116982210211331,inf,inf,3.0562762784669715e-16,0.001504039138880558,0.0,1.0-1.5
94,32.21633097802251,2.4277887947728436,31.616835363413408,1.4999183977597612,7.435310787457097e-05,0.0023508099704284274,2.1509999541612332,2.0-2.5
95,75.13249198549279,1.9008798766515416,50.02762966530994,1.699209926276112,0.0001058718164782031,0.005296516026765203,1.934974688212019,1.5-2.0
96,2.5196870801760363,1.4704474133302943,inf,inf,1.957274532876608e-16,0.0001456162707760165,2.1073424255447017e-08,1.0-1.5
97,37.218527256520396,2.4766407094158662,35.549559423028505,1.5508342227498009,7.468648524238669e-05,0.002655071645221367,2.110036138420472,2.0-2.5
98,3.035029438411163,2.8395051005145904,4.735135253784412,0.675332388647275,4.637334433348969e-05,0.00021958405758939063,2.3479078359401155,2.5-3.0
99,12.289210220500934,2.103240149994469,14.689541133150575,1.16700822966002,7.155806219224596e-05,0.0010511550979815441,2.3941663101393,2.0-2.5
100,96.71482353973677,2.1326337461498444,112.90390607081581,2.052708967218648,7.201478030470469e-05,0.008130749991232814,2.3743555571420814,2.0-2.5
101,65.77607300385144,2.654158774882327,108.73941818108936,2.0363870049447215,4.662780648195638e-05,0.005070280547908364,2.4903713674379806,2.5-3.0
102,42.82202463894813,1.2319039821226236,inf,inf,7.843850114788922e-16,0.0011839059179910526,0.0,1.0-1.5
103,52.37401079104803,2.9896959191793577,71.78090042838294,1.8560089018744201,4.811618194607371e-05,0.0034538228652650736,2.210252072128606,2.5-3.0
104,87.28092085647744,0.9405146809139426,inf,inf,1.1227491038742883e-15,0.0022473501275979053,2.1073424255447017e-08,0.5-1.0
105,34.42106669960262,0.6132336322999122,inf,inf,4.830005296955826e-16,0.0008272354626206959,0.0,0.5-1.0
106,59.02909822897146,2.5578559511937784,103.4077228539958,2.014552974615059,4.611365841694584e-05,0.004768508409363366,2.553401144842706,2.5-3.0
107,68.36843733395438,0.9359394275674231,inf,inf,8.839312752446575e-16,0.001759882894566193,0.0,0.5-1.0
108,35.541377702351205,1.338724931093684,inf,inf,7.934329733064157e-16,0.0010094568529243173,0.0,1.0-1.5
109,51.90984864959901,1.7827183774048572,36.879187827558255,1.5667813482304613,0.0001047701073937858,0.0038638364692888763,2.0271319272353265,1.5-2.0
110,76.52473832785226,0.7778976233770852,inf,inf,1.0319491259802485e-15,0.0018984753351799274,0.0,0.5-1.0
111,90.91793139905502,1.5594449075271837,73.70453519157353,1.8674942117135491,0.00010223313599784666,0.007535045769898211,2.192281206970813,1.5-2.0
112,15.106227807681549,1.3846729280511498,inf,inf,9.043445860354568e-16,0.0004477818746157841,0.0,1.0-1.5
113,93.34193923074285,0.7143044727947846,inf,inf,6.4771177449019105e-16,0.0022807351712568194,2.1073424255447017e-08,0.5-1.0
114,0.5178865815432143,2.007461664170286,3.342631811895066,0.5240885420521882,3.333856022332156e-05,0.00011143853196525414,1.8499983017154433,2.0-2.5
115,75.29775035977539,1.6276084602965772,58.55814167698326,1.7675872860790665,0.00010306538123021114,0.0060353171960709955,2.1433405599271937,1.5-2.0
116,81.05268303172451,0.8992744006724511,inf,inf,1.1493032515503357e-15,0.0020676067963749253,0.0,0.5-1.0
117,13.676405154258154,2.4700684290406607,13.134599450672159,1.1184168331924926,7.457397122570864e-05,0.000979499241495634,2.1156058798137876,2.0-2.5
118,41.890365091318515,1.525140216785153,34.70352738819967,1.5403736202483056,0.00010177744400875671,0.0035320363156588464,2.2163597342630434,1.5-2.0
119,81.52562779950456,0.5643655485316835,inf,inf,6.979183125715788e-16,0.0019248634283287325,0.0,0.5-1.0
120,1.4271189684610608,2.698472593361161,3.065336136317879,0.4864781050024695,4.057148317646552e-05,0.00012436523348483266,2.458940064294766,2.5-3.0
121,62.84619478662907,1.522955923791826,inf,inf,7.647122311318939e-16,0.0018532647237849672,0.0,1.5-2.0
122,79.3023658098034,0.7297120746032555,inf,inf,5.221277853396324e-16,0.0019454006868631695,1.4901161193847656e-08,0.5-1.0
123,51.30035828222085,1.2222225975729741,inf,inf,4.265790525482963e-16,0.0014129666349207402,1.4901161193847656e-08,1.0-1.5
124,72.58494205510871,1.1375932593820486,inf,inf,4.036031000971594e-16,0.0019570430881052105,0.0,1.0-1.5
125,22.642348269714407,0.6098172600398878,inf,inf,4.927850847031698e-16,0.0005492556830293905,0.0,0.5-1.0
126,19.852114799267284,1.3272755782698382,inf,inf,6.690753058206192e-16,0.0005713550725375524,2.1073424255447017e-08,1.0-1.5
127,36.312695055035164,0.9216859188719282,inf,inf,4.860069568011946e-16,0.0009363841585135941,0.0,0.5-1.0
128,17.940602756714654,1.0339998112120306,inf,inf,4.792062271684154e-16,0.00048498300793922065,0.0,1.0-1.5
129,34.60614391124784,2.1856144290851187,39.12692374255457,1.592475703915196,7.245937005370131e-05,0.0028351122465247133,2.3375113073597173,2.0-2.5
130,94.81240614108147,0.8958727932179174,inf,inf,1.0915012820946616e-15,0.002415784215842481,0.0,0.5-1.0
131,57.333271761112094,0.5536879691067607,inf,inf,3.4623233708523945e-16,0.0013522752980864134,0.0,0.5-1.0
132,34.00680674208398,0.9463608757467532,inf,inf,5.708423971641973e-16,0.0008828004523837853,1.4901161193847656e-08,0.5-1.0
133,27.152461980878527,1.2386472017595425,inf,inf,3.8559029726524083e-16,0.0007574958296943417,0.0,1.0-1.5
134,95.20394907075223,0.9125787261707317,inf,inf,1.11677821867459e-15,0.002435115939123048,0.0,0.5-1.0
135,44.447820964711326,1.9931551998268229,28.219138324613283,1.4505437483772579,0.0001065813475281812,0.0030076337887214254,1.861479027866944,1.5-2.0
136,98.03947508805895,2.6989779830236458,157.84673894004536,2.198235613944593,4.6856706694745996e-05,0.007396178349235847,2.4585723900189684,2.5-3.0
137,51.5522669106271,2.5764862124154067,89.29768559965609,1.950840203073053,4.6214038656739066e-05,0.004126806694259838,2.5417498085080763,2.5-3.0
138,52.11661290262239,1.6762533503847596,39.37568207847952,1.5952280898542723,0.00010362521829431252,0.00408031365086989,2.10757583456628,1.5-2.0
139,89.65405237160007,2.4639053072710007,86.21266876450889,1.9355710891454476,7.461158871130634e-05,0.006432464183561624,2.120812610977687,2.0-2.5
140,74.27674182150396,2.4762197448611163,70.94722827445753,1.8509354333576682,7.469167608539151e-05,0.005299167393432112,2.110393421773927,2.0-2.5
141,58.065286385282256,2.086743601156453,69.76169929646296,1.843617050853534,7.159475210857376e-05,0.004994571567803131,2.405087763150313,2.0-2.5
142,42.664950383625836,2.5066928229903045,40.08970593272219,1.6030328706115977,7.488149564287539e-05,0.0030019771401252923,2.084345637781424,2.5-3.0
143,87.81878594182805,1.446591268900614,inf,inf,4.278093953103956e-16,0.0025414770596701272,2.1073424255447017e-08,1.0-1.5
144,41.16461499068884,2.369776308437035,41.73693894024842,1.620520593984155,7.394379221902719e-05,0.003086187540855954,2.1982731901355885,2.0-2.5
145,92.27595761684675,1.8067566804891495,64.67166216390717,1.8107140231449865,0.00010501500306999803,0.0067914948006845876,2.0086025441709627,1.5-2.0
146,6.871535212186153,2.3466305903983793,7.140098507729925,0.853704203522451,7.335705253581664e-05,0.0005237765813424501,2.2166967073320247,2.0-2.5
147,42.99968619011631,2.3478566404226493,44.14801486336607,1.64491118009323,7.378111903263334e-05,0.003257289939688478,2.215727220437382,2.0-2.5
148,51.9514819877859,0.6649477134802241,inf,inf,1.073329539802283e-15,0.0012580059622233637,0.0,0.5-1.0
149,95.09381955818498,2.584151242559042,163.9251991417002,2.2146457199340324,4.625994487890826e-05,0.007583170676559112,2.5368823885819394,2.5-3.0
150,25.099924666475815,0.5902335255218739,inf,inf,1.1151546521489148e-15,0.0006041291024470814,0.0,0.5-1.0
151,80.60391472621087,1.5685078026492332,64.98085366900428,1.812785412476841,0.00010234539327448101,0.006650491024065746,2.185856886349288,1.5-2.0
152,67.64711999985934,1.9775574035337988,43.28501838170607,1.6363376062837536,0.00010647359699955942,0.0046087116032922934,1.8739733870156106,1.5-2.0
153,71.7085904281123,2.5585887333900676,125.55514112338777,2.098834500528072,4.611924853869451e-05,0.005790508758780385,2.5529476181623236,2.5-3.0
154,62.96221828402035,0.6438682532242713,inf,inf,5.768011500260769e-16,0.0015155560094540807,2.1073424255447017e-08,0.5-1.0
155,97.156070846158,2.1788814671729466,110.24128260069264,2.042344257386146,7.242054234615258e-05,0.007983733474877635,2.342274581576702,2.0-2.5
156,33.268145921132486,1.3624642640202105,inf,inf,1.0852533790472692e-15,0.0009510675260299192,0.0,1.0-1.5
157,39.82755596793706,0.6024500407125112,inf,inf,7.208652210191635e-16,0.0009529039094703717,0.0,0.5-1.0
158,20.291175221351622,1.33086644580167,inf,inf,5.839600163159662e-16,0.0005839074462282266,0.0,1.0-1.5
159,5.0704055272270505,2.1014722630741556,6.233515563958517,0.7947330481694769,7.058267821324172e-05,0.000439978223188118,2.3953434976828736,2.0-2.5
160,21.29081949753392,0.7071412073314899,inf,inf,7.078761447651703e-16,0.0005294285410939002,2.1073424255447017e-08,0.5-1.0
161,91.54643971239082,2.620689940412298,154.37831670852722,2.1885863012125704,4.645494298888545e-05,0.007171635901414734,2.5130760559784404,2.5-3.0
162,84.01688171583896,0.6074278245308478,inf,inf,7.942550246302899e-16,0.0020033429369476752,1.4901161193847656e-08,0.5-1.0
163,11.240574149257899,1.097742669354059,inf,inf,6.880009817346574e-16,0.0003212355316183748,0.0,1.0-1.5
164,60.37790253168653,1.3240439956545131,inf,inf,2.7788123788033446e-16,0.0017008790510489725,0.0,1.0-1.5
165,47.91964948896248,0.6605421242446095,inf,inf,7.758508425470796e-16,0.0011598962297511386,0.0,0.5-1.0
166,59.46848704882785,2.8137387919355876,89.66337236322357,1.9526150692520108,4.7398823547538354e-05,0.004249938365321661,2.369486337546264,2.5-3.0
167,65.92750066090632,2.915802372093313,93.96931322922435,1.9729860528439824,4.783422630516513e-05,0.004494949394747665,2.2805182211543507,2.5-3.0
168,30.66594908888719,2.762345096706401,47.62171435060863,1.6778050256679342,4.71523266846648e-05,0.0022454746323436877,2.410779814020038,2.5-3.0
169,96.13508447364569,0.9971161849287962,inf,inf,4.067135880364012e-16,0.002507356672736725,2.1073424255447017e-08,0.5-1.0
170,46.584003506112495,2.582917644059063,80.38257203172338,1.9051618983640244,4.624755650066229e-05,0.0037174975417056835,2.5376686711739214,2.5-3.0
171,62.810085486490685,1.344392099209927,inf,inf,9.102165719453796e-16,0.0017773831946933908,0.0,1.0-1.5
172,63.52261838997132,1.2219309021931763,inf,inf,3.4592843196700723e-16,0.0017473329288702896,1.4901161193847656e-08,1.0-1.5
173,18.388939650969117,2.2249889635745035,20.33048926889218,1.308147830395205,7.274179245459958e-05,0.0014788762308982188,2.3091853869125494,2.0-2.5
174,6.186541815637414,0.7133917715676276,inf,inf,7.036821770963719e-16,0.0001842783519047416,0.0,0.5-1.0
175,41.15168234979749,0.5135508028725012,inf,inf,1.9871147208626167e-16,0.0009642213377065789,0.0,0.5-1.0
176,76.40300884384686,2.8272626989229943,114.32164582239896,2.058128468113573,4.7460434975511586e-05,0.005425755037847432,2.35823412618541,2.5-3.0
177,81.52217882917718,1.3848282768786553,inf,inf,7.37280547516504e-16,0.00232629556557709,0.0,1.0-1.5
178,72.9989249002065,2.4873806646030148,69.30419430471295,1.8407595190024335,7.476384910525155e-05,0.005181448325358593,2.100896436236401,2.0-2.5
179,11.3204952525223,1.5644527280581175,9.20392664281546,0.9639731485942359,0.00010198967043442475,0.0009387054450033703,2.1887345786089116,1.5-2.0
180,91.33548615310455,0.7318143057587609,inf,inf,6.624702168599532e-16,0.0022408580210769116,0.0,0.5-1.0
181,80.20365779972838,1.686287025067252,60.23088704041718,1.7798192592177602,0.00010374555111713789,0.006248686570282159,2.1001171670194694,1.5-2.0
182,87.76913666495335,0.9273590646223446,inf,inf,8.326022643233268e-16,0.0022530351541753335,0.0,0.5-1.0
183,52.33041529751773,0.7021184701037682,inf,inf,1.017949709979264e-15,0.0012780420169918479,0.0,0.5-1.0
184,91.56354351007325,0.5473934707401782,inf,inf,5.219452671811117e-16,0.002152779773780785,0.0,0.5-1.0
185,4.665223795388718,1.5020311819697407,inf,inf,4.691605305117529e-16,0.00018635781910153278,2.1073424255447017e-08,1.5-2.0
186,3.0288833931601977,1.1464269762151578,inf,inf,2.134215719901542e-16,0.00014251989229828528,0.0,1.0-1.5
187,2.0215573356146876,1.340015767035759,inf,inf,3.7725297637464927e-16,0.00013477859108096909,0.0,1.0-1.5
188,25.27686779524564,2.904233321930845,36.272409522999716,1.5595764060845756,4.777548913192481e-05,0.001732932106954799,2.2910744108517775,2.5-3.0
189,24.856977320898288,2.572948324562657,43.18771212625236,1.6353601978594514,4.617422252732079e-05,0.001994159030163447,2.543981851869358,2.5-3.0
190,18.750333435596655,2.264766608156641,20.239324723559033,1.3061960183592431,7.307642773117776e-05,0.001479017550489001,2.2797599054499846,2.0-2.5
191,56.705581838539565,1.1101254565310854,inf,inf,6.335850413366878e-16,0.0015209541227564148,0.0,1.0-1.5
192,3.8985841033045365,2.3747161981317193,4.080461640974979,0.6107092995571752,7.271103137114708e-05,0.000296694574385694,2.1943082439488686,2.0-2.5
193,59.03878678348518,2.244683228163331,64.38904246907991,1.808811966736993,7.297155794401749e-05,0.004698568743492267,2.294717648863343,2.0-2.5
194,16.601115304721702,1.81991546201207,11.567674495801771,1.0632460594571942,0.00010506261410103419,0.0012153301215987967,1.998408384978795,1.5-2.0
195,67.78737085673094,1.0972163423363064,inf,inf,4.1675714811314097e-16,0.0018111988230858178,0.0,1.0-1.5
196,2.107535444389108,1.0195717289185364,inf,inf,2.4516621612929116e-16,0.00012613434019187025,1.4901161193847656e-08,1.0-1.5
197,31.05701970531949,1.5486965007494033,25.363474397216937,1.404208744800624,0.00010206023772533976,0.002588602226520529,2.19986643157688,1.5-2.0
198,93.8341286864614,1.191297080465576,inf,inf,6.228550528307392e-16,0.0025597116436645723,2.1073424255447017e-08,1.0-1.5
199,53.839637987724466,2.711957809958012,86.04219302516981,1.934711471062151,4.6917770202868956e-05,0.0040369078401058115,2.4490572040134957,2.5-3.0
200,81.15874027467508,1.6644650064529507,61.73920714030888,1.7905610479384355,0.00010349740689041326,0.006389847842492056,2.116303853315009,1.5-2.0
201,65.80260816117259,2.194242056888917,73.97693244780778,1.8690963187526815,7.254930052851223e-05,0.005366974704333455,2.331373252575955,2.0-2.5
202,61.075078561352626,2.742756403322828,95.87704030026309,1.981714619008849,4.7068711179417884e-05,0.004512808718630492,2.4259164441042804,2.5-3.0
203,19.125268008489737,2.052692003966791,23.526865655369335,1.3715640725543614,7.120328045648614e-05,0.0016751900135213342,2.427185091902106,2.0-2.5
204,57.4394748257806,0.9019524812333758,inf,inf,1.2057481673639545e-15,0.001468220754528099,1.4901161193847656e-08,0.5-1.0
205,3.9686418459000006,1.2984264185669565,inf,inf,4.0684623800158166e-16,0.0001640727514332058,1.4901161193847656e-08,1.0-1.5
206,80.16644050918732,2.8065350587251903,121.35371452989558,2.084053074241476,4.736772428724029e-05,0.0057482492910845605,2.3754138847806177,2.5-3.0
207,96.00709170261761,0.6150093347400832,inf,inf,6.670453711871252e-16,0.0022925436924014263,0.0,0.5-1.0
208,85.40090713418452,1.0541911408504951,inf,inf,8.123355785165969e-16,0.0022575538689521705,0.0,1.0-1.5
209,5.07096459660612,2.045094343807837,6.475347708192334,0.8112630937872388,6.998498890704536e-05,0.00045317713752710215,2.432033706925454,2.0-2.5
210,33.86600833802185,2.635558597947255,56.63235316010552,1.753064607595388,4.6521599911039354e-05,0.002634627675735114,2.50309721943539,2.5-3.0
211,31.800319786228226,2.551065913973426,55.96858832935548,1.747944353029602,4.606428041371713e-05,0.0025781527471633267,2.5575852209075443,2.5-3.0
212,11.271699172286997,2.327146936343319,11.760661943772572,1.0704317665051966,7.347127712198504e-05,0.0008640708528088979,2.2320056067053713,2.0-2.5
213,62.661181932812106,2.255552859256603,67.89680429095111,1.831849333758161,7.3061518101287e-05,0.004960643595722865,2.286647636625278,2.0-2.5
214,79.74581753663334,1.4339856451407667,inf,inf,1.0924368337046305e-16,0.0023017305820444917,0.0,1.0-1.5
215,31.372147200224386,0.6534730153821526,inf,inf,8.737113129569219e-16,0.0007622072963889252,0.0,0.5-1.0
216,86.28092349187348,2.0893833068275107,103.4754204478096,2.0148371997289236,7.162378766558266e-05,0.007411301542760805,2.4033496620932695,2.0-2.5
217,79.71269128461297,0.6814678309714735,inf,inf,8.171348310150271e-16,0.0019337726014399508,0.0,0.5-1.0
218,12.913794147432478,2.4959443682973044,12.229912371791789,1.0874233452960056,7.473733836675405e-05,0.0009140310991263545,2.0935754233727604,2.0-2.5
219,76.68591567381553,0.8278403772215188,inf,inf,5.621403079494583e-16,0.0019245292061960306,2.1073424255447017e-08,0.5-1.0
220,88.26207199019183,0.5613719507763005,inf,inf,7.703301249627084e-16,0.002082044206906306,0.0,0.5-1.0
221,19.728256983174653,2.998046668752022,26.9379436559234,1.4303644402002216,4.81311457085409e-05,0.0012965540911917142,2.2020050414102537,2.5-3.0
222,57.364117949852314,0.9183999387580815,inf,inf,3.8914462349847087e-16,0.0014718852126224037,0.0,0.5-1.0
223,63.87499660221029,1.954806340509054,41.34985854556736,1.6164740282057453,0.00010630403946224724,0.004395656994586334,1.8921507253831327,1.5-2.0
224,60.93342574925998,0.653871612010539,inf,inf,4.519106716965516e-16,0.0014703475157723702,0.0,0.5-1.0
225,9.624567762804348,2.951998272782893,13.502086000582848,1.1304008698696304,4.789264653058682e-05,0.000646650632251499,2.2467110735531195,2.5-3.0
226,66.11914610149492,0.5415161902662,inf,inf,5.376783393996561e-16,0.0015540289888416928,0.0,0.5-1.0
227,63.195472467951866,2.21975048029381,69.95923820577701,1.8448450717496252,7.276500944553092e-05,0.005090584628845512,2.3130001145756847,2.0-2.5
228,82.38854890020143,2.609228321303296,139.89584037905678,2.145804801501984,4.63938009420754e-05,0.006490299771170314,2.5206523426216076,2.5-3.0
229,80.35126991303284,1.2406976848583997,inf,inf,1.0438634351865764e-15,0.002217916025073496,0.0,1.0-1.5
230,32.71682079326557,0.5197751142639115,inf,inf,8.592781999169169e-16,0.0007701306700998746,2.1073424255447017e-08,0.5-1.0
231,72.20473329265539,0.5926253429139845,inf,inf,1.4822222346855841e-15,0.001716617073531586,0.0,0.5-1.0
232,86.7273387572356,0.6523455956037787,inf,inf,3.0069197664854806e-16,0.002089364019176776,0.0,0.5-1.0
233,89.29477581907895,2.386091677935436,89.67850749586272,1.9526883717579155,7.407176839854186e-05,0.006642645637560444,2.1851343921786825,2.0-2.5
234,16.151232694699925,1.8211892883988299,11.247194838790069,1.0510442186300062,0.0001050704448491221,0.0011817477650164227,1.997419695401401,1.5-2.0
235,2.670235008628463,2.741265238610666,4.529203836893326,0.6560218665531073,4.529410646765785e-05,0.00020514624080197075,2.427055282913852,2.5-3.0
236,65.08074434222286,2.081237397703214,78.45703121204374,1.894631870545736,7.15460924050811e-05,0.0056132940049252135,2.408701654383066,2.0-2.5
237,21.467627274376333,1.9851725944227931,13.689692676770475,1.1363936986613188,0.00010650425320407736,0.0014580104951327662,1.867876452005207,1.5-2.0
238,56.37097242670692,1.0045584085768986,inf,inf,8.99146758600826e-16,0.00147561689467748,1.4901161193847656e-08,1.0-1.5
239,94.48045298068409,1.0590890917473588,inf,inf,7.279945839460119e-16,0.002499809422771188,0.0,1.0-1.5
240,37.93196242525677,2.946406431178334,53.19470784416525,1.7258684280018108,4.7951055804776634e-05,0.0025507424043543572,2.2520109446593213,2.5-3.0
241,25.277455038430674,2.8808049955634485,36.740055120573004,1.5651398035360045,4.76780389898113e-05,0.001751693780526496,2.312081179815568,2.5-3.0
242,45.65100499618694,1.5944431020929293,36.231173936173505,1.5590824059567707,0.00010265374072510806,0.003719265535410248,2.1673303547508933,1.5-2.0
243,65.72439132707336,2.487514728489632,62.394347089315026,1.7951452445041187,7.476408616935573e-05,0.004664856342266238,2.1007820527147363,2.0-2.5
244,10.109896785465878,2.300328136128177,10.729505607959833,1.0305797110916186,7.321257451614679e-05,0.0007855347288441742,2.2527739696173708,2.0-2.5
245,38.05847635005427,1.194231641350461,inf,inf,1.1209219011373841e-15,0.001044496957756009,0.0,1.0-1.5
246,13.372118883852268,0.9998483573061061,inf,inf,4.183799473602821e-16,0.000366457772773555,0.0,0.5-1.0
247,66.24462216142538,2.3719705931019606,67.06915581008991,1.8265228399722757,7.39668075570261e-05,0.004960891340817119,2.196513389684208,2.0-2.5
248,83.0552532263184,2.9066503341252847,118.96540920274583,2.075420702769244,4.7798024239097815e-05,0.0056863115126870355,2.2888790010787052,2.5-3.0
249,37.68537814087824,2.9590796574855434,52.494236585932974,1.7201116242378398,4.799964725551347e-05,0.0025197048390722524,2.2399591578301905,2.5-3.0
250,37.17239527744183,1.3929924163622909,inf,inf,8.048529741459587e-16,0.0010684240945608948,0.0,1.0-1.5
251,53.95216589474345,0.6638589599088993,inf,inf,4.28141811288343e-16,0.0013057960862137281,0.0,0.5-1.0
252,21.505777963809358,1.2979287961224104,inf,inf,2.4793543233917737e-16,0.0006127000407970856,0.0,1.0-1.5
253,24.74095916167709,0.6748209819447211,inf,inf,7.475164460518262e-16,0.0006074918153379272,0.0,0.5-1.0
254,32.98522832824141,2.9692378746529138,45.70396277003345,1.6599538572809274,4.803643881924983e-05,0.002195455611399984,2.230195163556361,2.5-3.0
255,45.742569813821746,1.2678747312652026,inf,inf,5.741889585686417e-16,0.0012744010496871037,2.1073424255447017e-08,1.0-1.5
256,8.153146030257341,2.618836176475508,13.90211132761168,1.143080762002266,4.6214272399836366e-05,0.0006424759598270969,2.5143082269244648,2.5-3.0
257,75.27321363670056,1.1160932069459775,inf,inf,1.4591964856329866e-16,0.002019221961696392,0.0,1.0-1.5
258,57.905457442925425,2.8997832832496417,83.25588749521053,1.9204149546861455,4.7768649108363706e-05,0.003977021275964118,2.295102641737409,2.5-3.0
259,29.96938728905012,1.7228330519493165,22.042814722203318,1.3432670502646062,0.00010412124853894232,0.0022951253901883884,2.0727261372036927,1.5-2.0
260,7.754657235100282,2.5845650875116197,13.520674624457115,1.1309983616033676,4.5993934636434244e-05,0.0006218690249177757,2.5366183559491877,2.5-3.0
261,76.31809514014812,1.9982458011674353,48.32576521467292,1.6841787395940986,0.00010662071499898248,0.005152527640061383,1.8573960739043844,1.5-2.0
262,13.10789882913207,2.415124652023591,12.984693650477473,1.1134317077214524,7.418097764796123e-05,0.0009632172694516935,2.1614501907628947,2.0-2.5
263,13.320664234967827,0.6821688641719352,inf,inf,2.1808451010501276e-16,0.00033935116647480296,0.0,0.5-1.0
264,13.068424580727667,0.7190789666964366,inf,inf,2.367715472494886e-16,0.0003363998637502033,0.0,0.5-1.0
265,8.126231111599047,1.3931587850142866,inf,inf,4.539458748608379e-16,0.0002628933326211028,0.0,1.0-1.5
266,90.6392365400257,2.6939744102906964,146.3610163427351,2.1654254166010487,4.683150497284803e-05,0.006854306664685891,2.4622032723538707,2.5-3.0
267,26.924429967339048,2.77329112859038,41.5573613560294,1.618647964657618,4.7200187764792947e-05,0.0019615152590139384,2.4021779070839706,2.5-3.0
268,30.64105792068602,2.2764806987965915,32.80826520409888,1.515983266893035,7.321264933854711e-05,0.0024019800157937484,2.2709409214687013,2.0-2.5
269,83.27943100020676,1.9968301552585328,52.77091308182705,1.722394608730247,0.00010661123288929156,0.005625972104347226,1.8585317502391616,1.5-2.0
270,61.99234597118014,0.6227928030335255,inf,inf,6.152474274855888e-16,0.0014850758836572647,2.1073424255447017e-08,0.5-1.0
271,18.71433865407188,2.820149782751065,28.148372540938617,1.4494532902380943,4.7399645424829526e-05,0.0013342228777264982,2.364172475609129,2.5-3.0
272,43.48134123765889,2.1497948290315745,50.241204766997214,1.7010600450879267,7.215504629787286e-05,0.0036251564560235944,2.3625812489806495,2.0-2.5
273,88.39224647221467,2.0397393433906563,109.38006565471055,2.0389381797212853,7.116412670904668e-05,0.007783936851695667,2.435433251055995,2.0-2.5
274,37.53740170194637,2.605054717036757,63.92317497212477,1.8056583376236774,4.6362680436357365e-05,0.002963649733709978,2.5233863220474335,2.5-3.0
275,71.08815531965337,1.091040146756264,inf,inf,8.475029235169235e-16,0.0018963352077276986,0.0,1.0-1.5
276,9.680770883646804,2.049816830605382,12.015022051182667,1.0797245722017719,7.092557918465312e-05,0.0008521723978965096,2.4290234479183916,2.0-2.5
277,72.73247767385439,2.2072127899716465,81.12507162242382,1.9091550932316579,7.26607987415147e-05,0.005894612502047903,2.3220727572242112,2.0-2.5
278,77.64735240652465,2.3904793886916544,77.78895939822365,1.8909179618652565,7.410274131410554e-05,0.005764375135380026,2.181579806548257,2.0-2.5
279,82.57667817021326,0.7368639275189477,inf,inf,7.554315822126832e-16,0.0020288381108854365,0.0,0.5-1.0
280,67.42009904352112,2.3207630375576755,70.30208154674219,1.8469681840650682,7.35807736058034e-05,0.005172881546307566,2.2369814026226624,2.0-2.5
281,37.07327948262525,2.756857383407631,57.742992313617776,1.7614992858075995,4.713038342825712e-05,0.0027214493680357095,2.4150534403635318,2.5-3.0
282,6.421200016610362,2.07094806764301,7.955105810059461,0.900645960528087,7.071161045410952e-05,0.000562518343162148,2.4154127160600334,2.0-2.5
283,51.87762340602949,0.9247397660718046,inf,inf,1.2236334304406809e-15,0.0013339002552286037,0.0,0.5-1.0
284,75.7459906382202,2.7967511999777104,115.29726635561434,2.061819010497248,4.732300479595904e-05,0.005456213088707704,2.3833911955274343,2.5-3.0
285,19.083820348967716,0.7552821746744973,inf,inf,7.164324500691867e-16,0.00048217941742872733,0.0,0.5-1.0
286,26.62372266129436,1.0759290181307766,inf,inf,6.857927175477029e-16,0.000715709760364108,1.4901161193847656e-08,1.0-1.5
287,53.612004237937214,2.6371939622931397,89.53471506652271,1.9519914558595262,4.6538064141381667e-05,0.004166772312646165,2.501989208193092,2.5-3.0
288,74.83315628979193,1.9719209967311415,48.02010752520701,1.6814231281814789,0.00010643297795500657,0.005110923045627403,1.8784820953450976,1.5-2.0
289,89.65867307591795,1.3391047233443865,inf,inf,6.45443418718881e-16,0.0025309873203873947,0.0,1.0-1.5
290,12.574151753416917,2.508679922044179,11.8271482332281,1.072880039989273,7.481597811838405e-05,0.0008848596634200781,2.0826343618464342,2.5-3.0
291,18.42702128664966,2.118406769925599,21.751872352449787,1.3374966459958952,7.180529937178139e-05,0.0015618997061644317,2.3840004544739504,2.0-2.5
292,79.95369713881428,0.7953388347911934,inf,inf,5.609269581172082e-16,0.001991281372516847,0.0,0.5-1.0
293,64.45216230234747,1.0802467694261555,inf,inf,6.876847607184141e-16,0.0017157209402732872,0.0,1.0-1.5
294,72.09727918099775,2.5264245636120313,128.74711992119637,2.1097375226349993,4.594086288309466e-05,0.005914753782893027,2.5724943853220004,2.5-3.0
295,99.67711650313137,2.527789914883224,177.8356676123693,2.2500188696472994,4.595011798075769e-05,0.008171569907975178,2.5716794466899597,2.5-3.0
296,93.91799586908812,0.6857477343485523,inf,inf,7.396059683728602e-16,0.0022796975374144088,0.0,0.5-1.0
297,84.30250668415862,1.8038438437353923,59.18016902339676,1.7721762012069004,0.00010498595287017622,0.0062130864359393944,2.01085434133967,1.5-2.0
298,77.7115809053182,2.2825994692263727,82.86187747470969,1.918354769267234,7.328207906464401e-05,0.0060722906565465196,2.266306854762795,2.0-2.5
299,39.50192152064369,1.3135964949524639,inf,inf,4.2829678086238295e-16,0.0011138988544963692,0.0,1.0-1.5
300,64.12291106098151,0.6569729528584038,inf,inf,4.71246040810846e-16,0.0015480421344337728,0.0,0.5-1.0
301,18.44456424465789,1.5428515376886303,15.14125739015374,1.1801619422004155,0.0001019074147513379,0.0015430063967151572,2.2039756888028643,1.5-2.0
302,75.94944652808059,2.8370942027633683,113.02209200914375,2.0531633417127084,4.750379146171101e-05,0.005368977889368679,2.3499519680274976,2.5-3.0
303,75.76906645183887,2.325680079213846,78.78053510641448,1.8964189263712417,7.361962649833168e-05,0.00579979356987294,2.2331506838940154,2.0-2.5
304,72.12952136347191,1.033442685935496,inf,inf,6.158841059462341e-16,0.0018985914211078715,0.0,1.0-1.5
305,44.4799024426779,2.6118307362224717,75.42722291602574,1.8775281181302599,4.640201639698097e-05,0.0034999752345281653,2.5189409030385717,2.5-3.0
306,37.81803287908211,2.1689630602344776,43.19143453429101,1.6353976286823777,7.231854384377396e-05,0.0031235416520436175,2.3492485124255555,2.0-2.5
307,41.977093236994136,1.2254041270736447,inf,inf,7.699636326224888e-16,0.0011590438187466846,0.0,1.0-1.5
308,3.333923511124659,1.1715103477600661,inf,inf,3.0943911869227334e-16,0.0001482455525625734,1.4901161193847656e-08,1.0-1.5
309,84.4320116411493,0.9425925514064752,inf,inf,1.0074476839950285e-15,0.002175221718136053,0.0,0.5-1.0
310,54.23698775547714,1.511780515224259,inf,inf,9.609153468770122e-16,0.0015965575867722874,1.4901161193847656e-08,1.5-2.0
311,38.751863900173134,1.4002073377824553,inf,inf,4.734836687069181e-16,0.0011150824963301826,0.0,1.0-1.5
312,54.802876826603885,1.2133509009508354,inf,inf,4.1736103142156044e-16,0.0015056878581588794,0.0,1.0-1.5
313,72.16402185196623,2.6844036291045326,117.18804803816016,2.068883320421294,4.678250314387731e-05,0.005482350225770073,2.4690912797655624,2.5-3.0
314,38.14608693983958,2.4022526540720954,37.9718065248815,1.57946125937641,7.417790800244963e-05,0.0028166691710894767,2.1719982126567263,2.0-2.5
315,83.06406734119919,1.7319424950328315,60.740701519088596,1.7834798034549788,0.00010424754165119497,0.00633206881153399,2.0658457527669505,1.5-2.0
316,91.9463346305387,2.90680056516751,131.6886633996928,2.1195483897311784,4.779887115277394e-05,0.006294569454122934,2.2887423696060973,2.5-3.0
317,38.743229731064446,2.184171448885759,43.837624669393115,1.6418470139771553,7.245137069896916e-05,0.003176095995484476,2.3385341340675465,2.0-2.5
318,13.78161543499311,2.879787238826283,20.071971407758166,1.3025900296605948,4.7638574903673136e-05,0.000956200113372873,2.3129825078666153,2.5-3.0
319,76.03732959901822,2.5619263473047305,132.86175101403288,2.123399971805072,4.613792791469775e-05,0.00612996589090597,2.550877034088848,2.5-3.0
320,99.29488587486061,2.0859081390226906,119.33928561168388,2.0767834337441085,7.15929976344026e-05,0.008543857192488579,2.4056371153344314,2.0-2.5
321,14.798814876206468,2.23428432113013,16.287380549998602,1.2118512436605215,7.278092766491182e-05,0.00118541066566034,2.302381652976574,2.0-2.5
322,71.26756760614649,2.437283269529159,69.54899464356913,1.8422908564861384,7.443118505909808e-05,0.005176614090989715,2.143118781038914,2.0-2.5
323,82.53234003000402,2.393078863757119,82.56057148564543,1.916772690487149,7.412180236885332e-05,0.006119538363118597,2.179469716639583,2.0-2.5
324,92.05719449963611,2.6839842400791616,149.5229915425283,2.1747079774920675,4.678142652971378e-05,0.006994898843349803,2.4693914021307757,2.5-3.0
325,12.338141427757432,1.3498899376468363,inf,inf,4.491250949164871e-16,0.00036961406782909953,0.0,1.0-1.5
326,9.180991315160947,1.4085019144885729,inf,inf,3.2835684556494476e-16,0.0002908441721332703,0.0,1.0-1.5
327,98.78715818465335,1.1173455707994504,inf,inf,4.970783884296252e-16,0.002648921417601345,2.1073424255447017e-08,1.0-1.5
328,11.675648510158831,2.804729816412961,17.752537028750677,1.2492604271856085,4.727904256693929e-05,0.0008393229538534693,2.376892138067762,2.5-3.0
329,17.680755913689605,2.75945692488652,27.53278917593683,1.4398502092996328,4.711245388587997e-05,0.001297137260400979,2.4130322418302366,2.5-3.0
330,57.4952933829019,1.605094702756979,45.33060155008003,1.6563914823092263,0.0001027902643919543,0.00465954451837906,2.159661613042411,1.5-2.0
331,44.62730362896347,1.502974360827194,inf,inf,2.689147495440827e-16,0.0013129907793976553,1.4901161193847656e-08,1.5-2.0
332,75.0392191327833,0.8313177448935098,inf,inf,5.033319088196334e-16,0.001884849026579624,0.0,0.5-1.0
333,19.055724815811338,2.938198197750885,26.85950935539063,1.429098075116292,4.790221169664622e-05,0.0012866299032099717,2.259739663700901,2.5-3.0
334,91.44277615599195,2.179739491022376,103.70525435880629,2.015800761029599,7.242759034455238e-05,0.007511121679277226,2.341668876415498,2.0-2.5
335,21.719484630772246,2.908927527025086,31.094635718567204,1.4926854733108919,4.778978424586264e-05,0.0014860059321940206,2.286805761045643,2.5-3.0
336,76.91109901866398,2.0804783144375225,92.75786096602995,1.967350725074176,7.154116002125887e-05,0.006636004974600431,2.409198630344399,2.0-2.5
337,6.7603525274060665,1.7848383577099916,4.8483552391039755,0.6855944330910855,0.00010423645291689635,0.0005053753526052493,2.025502778141455,1.5-2.0
338,47.340258775716535,2.3720393771132717,47.932946723374485,1.6806341284777808,7.396319820386681e-05,0.003545274038996335,2.1964581887617523,2.0-2.5
339,3.255832664519298,2.7174400933938854,5.471318541870696,0.7380920002736295,4.570722252624802e-05,0.00025007877410527076,2.444996278106553,2.5-3.0
340,31.381070639710295,2.612309117270538,53.21777501085823,1.7260567131182942,4.639657598605654e-05,0.002469122542100145,2.5186257423399026,2.5-3.0
341,31.223067417502904,1.3649854189029846,inf,inf,8.338745143563049e-16,0.0008941287719611408,0.0,1.0-1.5
342,71.97484391385755,1.7670016135173146,51.58687337527523,1.712539206551079,0.00010461447284810011,0.005396733564036109,2.0391787507066335,1.5-2.0
343,45.501748315239986,2.8619743044374135,66.79441135631538,1.8247401268670373,4.7608512190684805e-05,0.0031799825473267564,2.328606513523096,2.5-3.0
344,5.677436239291678,1.765729018376653,4.13891976205709,0.6168870071609394,0.0001037543452780914,0.0004294309100707872,2.0401517541729213,1.5-2.0
345,99.53616594289969,2.505142707941486,93.59120116227994,1.9712350211068055,7.487784034985454e-05,0.007007907018780319,2.0856795226572,2.5-3.0
346,88.86993067083327,1.812127729065231,62.09882913869606,1.7930834117160783,0.00010506704747920839,0.006524540629518629,2.004445818966129,1.5-2.0
347,91.6323934973403,2.5812884540092242,158.23325986400033,2.1992977753513414,4.624431872281399e-05,0.007317389301700682,2.538705375911501,2.5-3.0
348,24.657553007363873,0.6706778282691529,inf,inf,9.114395065017e-16,0.0006049257863403059,0.0,0.5-1.0
349,39.411025472496796,0.5030928518665296,inf,inf,5.038828721705601e-16,0.0009216640984586344,0.0,0.5-1.0
350,22.717950091335336,0.7267358944345668,inf,inf,4.764327194219515e-16,0.0005661049526003641,0.0,0.5-1.0
351,12.49063821776657,1.5898736462262368,9.984984485912173,0.999347394425753,0.00010237125650389939,0.0010221754079947712,2.170609585082756,1.5-2.0
352,3.302392466573567,1.4186760930019018,inf,inf,4.902973115616946e-16,0.00015640223829050214,0.0,1.0-1.5
353,50.3336447986407,2.8974570502869628,72.46338460286039,1.8601186150975928,4.775822987784412e-05,0.003460722979590037,2.297201254497354,2.5-3.0
354,12.313365606638971,2.992487270310089,16.8821891629411,1.2274287621794426,4.8082443353076695e-05,0.0008117369041030407,2.2075022294577686,2.5-3.0
355,17.630437136812716,0.8364113417376571,inf,inf,9.731304197042943e-16,0.0004557855603239737,0.0,0.5-1.0
356,86.04756804576209,2.585851962822792,148.1810391718906,2.1707926361005647,4.6268733831652045e-05,0.006856149060341812,2.535796520287447,2.5-3.0
357,48.42427686339313,1.7729211742645563,34.594957370998905,1.5390127997884404,0.00010466914254085427,0.0036210245242598612,2.034647929982703,1.5-2.0
358,18.370352102024935,2.6031750474378295,31.367006010784884,1.4964730671501285,4.6316894812458506e-05,0.0014528223179832772,2.5246133221118425,2.5-3.0
359,66.98645598173123,1.422876134600994,inf,inf,4.347226304679352e-16,0.0019296814675650348,0.0,1.0-1.5
360,26.58648776948195,2.431710961066298,26.039919049235547,1.41563962979919,7.437287415389002e-05,0.0019366636224262788,2.147749036984931,2.0-2.5
361,52.693720005005716,0.5114252092152894,inf,inf,4.232686114250838e-16,0.001231416872466176,0.0,0.5-1.0
362,28.295286786234442,1.6694602733827262,21.476027080440005,1.3319539429200997,0.00010351885713488647,0.0022231737791650217,2.1126100480112284,1.5-2.0
363,51.61611875109438,1.3318894526479814,inf,inf,2.519804524357273e-16,0.0014580636399027628,1.4901161193847656e-08,1.0-1.5
364,62.85335907491517,1.129985473182817,inf,inf,2.951051671245008e-16,0.0016926850634300843,0.0,1.0-1.5
365,53.62080795412678,1.2512235901669375,inf,inf,4.001710256328721e-16,0.0014863572578636566,1.4901161193847656e-08,1.0-1.5
366,39.56041072949006,1.5478209043882578,32.31529225276461,1.5094080879451854,0.00010206528275261804,0.003298269441011907,2.2004827144482397,1.5-2.0
367,79.08137987705291,1.7398640485422123,57.565516321340816,1.7601624043251738,0.00010433164032626673,0.006005904744033967,2.0598460062360755,1.5-2.0
368,87.34374491456845,1.8124382727969515,61.02197327626199,1.785486247376128,0.00010506995428756158,0.006411575942673651,2.0042053047262396,1.5-2.0
369,17.937126368820632,2.3363906427844228,18.564715961615786,1.2686883089488419,7.364196928199895e-05,0.0013671422425743454,2.224765512313405,2.0-2.5
370,13.630872481803047,2.567010928546656,23.833520919513973,1.3771882052907551,4.607891136445827e-05,0.0010982226979532462,2.5477071751651454,2.5-3.0
371,11.319164078204269,2.9037005000707605,16.285912348015405,1.211812093058091,4.7717296388293585e-05,0.0007771197064640213,2.2915576710100054,2.5-3.0
372,97.95967304483173,2.1728442015171114,111.56351654403184,2.047522195013148,7.23683223803146e-05,0.008073664531140059,2.346525655473316,2.0-2.5
373,94.15913028559177,1.1417860687351842,inf,inf,1.1026486628931546e-15,0.0025393588185584656,0.0,1.0-1.5
374,23.06671823011024,1.947128421677093,14.998382728149101,1.176044431715179,0.00010622124367249948,0.0015931468664601332,1.8982714410996109,1.5-2.0
375,96.99075735821712,1.5962613466427262,76.87093284914454,1.8857621513798921,0.00010269001997093366,0.007893877629462953,2.16602373054862,1.5-2.0
376,20.7817667123404,1.0877969880994325,inf,inf,8.132286757463202e-16,0.000564807344893998,0.0,1.0-1.5
377,50.64760161881308,1.3310438568854164,inf,inf,9.76241573056687e-16,0.0014306184063064982,0.0,1.0-1.5
378,49.738504421951525,1.072902910540599,inf,inf,3.3566280188461646e-16,0.0013238144087203627,0.0,1.0-1.5
379,91.495590273884,1.8470284358108289,62.715170553396,1.7973726076680114,0.00010539724300927219,0.006610006071184229,1.977296527890365,1.5-2.0
380,4.05288598947765,0.6653557589369745,inf,inf,7.67096174823868e-16,0.00014313916000361444,1.4901161193847656e-08,0.5-1.0
381,31.53508144343814,1.858068240522684,21.49319959925064,1.3323010718369168,0.00010548030232752414,0.0022671091917147784,1.9686608687017744,1.5-2.0
382,59.99746984657275,1.5295613419912835,49.55509731004492,1.695088333286828,0.00010184669473987018,0.005047022868540707,2.213278014096974,1.5-2.0
383,6.639821850327898,0.5164088192639011,inf,inf,2.4218759629737276e-16,0.00018484201348616813,0.0,0.5-1.0
384,23.655057640602173,1.1894718838124956,inf,inf,6.172668153358489e-16,0.0006550388191514981,0.0,1.0-1.5
385,46.50634540975405,2.927347055312102,65.88237288701747,1.8187692327742695,4.7878296264655344e-05,0.003154335767703119,2.2698637359058353,2.5-3.0
386,88.08570268692277,1.9488850483654023,57.19540373933244,1.7573611300019691,0.00010626032431580096,0.00607760215071464,1.8968717254650083,1.5-2.0
387,76.09595216577878,0.6620011871265986,inf,inf,2.2981255819905694e-16,0.0018380163496472149,0.0,0.5-1.0
388,82.89804695617414,1.944194443234159,53.95797703095206,1.7320556589249267,0.00010622376443406668,0.005731619441474632,1.900608433597949,1.5-2.0
389,76.10697725293124,2.2599601735533197,82.24588396402102,1.915114172683505,7.309937983211201e-05,0.006012123111513783,2.283358333423479,2.0-2.5
390,70.7720776049783,0.8368675641093183,inf,inf,4.09920653322312e-16,0.001780312782306878,0.0,0.5-1.0
391,84.96933426464467,1.506761862069153,inf,inf,9.555541829683344e-16,0.002493626122316997,0.0,1.5-2.0
392,68.14766907366888,1.0346677101852166,inf,inf,7.043812710647827e-16,0.0017946761967446124,0.0,1.0-1.5
393,73.56830593136011,1.8564112712386147,50.17103504068553,1.700453060721223,0.00010548177608494284,0.005292129884111412,1.9699583983317257,1.5-2.0
394,30.164450275221423,2.555923360090193,52.936290796661694,1.7237535073662071,4.6089271293842384e-05,0.0024397950678170725,2.554595392317126,2.5-3.0
395,16.764072289874164,1.0991874983776502,inf,inf,6.053865268522613e-16,0.0004618879149000378,1.4901161193847656e-08,1.0-1.5
396,75.65249791557885,0.8486152501553902,inf,inf,9.693032935114151e-16,0.0019078079087188064,0.0,0.5-1.0
397,16.583729576866123,0.8477967006348565,inf,inf,8.093323721924825e-16,0.0004314439696273014,0.0,0.5-1.0
398,91.94558515199691,2.035936659369338,114.05143846598284,2.057100767156719,7.112871075882586e-05,0.008112331778274919,2.4378383708959,2.0-2.5
399,59.66428373561213,0.6733879131263829,inf,inf,8.132559622964832e-16,0.0014463819983874175,0.0,0.5-1.0
400,32.94341128718252,1.815995168129929,22.97810953681018,1.3613142953921191,0.00010508626936202085,0.0024146838082152546,2.0014491163268886,1.5-2.0
401,93.6643156652351,2.5250080399977874,167.39606415100178,2.223745242560489,4.5934310255205395e-05,0.007689222746212382,2.5733384963470147,2.5-3.0
402,15.51302719378448,2.4161456143079407,15.346489693633165,1.186009052059005,7.421697669813511e-05,0.0011389700679905433,2.1606103611027723,2.0-2.5
403,51.44663376952464,2.175461086285986,58.50934778371645,1.767225256963706,7.238368613100161e-05,0.004235122265706146,2.344685330926687,2.0-2.5
404,9.15540732162361,0.5273749207328353,inf,inf,7.72475474049286e-16,0.00023675669435029243,1.4901161193847656e-08,0.5-1.0
405,96.54277090845737,1.5794002397170686,77.30856972219156,1.8882276385078485,0.00010248264758063456,0.007922786905802273,2.1781014687051563,1.5-2.0
406,57.53760618116289,1.1084589087771084,inf,inf,9.058444909190398e-16,0.0015425484186064207,0.0,1.0-1.5
407,80.3666597800054,1.7879650914233396,56.92187014692363,1.7552791602307105,0.00010482824704929657,0.005967019866269689,2.0230981762360676,1.5-2.0
408,28.192241864770285,0.8796683066642126,inf,inf,3.9929014610056726e-16,0.0007232837758123876,0.0,0.5-1.0
409,80.17966266685387,0.8380852081194191,inf,inf,6.480510632757456e-16,0.002016701941827287,1.4901161193847656e-08,0.5-1.0
410,70.2841965589098,2.8783738708200635,102.23669579614575,2.009606805009457,4.76807595049875e-05,0.004874723304840592,2.314232640345643,2.5-3.0
411,64.36814697926853,2.701523156167963,103.48919585470908,2.014895012347507,4.686749749454934e-05,0.0048502796274335035,2.4567175626972495,2.5-3.0
412,95.0562814907032,0.7442447311739693,inf,inf,4.974592411171325e-16,0.0023386480381505518,0.0,0.5-1.0
413,43.3491338095243,2.569345318086777,75.42327889425279,1.8775054086679468,4.617253130225303e-05,0.0034824837056634476,2.5462455666714146,2.5-3.0
414,41.50884335921271,0.6649877966928875,inf,inf,1.0055816746549554e-15,0.0010071089806813975,0.0,0.5-1.0
415,69.21211287850167,1.3473359449135005,inf,inf,2.8420302395346464e-16,0.00195905981844898,2.1073424255447017e-08,1.0-1.5
416,83.50553061430395,2.984858557639268,114.73054770793621,2.0596790668521368,4.810010179054928e-05,0.005518551023237202,2.2150011950396924,2.5-3.0
417,33.50760200337943,2.851408811481769,49.48412237300523,1.6944658722277621,4.755888424631532e-05,0.0023534096479682575,2.3377387954024895,2.5-3.0
418,66.96570546957392,1.668709058413079,50.816458161267306,1.706004392028372,0.00010354378029195732,0.0052617281790657035,2.1131659818479136,1.5-2.0
419,20.90374078641063,2.2549396845752483,22.688404174379855,1.3558039501540402,7.300852278326594e-05,0.0016564468730811577,2.287104483107256,2.0-2.5
420,55.1699973652883,1.4566956347538849,inf,inf,4.48974798459092e-16,0.0016033245910387092,0.0,1.0-1.5
421,76.9171701868133,2.621761909955882,129.62950139311698,2.112703850563914,4.6459828626235956e-05,0.00602256441962863,2.5123623291607124,2.5-3.0
422,6.531495115016983,1.290359809006544,inf,inf,2.2434346909812075e-16,0.00021849026217415628,0.0,1.0-1.5
423,72.78420654442715,1.0157385394212861,inf,inf,7.883130093374872e-16,0.001907946179572437,0.0,1.0-1.5
424,1.5432476950503315,0.8611430774124513,inf,inf,1.1099288139608761e-16,0.00011607714771437218,2.1073424255447017e-08,0.5-1.0
425,95.8350028995291,2.0768149108698752,115.84134234218854,2.0638635813843873,7.150931823910843e-05,0.008283735414793067,2.4115928796934982,2.0-2.5
426,46.86698004984289,1.894499519885396,31.315803315642984,1.4957635567391068,0.00010581270638905296,0.003313609901575462,1.940013905854375,1.5-2.0
427,40.907085628137885,2.756887304478107,63.7088668031711,1.8041998803056083,4.713212593288424e-05,0.0030027343332084083,2.415030209112179,2.5-3.0
428,72.04446508677188,0.8670630997697619,inf,inf,7.592922983905426e-16,0.0018248824901191433,0.0,0.5-1.0
429,52.32988699660916,2.511342860420939,49.04507758027963,1.6905954258444498,7.491303690184056e-05,0.0036741157066251208,2.080338665920546,2.5-3.0
430,73.08488553232634,2.85957116675032,107.41417052674763,2.0310615790880395,4.760115398358178e-05,0.005113038471262425,2.3306924760687213,2.5-3.0
431,8.475789473371066,2.36723331211088,8.666015467852574,0.9378194598653332,7.366911871328051e-05,0.0006384177222723565,2.2003098142590374,2.0-2.5
432,56.279187066287264,0.787524692156361,inf,inf,2.5774155866037696e-16,0.0014012124798166857,2.1073424255447017e-08,0.5-1.0
433,55.81086928495876,0.8836673576982539,inf,inf,2.0926716003232756e-16,0.0014208183142037866,0.0,0.5-1.0
434,93.21138917088201,0.7196711586714856,inf,inf,3.626392560776587e-16,0.0022803764496868726,0.0,0.5-1.0
435,3.9605578088631854,1.3345863779238702,inf,inf,3.543200569217819e-16,0.0001652947661862541,0.0,1.0-1.5
436,45.28196430564076,2.3974913482885096,45.192072009884235,1.6550622537416901,7.414737775379213e-05,0.0033508736347934625,2.1758808230820463,2.0-2.5
437,63.10729121600327,0.862240578275137,inf,inf,4.426783930364793e-16,0.001597596614973885,0.0,0.5-1.0
438,55.074695126825155,1.6224578757638246,42.96870931515958,1.6331523086356687,0.0001029984848240764,0.004425711954307614,2.147087661711666,1.5-2.0
439,7.4161097817406985,0.6109959464923058,inf,inf,7.571324264054641e-17,0.0002046700024282127,0.0,0.5-1.0
440,59.322839318564554,2.1956214131973573,66.63892191941542,1.8237279624648146,7.25597119083378e-05,0.004835300976355,2.3303883424785488,2.0-2.5
441,22.219688522726432,0.7466053796448914,inf,inf,1.1408474124743021e-15,0.0005566772407033057,2.1073424255447017e-08,0.5-1.0
442,19.554917933684802,2.4826753943350672,18.630257922923555,1.2702188674419792,7.469840104219534e-05,0.0013916504778460808,2.1049063864261255,2.0-2.5
443,87.86908847476536,2.0316725123176314,109.2920934256842,2.038588744696281,7.108820443834858e-05,0.007769378680940132,2.4405265172925725,2.0-2.5
444,19.784210773968645,0.9763952015999726,inf,inf,5.764010343486868e-16,0.0005251658129581499,2.1073424255447017e-08,0.5-1.0
445,45.429075200647176,2.2459780502795272,49.51410124584792,1.6947289003705168,7.297749266023599e-05,0.0036134149602470482,2.293759489479416,2.0-2.5
446,75.02868822392033,1.3729544456371918,inf,inf,3.6786009641892525e-16,0.002135678919466358,0.0,1.0-1.5
447,70.73153860245942,1.809268566687558,49.50472723936378,1.69464667198297,0.00010503757108889883,0.0051998563066412195,2.0066592985912006,1.5-2.0
448,55.34590059212985,1.8914079743553043,37.04072746876987,1.5686795075069284,0.00010578850450506293,0.00391848316470077,1.9424533342748131,1.5-2.0
449,80.70457469263904,1.1790590749985694,inf,inf,4.143229231699252e-16,0.0021961568048506175,0.0,1.0-1.5
450,46.58161742039953,1.542678979743126,38.16689442437607,1.5816868235795092,0.00010200708701429127,0.0038932937206125977,2.2040968366723677,1.5-2.0
451,62.03854337394312,2.4657923355261326,59.59870309258666,1.7752368093063213,7.462202671496018e-05,0.004447376014351982,2.1192200930005782,2.0-2.5
452,81.89166407189362,2.6612167927037444,134.81003278303174,2.1297222143073906,4.6665283426892444e-05,0.006290948388608839,2.4854709360411427,2.5-3.0
453,67.80916360129632,2.62161491301641,114.29339568192265,2.058021135891655,4.645830528284134e-05,0.005309877468403342,2.5124602532537246,2.5-3.0
454,64.18283667073783,1.9205033764306427,42.29697650897548,1.6263093240559363,0.00010603353753578007,0.004484898046314459,1.9194377477711668,1.5-2.0
455,40.6128723737116,2.6811106145482846,66.09585904662768,1.8201742514745425,4.6760066111090926e-05,0.0030906467386896575,2.471443976049142,2.5-3.0
456,55.83234580933622,0.8510010204446518,inf,inf,5.954969496873343e-16,0.001410680180291178,0.0,0.5-1.0
457,39.60826639763372,2.9595105466143083,55.1589574841461,1.7416160493246744,4.800180331629549e-05,0.0026477294282858865,2.2395468655272515,2.5-3.0
458,74.4292255297149,0.6126453022832921,inf,inf,6.753377601990837e-16,0.0017775147364473022,1.4901161193847656e-08,0.5-1.0
459,38.04301561142503,2.7480201839863683,59.553657302853004,1.7749084374842041,4.70886493776207e-05,0.0028043012878890255,2.4218812364297615,2.5-3.0
460,46.66211543194447,2.4791949953788226,44.50296238281116,1.6483889211761478,7.470699118601316e-05,0.0033246824184841486,2.107866694691478,2.0-2.5
461,75.54570899978516,1.475300700112958,inf,inf,5.152336460981422e-16,0.0022017741376753617,0.0,1.0-1.5
462,50.36557984726849,2.475987303120237,48.1180439369208,1.6823079643729584,7.468702948799367e-05,0.0035937937664213787,2.110590669863405,2.0-2.5
463,33.80325706819638,2.8940020244508537,48.76578380283757,1.688115208937569,4.773959340961357e-05,0.0023280586910485847,2.3003091842577605,2.5-3.0
464,82.68189388694232,0.9102265166585933,inf,inf,1.1816971295782962e-15,0.002114390642432314,1.4901161193847656e-08,0.5-1.0
465,38.09625941329028,2.123463006331286,44.74745421510315,1.6507683323495206,7.191614191819769e-05,0.003218064267811411,2.3805847541325664,2.0-2.5
466,84.47291006744885,0.5111292922510459,inf,inf,7.543481844849697e-16,0.0019698916008858316,0.0,0.5-1.0
467,78.5240402698712,2.1608786812649794,90.09044461710447,1.9546787302672788,7.226252238443651e-05,0.006510162770767349,2.3548950373435846,2.0-2.5
468,44.72888237709147,0.6537190823551737,inf,inf,7.786295786680401e-16,0.0010816058302042196,1.4901161193847656e-08,0.5-1.0
469,71.28909397298277,2.1694278170283487,81.3645681562894,1.9104353237565623,7.233615408997593e-05,0.005885599939617699,2.348922870085861,2.0-2.5
470,3.4389700250838318,0.5672766603617767,inf,inf,1.7299497757700694e-16,0.00013046552588588225,0.0,0.5-1.0
471,38.97984038818372,1.508419668480169,inf,inf,2.3813412936945365e-16,0.0011499414165241982,0.0,1.5-2.0
472,86.03336861960739,2.6669505203608233,141.1480712903844,2.1496749481317794,4.669481223435246e-05,0.006590882686145494,2.4814607430940265,2.5-3.0
473,57.95393575183594,1.2660584929942627,inf,inf,7.057231715846107e-16,0.001611231437955564,1.4901161193847656e-08,1.0-1.5
474,55.78258262233978,2.923001690251119,79.20420143483477,1.8987482196143528,4.7862229491106996e-05,0.003790889665733928,2.2738881585758772,2.5-3.0
475,66.47388855535475,1.678330977025674,50.15701995377044,1.7003317252692292,0.00010365338644121338,0.005198944972007818,2.106033634934177,1.5-2.0
476,67.76716319742559,0.9549367197924231,inf,inf,4.856065015604871e-16,0.0017521371776464238,0.0,0.5-1.0
477,58.359825104712435,2.840579775317773,86.6830093439804,1.9379339801604507,4.751781556014756e-05,0.0041189872502058085,2.3469949758819273,2.5-3.0
478,42.062931050992944,0.8885715753591457,inf,inf,5.744126760032469e-16,0.0010744770426693773,0.0,0.5-1.0
479,18.34836881867965,1.985055872098278,11.703454243769421,1.0683140615412412,0.0001064934491014991,0.0012463412088205826,1.8679699483601921,1.5-2.0
480,29.26420351358663,2.8568548921294594,43.09242643921125,1.634400948938479,4.757967587540155e-05,0.0020503236826622554,2.333043997496576,2.5-3.0
481,29.292217703453005,2.8516296235775975,43.25860554489828,1.636072515706014,4.755705750802422e-05,0.002057251991615663,2.3375489618674905,2.5-3.0
482,43.07449246402313,1.889088336373904,28.86583083005654,1.4603840620846478,0.00010576468350392685,0.0030529854618188243,1.9442826860761233,1.5-2.0
483,99.90587554798158,1.0303787046040473,inf,inf,7.19998931276148e-16,0.0026255997830683087,0.0,1.0-1.5
484,35.25519418786713,1.7514170278410643,25.50226405411107,1.4065787381813826,0.00010443603111197639,0.0026633552421809806,2.051068723572147,1.5-2.0
485,44.737928181926854,1.2300095840153746,inf,inf,5.376029298150253e-16,0.0012358095816959297,0.0,1.0-1.5
486,37.16275638264528,1.2858314656813967,inf,inf,4.989946822612756e-16,0.0010420426656776115,0.0,1.0-1.5
487,58.14277395248711,1.2937588571195815,inf,inf,5.760166582819089e-16,0.001626825456749153,0.0,1.0-1.5
488,94.78985794758125,1.004479050775598,inf,inf,6.921059058380531e-16,0.0024765497648281337,0.0,1.0-1.5
489,88.9072893718519,0.5969343319255972,inf,inf,3.0826212244828747e-16,0.002114521804515382,0.0,0.5-1.0
490,37.71387457045328,2.3768098359775833,38.08727975941766,1.5807799559200337,7.399343879769559e-05,0.002818208803849181,2.1926243510421246,2.0-2.5
491,26.690114204193282,0.5322063305053142,inf,inf,4.714649162487866e-16,0.0006327926673020373,0.0,0.5-1.0
492,88.43986043513993,1.9329692750033238,57.90160417089804,1.7626905960748995,0.0001061357264428266,0.006145428820883262,1.9095393848686626,1.5-2.0
493,49.383333891415894,1.4179424400180465,inf,inf,5.649686478009649e-16,0.0014234492850413517,1.4901161193847656e-08,1.0-1.5
494,68.55411471181566,2.12506666511214,80.41219329590061,1.9053219079476509,7.194420636621664e-05,0.005785191428840375,2.3794986341529114,2.0-2.5
495,7.329142282965295,1.9514522952842985,4.777289279725888,0.6791815399613695,0.00010600533051206445,0.0005064181290490851,1.8948254050916964,1.5-2.0
496,86.6557696886248,1.6975961262574952,64.64478754637788,1.810533512493938,0.00010387277566167775,0.006714833514501729,2.0916781533456037,1.5-2.0
497,31.296516261692563,2.443468496421769,30.447995501727743,1.4835587067819178,7.446018215880998e-05,0.002267163291429275,2.1379633878770505,2.0-2.5
498,49.45269572874691,1.9300264782572274,32.42912303677731,1.5109352044411473,0.00010610788073796801,0.003440985519623258,1.911877981889214,1.5-2.0
499,19.802108175945698,2.7461476287700655,31.06301704237831,1.4922436349476849,4.705631728749773e-05,0.0014617111858531032,2.4233194400723277,2.5-3.0
500,42.02426227262105,1.963040671950298,27.092078810356266,1.432842330290778,0.00010636187401709608,0.0028815642732883512,1.8855785788750343,1.5-2.0
501,82.80489172967886,2.6909638428417453,133.94809592815542,2.1269365444931445,4.681610535983317e-05,0.006270928171721565,2.464378019315687,2.5-3.0
502,82.75792478736986,2.6602201944641437,136.31610756374633,2.1345471765443893,4.666021841180847e-05,0.00636053935197198,2.4861652834797856,2.5-3.0
503,47.36720130683838,2.266857046472718,50.987628745645914,1.7074648149361438,7.314904257740392e-05,0.003729696226036117,2.278191202820473,2.0-2.5
504,76.7910701178515,1.3231981649915885,inf,inf,3.7161911341773856e-16,0.0021607106379165236,0.0,1.0-1.5
505,45.806686572657306,1.716528274230849,33.80285321663983,1.528953359565958,0.00010407113908140754,0.003517901438457328,2.0774760231519376,1.5-2.0
506,37.33563401792084,0.6975116045749736,inf,inf,8.47254384893872e-16,0.0009138444774773198,0.0,0.5-1.0
507,54.58889765804537,2.313034605152168,57.1829553735549,1.7572665971440198,7.351839931291861e-05,0.004203999347045814,2.242978379729085,2.0-2.5
508,20.134076715949213,2.1154176891593828,23.80214682442076,1.3766161298275899,7.179201892463715e-05,0.001708804175265807,2.3860134432425264,2.0-2.5
509,31.65615248800677,2.5459137154206744,55.891281142966335,1.7473440646515808,4.6035553546241005e-05,0.002572986065825037,2.560738043976918,2.5-3.0
510,70.65287713233785,0.7110163367473772,inf,inf,5.304319097813168e-16,0.0017264160811278103,0.0,0.5-1.0
511,77.05139815346804,0.8212856698362127,inf,inf,4.826932229881404e-16,0.0019307476965842625,1.4901161193847656e-08,0.5-1.0
512,5.670813529525454,2.1153290384158945,6.863111588162592,0.8365210601946611,7.095576334708319e-05,0.0004869773216742892,2.3860730738339253,2.0-2.5
513,73.28261400527485,2.3304171408306487,75.98675444646457,1.8807378952788296,7.365572489308834e-05,0.005596859481027452,2.2294489923735994,2.0-2.5
514,81.74299356982124,0.6843163764052727,inf,inf,6.759923787014578e-16,0.001984187903810849,1.4901161193847656e-08,0.5-1.0
515,44.51935732482665,0.5768224285909305,inf,inf,5.336253778890571e-16,0.001057637895164974,1.4901161193847656e-08,0.5-1.0
516,6.245391286090318,1.3118834195726155,inf,inf,3.3291440054773656e-16,0.00021294358684771997,0.0,1.0-1.5
517,68.29132554455491,1.3486502636235638,inf,inf,4.709925275990955e-16,0.0019336858971714227,0.0,1.0-1.5
518,24.616365963117236,0.6301794867980555,inf,inf,1.1533922790714898e-15,0.0005983238113555766,0.0,0.5-1.0
519,64.33573289222197,0.74391594216499,inf,inf,7.450756038685277e-16,0.001584654920356656,0.0,0.5-1.0
520,37.66225090675041,1.0098590857546528,inf,inf,5.260319899545564e-16,0.0009906727819986242,1.4901161193847656e-08,1.0-1.5
521,63.716352038789495,0.5353225183981944,inf,inf,2.1217507379146285e-16,0.0014956600166734293,0.0,0.5-1.0
522,25.81348800776463,0.8695310458289242,inf,inf,8.957406171719683e-16,0.0006621737893855404,0.0,0.5-1.0
523,47.65370225746284,0.5640452943774833,inf,inf,7.724667445580337e-16,0.0011280913726445345,2.1073424255447017e-08,0.5-1.0
524,52.46747390344877,1.4247988216668976,inf,inf,6.18668467816465e-16,0.001514084827993115,0.0,1.0-1.5
525,63.101318243079454,2.3716262840593827,63.900033428281546,1.805501085352679,7.39638363248925e-05,0.004726291613644576,2.1967896730294614,2.0-2.5
526,20.316784157520516,2.1535518771868656,23.455080687933208,1.3702369313042333,7.213585996721604e-05,0.001691952416024503,2.3599830514996976,2.0-2.5
527,96.20510752024907,2.0111256949079395,60.527394062644056,1.7819519762654927,0.00010670905934967528,0.006458821285311868,1.847055000381157,2.0-2.5
528,28.91380757433565,1.6695286718434033,21.943857547860496,1.3413129753119795,0.00010352137412774383,0.0022716582870179816,2.112559422279924,1.5-2.0
529,30.60201317674801,0.9687234192617353,inf,inf,6.458765614008748e-16,0.0008000217372932508,1.4901161193847656e-08,0.5-1.0
530,25.631238316014592,0.6206357192895546,inf,inf,4.919628897217144e-16,0.0006208951355458748,0.0,0.5-1.0
531,6.747626056809375,0.9638117541757852,inf,inf,1.086560872050118e-15,0.00020730081435181244,0.0,0.5-1.0
532,42.29229129015039,2.8679001996601077,61.88273872325493,1.791569525875374,4.7633056544940445e-05,0.002947663992760578,2.3234405413988624,2.5-3.0
533,77.1836311316715,2.534871329790647,137.1138689555054,2.1370813855423507,4.598847468468155e-05,0.006305657691379004,2.567431870205864,2.5-3.0
534,70.95669366848485,1.9248541595569524,46.65378087172559,1.6688868451927057,0.00010606955736033084,0.004948545886249803,1.9159855005848219,1.5-2.0
535,19.55724530403161,2.0332367888160063,24.355985501888437,1.3866057068650057,7.102294212804082e-05,0.0017298337487720238,2.439541471755708,2.0-2.5
536,13.693190253333265,2.36298856624964,13.972122779282884,1.145262393321948,7.380208987260866e-05,0.0010311718610677581,2.203702515253431,2.0-2.5
537,32.14279404015703,2.5548065053371936,56.44120662701571,1.7515962897359796,4.608532443200527e-05,0.002601111318739865,2.5552843303669635,2.5-3.0
538,76.82551533900728,1.1037641477172084,inf,inf,2.619481096860822e-16,0.00205486815697538,0.0,1.0-1.5
539,48.80781358522254,2.505722101335926,45.88364786857922,1.6616579381354428,7.487715520019774e-05,0.0034356370226068284,2.0851810598755867,2.5-3.0
540,92.3184182440686,2.12075461393336,108.56898372095874,2.035705772557111,7.190832103842798e-05,0.007807013336222563,2.382416042794961,2.0-2.5
541,65.63837659269367,1.195006614828115,inf,inf,4.690783339778031e-16,0.0017940773923043312,0.0,1.0-1.5
542,62.0906780612134,1.219149490768329,inf,inf,6.649231556297909e-16,0.0017070317052510697,0.0,1.0-1.5
543,76.76911260473221,0.9284228807381624,inf,inf,9.3194865613996e-16,0.0019718834005224414,0.0,0.5-1.0
544,75.02582476929626,1.8684288166532261,50.83264073561561,1.7061426717156118,0.00010559010422171105,0.005367423833138448,1.9605368169529802,1.5-2.0
545,34.38381250143936,2.921577588072727,48.867252642267395,1.689017923316227,4.7852062079630765e-05,0.00233839880709878,2.2752033698238563,2.5-3.0
546,25.700840172768014,2.4743792203515746,24.58644156185758,1.3906956770966274,7.46599665596433e-05,0.001835622904828911,2.1119546673016827,2.0-2.5
547,43.76213897256822,0.9161657188463952,inf,inf,6.209304801217436e-16,0.0011245792052822752,0.0,0.5-1.0
548,48.92471807713118,0.7995238450643212,inf,inf,8.98760365461e-16,0.0012226456878327904,0.0,0.5-1.0
549,14.172277042391912,1.2043060099143004,inf,inf,8.613298956833612e-16,0.0004050369670843846,0.0,1.0-1.5
550,44.13321950434456,0.9109415044407192,inf,inf,4.957023309232516e-16,0.0011326557251221628,0.0,0.5-1.0
551,63.98232558816625,0.8560331460977175,inf,inf,9.020111846163334e-16,0.001617325486371344,0.0,0.5-1.0
552,13.57145049834797,2.329543675942714,14.120784691818503,1.149858831124979,7.354093672170939e-05,0.0010384557334819071,2.230132369754259,2.0-2.5
553,13.8037888058955,1.2865812422862,inf,inf,5.785813319810845e-16,0.00040300041464955046,0.0,1.0-1.5
554,17.37214125132718,1.9138118906682826,11.499861128355551,1.0606925958707394,0.00010592747499949933,0.0012181512521715968,1.9247420664216655,1.5-2.0
555,28.33314053582521,1.288101954446228,inf,inf,4.705348821086753e-16,0.0007987033748121571,0.0,1.0-1.5
556,96.17092748794424,2.9614678480795598,133.76733102087977,2.1263500619390627,4.801330945150534e-05,0.006422612258807449,2.237671946822255,2.5-3.0
557,2.5791292595461535,1.9803374620972398,1.737713927251396,0.23997828186976658,0.00010370727603212786,0.00018021357791833347,1.8717482948712298,1.5-2.0
558,18.373911828116274,0.8490107964598166,inf,inf,4.2092364962683934e-16,0.00047531427442232,1.4901161193847656e-08,0.5-1.0
559,16.504783937720056,2.4433234246474034,16.076941637504166,1.2062034351907858,7.441669115502194e-05,0.0011963928005554604,2.138084495164987,2.0-2.5
560,47.43480251536123,1.2243025365361238,inf,inf,1.0480267638755135e-15,0.0013079093447215277,0.0,1.0-1.5
561,1.5072778530416664,1.637675105917151,1.818824567100606,0.25979081164488776,8.25856634527515e-05,0.00015020883357816709,2.135994606717755,1.5-2.0
562,45.817322054237195,1.2182202860354892,inf,inf,6.650104490227972e-16,0.001261912333216133,0.0,1.0-1.5
563,16.292244991349982,1.7241320083927067,11.991902041145652,1.078888072211499,0.00010405803177583407,0.0012478537236502237,2.0717462920703733,1.5-2.0
564,26.964022266308397,1.2684621091447885,inf,inf,1.2421576560069339e-15,0.0007575675194223752,0.0,1.0-1.5
565,79.24406057603977,1.3016265936711302,inf,inf,4.632478355253596e-16,0.0022184378327147194,0.0,1.0-1.5
566,18.406722147691056,0.8940142681254486,inf,inf,7.703712713852577e-16,0.00048109221477849075,0.0,0.5-1.0
567,61.712883306896394,2.9002423319502606,88.70685788267284,1.9479571962181117,4.7770851134642175e-05,0.004237602102535024,2.2946879329141905,2.5-3.0
568,40.6312269891413,1.0184623576206573,inf,inf,4.633842597433593e-16,0.0010699103922806243,0.0,1.0-1.5
569,41.75955692359699,1.206812127766283,inf,inf,6.486378641146148e-16,0.0011481607274272752,0.0,1.0-1.5
570,81.6845417597935,1.5257075347789808,67.62299400185547,1.830094395203772,0.00010180245573522355,0.006884186853557179,2.215964647737526,1.5-2.0
571,16.091495418718715,0.7946486765587777,inf,inf,6.21366977234108e-16,0.0004143503642736329,0.0,0.5-1.0
572,92.38102251220785,1.0726940066594322,inf,inf,1.2468988545482203e-16,0.002452071020504515,0.0,1.0-1.5
573,89.34908572612102,1.5183681413083803,inf,inf,7.788285455111282e-16,0.002628871825512481,0.0,1.5-2.0
574,66.83219628377037,1.9596457183756422,43.156480671103225,1.6350460215660572,0.0001063410180907122,0.004589304091777259,1.888289191658271,1.5-2.0
575,4.944732071160585,1.8408510546118835,3.461800254964994,0.5393020055760254,0.00010440809313303969,0.00036143996342836564,1.9821189241564958,1.5-2.0
576,66.33085284909913,1.4216186874157826,inf,inf,5.057768530929523e-16,0.0019103196780395214,0.0,1.0-1.5
577,60.034768236400915,2.1914312993509215,67.61019992131341,1.8300122201336457,7.252402184759438e-05,0.004903363616213558,2.333377182517757,2.0-2.5
578,77.2205908633271,2.364032966439124,78.5345683332974,1.8950608609724682,7.390935571558382e-05,0.005804439346915502,2.2028685485735844,2.0-2.5
579,21.383158232678024,1.1630691760532788,inf,inf,5.502623014948457e-16,0.000590659206260657,0.0,1.0-1.5
580,95.33560103978556,1.0990513300263296,inf,inf,5.005985500950074e-16,0.002545773030628142,0.0,1.0-1.5
581,88.61971497640828,2.0634697443800603,108.02592940756881,2.0335280114779883,7.13855045279299e-05,0.007711485472857839,2.4202559302111526,2.0-2.5
582,11.435714041441935,1.5284862200609344,9.509671694869468,0.9781655239229317,0.00010152201906434388,0.0009654410711021894,2.214028012331074,1.5-2.0
583,31.520185858862927,2.5756236369910432,54.6517324287728,1.7376039333915059,4.61989537963718e-05,0.002524852861368549,2.542294850890615,2.5-3.0
584,3.244418891396006,0.5243533961740888,inf,inf,5.389760666528979e-16,0.00012640245489177232,0.0,0.5-1.0
585,83.09472126080713,1.8539657473591016,56.74230478748648,1.7539069722098932,0.00010546032158771326,0.005984061710516366,1.971872528036336,1.5-2.0
586,91.50947466679445,1.3715861060521783,inf,inf,7.705537378059578e-16,0.0026025615511286815,0.0,1.0-1.5
587,98.98092513759018,1.0309437065205516,inf,inf,6.282734339067068e-16,0.0026016766281363075,2.1073424255447017e-08,1.0-1.5
588,61.19250176417482,2.6698500708547734,100.2302164020384,2.0009986680222624,4.670770359433784e-05,0.004681523238902748,2.4794227644277265,2.5-3.0
589,66.59855788487788,1.0424396922524108,inf,inf,4.365878026559921e-16,0.001757197027523342,0.0,1.0-1.5
590,67.84055334961126,2.471465925660308,64.96910515263869,1.8127068850823225,7.466004109558689e-05,0.00485059606063951,2.114423050387498,2.0-2.5
591,57.01484348129328,2.635186478126711,95.32912365109824,1.9792256006247817,4.6528186545601766e-05,0.004435491248467037,2.5033490514426293,2.5-3.0
592,95.24229113476133,2.9185978228345633,135.54267005616418,2.132076036558817,4.784646670624131e-05,0.00648523785011731,2.2779493684686805,2.5-3.0
593,60.78612287284866,0.7908855144588183,inf,inf,5.576282300490105e-16,0.0015139624616876339,2.580956827951785e-08,0.5-1.0
594,33.57260391971402,0.8901397568290133,inf,inf,5.753656089952214e-16,0.0008604656791616482,0.0,0.5-1.0
595,51.28772399345339,0.7100455056122195,inf,inf,9.500080636523222e-16,0.0012550470928493049,0.0,0.5-1.0
596,1.866287488120555,1.301174288894658,inf,inf,1.8484984049339403e-16,0.00013179800001748536,0.0,1.0-1.5
597,72.41263048247245,2.766843543734303,112.11176028693802,2.049651171558704,4.7184149850216004e-05,0.005289898097350379,2.4072572513945287,2.5-3.0
598,69.39210761945336,2.1092122413239194,82.20107957182843,1.9148775212992852,7.180178258252627e-05,0.005902184043465367,2.39017763538153,2.0-2.5
599,42.10511412469178,0.8871223387520178,inf,inf,5.381069405908486e-16,0.0010751834090474445,0.0,0.5-1.0
600,85.14810904687168,0.7639428403763189,inf,inf,4.849138500154802e-16,0.0021049669370653036,1.4901161193847656e-08,0.5-1.0
601,75.55260958502994,2.3739428709335337,76.40499527836046,1.883121753221092,7.398228507460071e-05,0.005652616141807185,2.1949297036417663,2.0-2.5
602,33.66845983759163,2.05817778727935,41.20595684417283,1.6149600033523381,7.131278132498675e-05,0.002938511389715338,2.4236657029044357,2.0-2.5
603,7.749796973731071,0.5060438677618015,inf,inf,8.678278847431588e-16,0.00020650947785059626,2.1073424255447017e-08,0.5-1.0
604,13.222302482887628,1.9684242529237281,8.511741985417505,0.9300184504763782,0.00010633277242530892,0.0009050771234783467,1.8812774854377312,1.5-2.0
605,18.42722293348068,0.9749831018704078,inf,inf,5.322044376235196e-16,0.000490689437596655,0.0,0.5-1.0
606,30.391802901193856,1.234039263132108,inf,inf,5.276052767862561e-16,0.0008448422976702828,1.4901161193847656e-08,1.0-1.5
607,44.7515724220599,0.7522453668871529,inf,inf,1.367450471308389e-15,0.0011070527613713697,0.0,0.5-1.0
608,92.79965782900877,2.978461996977422,127.92737582441694,2.106963491290846,4.807677672364665e-05,0.006150335884352525,2.2212492446124035,2.5-3.0
609,27.84178978795819,1.6421286961660377,21.480183525504845,1.3320379876315007,0.00010319858242833382,0.0022167244901325498,2.132735323876099,1.5-2.0
610,89.85856630431013,2.0422569181335133,111.01649957361442,2.045387529608794,7.118787358364895e-05,0.007903028537345681,2.433836844031362,2.0-2.5
611,68.04621801065693,1.0104254566746478,inf,inf,5.153351178144831e-16,0.001782011352533322,1.4901161193847656e-08,1.0-1.5
612,85.34929150199358,1.4375782650051976,inf,inf,3.5097844643889533e-16,0.002465049814660679,0.0,1.0-1.5
613,40.325339468802426,2.1174433951308416,47.54045207539064,1.6770633072389023,7.186415552501019e-05,0.0034164544416751663,2.3846497447888364,2.0-2.5
614,0.32767419136451315,2.366817016437028,4.723655834229822,0.674278247379266,1.962098021581308e-05,9.268275766973337e-05,2.2006429244156775,2.0-2.5
615,78.69673620656712,2.7673083154918396,121.80689638430495,2.085671877597849,4.718668719720478e-05,0.005747663918148531,2.4068923110843987,2.5-3.0
616,24.547585121915894,1.1190823446219615,inf,inf,4.169939727894671e-16,0.0006680196224993386,2.1073424255447017e-08,1.0-1.5
617,14.248020576250708,1.0995722705188036,inf,inf,2.846056569399745e-16,0.00039729145375091437,0.0,1.0-1.5
618,79.94915982844587,1.507813583596766,inf,inf,8.660189117304606e-17,0.002347260853107582,0.0,1.5-2.0
619,68.63286499978246,1.270859026737122,inf,inf,5.198391780737876e-16,0.0019087202693035994,1.4901161193847656e-08,1.0-1.5
620,21.241520084291366,2.548774421674123,37.4717002028141,1.5737033987769733,4.603060352601222e-05,0.0017248449754813273,2.5589898073994157,2.5-3.0
621,26.758181472053057,1.4282911982903506,inf,inf,9.102219786272235e-16,0.000780201269553673,0.0,1.0-1.5
622,93.92198314329572,1.4337847335023848,inf,inf,3.156725773471495e-16,0.0027096639044396765,0.0,1.0-1.5
623,26.853797509226705,1.7563841695733933,19.375668121707005,1.2872566870012012,0.00010447250272506248,0.0020242245406449414,2.047285258573727,1.5-2.0
624,70.24058780438564,1.9098064241799295,46.550082861692424,1.6679204583859706,0.0001059461528464278,0.0049318021938787445,1.9279140937176726,1.5-2.0
625,12.955324664319045,1.3831889346589468,inf,inf,6.161987194210448e-16,0.0003890990292557612,0.0,1.0-1.5
626,81.50358692078323,0.5218615436984095,inf,inf,4.227258448693009e-16,0.00190554909563632,1.4901161193847656e-08,0.5-1.0
627,11.759001121764335,2.3384439219037674,12.18360236726819,1.085775716614983,7.357407989342858e-05,0.0008963973339591553,2.223151649818258,2.0-2.5
628,51.604112678076085,0.7867929254229304,inf,inf,7.478265781863352e-16,0.0012853133919434013,0.0,0.5-1.0
629,3.521762656722971,2.635699457808857,6.2024303906363585,0.7925618989205212,4.533072553287829e-05,0.00028116066967471984,2.5030018644270426,2.5-3.0
630,55.00785455973437,1.117254981182724,inf,inf,4.162867268482728e-16,0.0014781173746802809,0.0,1.0-1.5
631,84.66216139847108,1.1390731849014555,inf,inf,3.5390358131864464e-16,0.0022823774950146342,0.0,1.0-1.5
632,8.43985119145454,1.8382949233153987,5.846598259545809,0.7669032529519364,0.0001050112307808748,0.0006139584791162259,1.9841122931044752,1.5-2.0
633,27.425657939054094,2.7684984804638075,42.44594875324008,1.6278362453909387,4.7178210524417555e-05,0.0020025239061889992,2.4059569387817525,2.5-3.0
634,76.46930633927312,1.4514305397324936,inf,inf,5.359842176743525e-16,0.002216354000742687,0.0,1.0-1.5
635,60.80983194572364,1.701191731236511,45.27213767341571,1.6558310016269058,0.00010390850698316293,0.00470416023358083,2.08898800563459,1.5-2.0
636,31.279690654706805,1.53686461064462,25.733787570448673,1.410503711584918,0.00010190954742296423,0.0026225186447831265,2.208173291261947,1.5-2.0
637,62.89038794541152,0.7802750592496989,inf,inf,7.741387290542052e-16,0.0015622792599910337,0.0,0.5-1.0
638,45.47103204223362,1.22066295638292,inf,inf,2.836326522153635e-16,0.0012531661634001042,0.0,1.0-1.5
639,86.23562657054478,2.7918828688944015,131.6232471140975,2.1193326005373687,4.730115751905945e-05,0.006225931944914013,2.387329270445448,2.5-3.0
640,29.293990249787573,2.8485307008903344,43.33562904930421,1.6368451050572304,4.754357138783e-05,0.002060330573342114,2.340209126011027,2.5-3.0
641,75.77306031523214,1.137498511056258,inf,inf,5.514585500046136e-16,0.002042658314048801,0.0,1.0-1.5
642,63.56741550698214,2.800263846284384,96.57133427308794,1.984848231855067,4.7338206413990636e-05,0.004571513755493925,2.380536835966219,2.5-3.0
643,74.04286608102791,0.5395172347061984,inf,inf,1.2328535240549005e-15,0.001738708045690468,0.0,0.5-1.0
644,37.82616136992867,2.296603184183843,40.01505367043901,1.6022234037305363,7.338158509258642e-05,0.002936368065901733,2.255630384144034,2.0-2.5
645,72.49210189304145,0.5641263901403744,inf,inf,9.426951465511473e-16,0.001712119862274154,0.0,0.5-1.0
646,69.84260967392207,1.565122711336698,56.42509906632941,1.7514723302473174,0.00010230104445584783,0.0057723465680101825,2.1882594817143426,1.5-2.0
647,38.74888921026785,1.5318649265976545,31.968975081023302,1.5047287131002436,0.00010186009723017724,0.003256362910102147,2.2116697729627406,1.5-2.0
648,2.6452230317890457,1.587367877867007,2.3868097295510093,0.37781779952638517,9.640150130769161e-05,0.00023009204126452266,2.172405106057803,1.5-2.0
649,96.2913318380196,2.8529333202017,142.0360602129801,2.1523986173644936,4.7573404240729974e-05,0.006757138909272765,2.336427274328111,2.5-3.0
650,71.36003960764684,1.3806365164308811,inf,inf,8.95298477129157e-16,0.002035214263129308,0.0,1.0-1.5
651,20.47386484288002,0.545183821894814,inf,inf,1.3482860367811615e-16,0.000491216887088649,0.0,0.5-1.0
652,73.08072135564126,0.7758460971048238,inf,inf,9.249047359756305e-16,0.0018124542147473163,0.0,0.5-1.0
653,27.868336357380596,2.3731666096649846,28.211176025435385,1.4504211907534346,7.395566188360751e-05,0.002086376195476034,2.1955532387605885,2.0-2.5
654,46.928539286881374,0.8212607804331663,inf,inf,1.0268954177873915e-15,0.0011790599907461736,0.0,0.5-1.0
655,85.98881606135453,0.646771069270303,inf,inf,6.220939422895053e-16,0.0020689515154810817,0.0,0.5-1.0
656,44.807210294940724,0.9884018410196269,inf,inf,6.485406963406337e-16,0.0011705414462904115,0.0,0.5-1.0
657,28.800657284024556,2.9444063293714464,40.43926763617247,1.6068032818237827,4.793918356739295e-05,0.001938625474541405,2.2538997897223725,2.5-3.0
658,30.549111161401356,1.611567873372949,24.004288652224957,1.3802888405284346,0.00010284052238586377,0.0024686135844958763,2.154984434909358,1.5-2.0
659,7.701726665467323,0.870249046999595,inf,inf,6.226275545451531e-16,0.0002235679334315148,1.4901161193847656e-08,0.5-1.0
660,21.950557963770567,2.146202698875583,25.449785921487805,1.4056841334897687,7.208016106884002e-05,0.001834424668388338,2.365058522660349,2.0-2.5
661,27.11062293046007,1.4441438779320468,inf,inf,3.94353269756212e-16,0.0007931150631673441,0.0,1.0-1.5
662,17.296911268147664,1.88201016764476,11.64689709973576,1.0662102384991174,0.00010565079171664375,0.001230503899629365,1.9498594522438228,1.5-2.0
663,6.306571460013566,2.9899775910100423,8.706028350972327,0.9398200770932369,4.794039334609505e-05,0.00041737042362786854,2.209974900897844,2.5-3.0
664,46.57891629721285,2.247795182348856,50.71149511258002,1.7051064149172557,7.299302123970183e-05,0.0037015852398495893,2.292413379768693,2.0-2.5
665,21.439613109783007,1.8372304647602649,14.787168881942996,1.169885032912062,0.00010526204492939275,0.001556527635229602,1.9849420351159617,1.5-2.0
666,73.8770511084484,2.995794457096193,100.9246123214163,2.00399708984363,4.8139543985928346e-05,0.004858464814109586,2.2042353291032666,2.5-3.0
667,92.2527762802923,1.764110455769488,66.22702921589747,1.8210352740853943,0.00010458666512481986,0.006926464126814731,2.0413887436417926,1.5-2.0
668,27.29846997235904,1.6321407493194209,21.18870252020044,1.32610436371554,0.0001030781987826276,0.0021840932903231833,2.140036849790497,1.5-2.0
669,57.22482907765356,2.6265262615163767,96.17599924930244,1.9830667072346748,4.648281827022795e-05,0.0044705314950629045,2.509179483612731,2.5-3.0
670,50.672566484476455,2.8951758209027982,73.04172914684112,1.8635710458795085,4.774889076175498e-05,0.003487661546082211,2.2992545184974955,2.5-3.0
671,7.510853873703449,2.298696597182421,8.017301201216489,0.9040281998714357,7.302378533500815e-05,0.0005854536818837358,2.254025937626442,2.0-2.5
672,12.48743823714198,1.413056219224182,inf,inf,3.472525460072285e-16,0.00037908812606347495,1.4901161193847656e-08,1.0-1.5
673,88.47794579004852,1.506624169521764,inf,inf,3.646278996025323e-16,0.0025962505994557485,0.0,1.5-2.0
674,47.4152037832795,0.5222045885088462,inf,inf,3.47972950560455e-16,0.0011116985264209283,0.0,0.5-1.0
675,80.46099103060385,1.0994145462853087,inf,inf,4.039781373939294e-16,0.0021496457117480606,2.1073424255447017e-08,1.0-1.5
676,6.658074477415354,2.442299243334494,6.5433284586031775,0.8157987213343637,7.410111335273897e-05,0.0004848679238151568,2.138939232583685,2.0-2.5
677,59.48131365802575,1.722287084923039,43.74270303721148,1.6409056163301994,0.00010413949550308454,0.004555343026236447,2.0731378520418815,1.5-2.0
678,86.53119542749063,2.6412553269547714,144.14244694839144,2.158791890327584,4.6562448318171316e-05,0.006711625236489227,2.499228475333088,2.5-3.0
679,86.70660967358539,2.1752593293623557,98.60420939793897,1.9938954552989743,7.238848584477648e-05,0.007137809416238081,2.344827343150204,2.0-2.5
680,0.5722429373411497,1.9152814326059648,3.053825095415458,0.48484415967811306,3.7297338244282754e-05,0.00011389954752258939,1.9235777151185927,1.5-2.0
681,52.17201044989754,2.514586178212601,48.812005819340946,1.6885266543759014,7.493316001825282e-05,0.003657637842872563,2.077538949319674,2.5-3.0
682,36.90047492817563,1.744590498722403,26.79617773502051,1.4280728497386572,0.00010436584701694967,0.0027966057861321435,2.05625897771752,1.5-2.0
683,76.00420290990492,2.1680790909102807,86.81618555092716,1.938600700293556,7.232505643567587e-05,0.0062789855195009145,2.3498675754503804,2.0-2.5
684,7.321899681281874,1.724399711649796,5.4347851562290295,0.7351823805642784,0.00010361634747638071,0.0005631325872073031,2.071544302449177,1.5-2.0
685,26.492656217493483,1.3813428548317626,inf,inf,2.450261675987224e-16,0.0007643262638834,0.0,1.0-1.5
686,81.26427853221679,2.4125302629726373,80.40642581714043,1.9052907575222222,7.426011397048885e-05,0.005970990345140505,2.1635821944889204,2.0-2.5
687,46.955622253684005,0.6778589642130768,inf,inf,4.986228078451264e-16,0.0011413076902933314,1.4901161193847656e-08,0.5-1.0
688,45.31503214917076,2.9429467362465997,63.66141988222569,1.8038763207464794,4.7939312533319255e-05,0.0030518847040488816,2.2552759210426987,2.5-3.0
689,96.85586480776861,2.9020216853080916,139.07927982681434,2.1432624331756562,4.777952942401822e-05,0.00664514254275654,2.293078649047403,2.5-3.0
690,31.98906623237292,2.5759901629530177,55.451198310720784,1.74391093577121,4.620143552674278e-05,0.0025619249636333946,2.542063317946668,2.5-3.0
691,4.172205864536971,1.66874346824958,3.292434892985438,0.5175171956621504,0.00010153633410830008,0.00033430176932399466,2.113140520370492,1.5-2.0
692,39.220083405920704,1.6249582884479803,30.559741528871065,1.4851496767014358,0.00010301694257793484,0.003148171138276241,2.145269559749307,1.5-2.0
693,15.337356156963066,1.5060961951358465,inf,inf,1.9195874069204233e-16,0.00046702980861574087,0.0,1.5-2.0
694,8.189185619768324,1.648171016281314,6.353203169835363,0.8029927439119224,0.00010279706600122064,0.00065309064556873,2.1283042718296104,1.5-2.0
695,56.78603567812161,1.054318772093093,inf,inf,6.819080696203545e-16,0.0015035971684431544,0.0,1.0-1.5
696,95.35756160584003,2.4977657841432657,90.02029339124496,1.9543404240433742,7.483121528182908e-05,0.0067363279544936676,2.092014553670393,2.0-2.5
697,57.94075742763787,2.7026596202874407,93.09672038110017,1.9689343818891978,4.6872377787938534e-05,0.004363664648521004,2.45588762513134,2.5-3.0
698,64.71145475571862,1.7517953685594287,46.78590193104828,1.6701150061522865,0.00010445536027036985,0.004887038241781841,2.0507807458400675,1.5-2.0
699,32.3628861639222,2.6324492113415623,54.22224588837296,1.734177502118074,4.6504035065362615e-05,0.00252155322411561,2.5051981856863708,2.5-3.0
700,57.11228569535588,1.229105476436672,inf,inf,9.68130616299585e-16,0.0015744698569345858,0.0,1.0-1.5
701,75.2244513641516,2.6488621442663742,124.7461893441841,2.0960272879862485,4.6601259187687836e-05,0.0058133295023047055,2.4940229207666826,2.5-3.0
702,58.92848553517954,2.9331543592618217,83.21530070555177,1.920203186880236,4.7902677143265596e-05,0.003986235683077808,2.2644587499377336,2.5-3.0
703,80.27783741874889,2.1760705734524297,91.24957433990951,1.9602308472407355,7.239491884146728e-05,0.006606005528656185,2.3442561979461485,2.0-2.5
704,55.0470680456704,2.9070994525643146,78.83373176791723,1.896712085333076,4.779820279769422e-05,0.0037681106983419367,2.2884704781518903,2.5-3.0
705,19.814405647103108,2.3151730643662,20.756541311806956,1.3171549881775086,7.348821632427474e-05,0.0015253611980658149,2.2413219587219917,2.0-2.5
706,58.27262542347943,2.2336086919929157,63.97640170148746,1.806019809909789,7.287970879588562e-05,0.0046625815258130076,2.302877674999095,2.0-2.5
707,49.09358471108334,1.6826663592562467,36.95258287737499,1.5676447997048006,0.00010369649213077968,0.0038318532195556992,2.1028117657904812,1.5-2.0
708,16.59355324649926,0.6496062567409564,inf,inf,5.978370035678686e-16,0.0004123717278515732,0.0,0.5-1.0
709,61.91658511604792,0.8131897789401578,inf,inf,6.740723170637247e-16,0.001549939878078069,1.4901161193847656e-08,0.5-1.0
710,81.69605424354319,2.5694756803732144,142.0927797074584,2.1525720102787953,4.617960314669634e-05,0.006561788176901375,2.5461638272043987,2.5-3.0
711,13.508769347778971,0.9540181518326645,inf,inf,9.138161288949288e-16,0.0003659552330212076,0.0,0.5-1.0
712,54.49458616380058,2.2159184161372525,60.47019905954722,1.7815413982457737,7.273061256451726e-05,0.004398034619499165,2.3157817165039134,2.0-2.5
713,73.36871327932715,0.9002597988880787,inf,inf,8.299785083239859e-16,0.0018726063004492277,0.0,0.5-1.0
714,40.3017596182533,2.3879638120785427,40.44176670785854,1.606830119587476,7.407638804676696e-05,0.0029957800039481504,2.183618822938873,2.0-2.5
715,27.004624121174114,2.8892658991116544,39.06612177195162,1.591800299460234,4.771533910095889e-05,0.0018640532477080245,2.304551989027786,2.5-3.0
716,37.228041067011034,2.0455889962451383,45.921000424828534,1.6620113409371693,7.120011174435227e-05,0.0032695803616602393,2.43171893903666,2.0-2.5
717,54.16985188371095,0.5972227592184732,inf,inf,6.43935028805552e-16,0.0012910114890492762,0.0,0.5-1.0
718,68.66603732129266,2.342560145375571,70.70278884233451,1.8494365447014147,7.374764530528467e-05,0.005214164193638925,2.2199101777547607,2.0-2.5
719,55.917522175576686,1.6896207387839723,41.91453706473692,1.6223646738505624,0.00010377786343370928,0.004349801103391414,2.0976330262279967,1.5-2.0
720,10.702503499266802,2.664455659913186,17.678508623981845,1.2474456247214827,4.655794186011815e-05,0.0008230749766889442,2.483208888521991,2.5-3.0
721,81.78863932447665,0.8723728376531332,inf,inf,3.2833761578460644e-16,0.002073406890652181,0.0,0.5-1.0
722,92.3859714221812,1.2016638697954003,inf,inf,9.950460361469592e-16,0.0025263324614462584,0.0,1.0-1.5
723,10.129284244182235,2.798030684476775,15.478312638076687,1.1897236144919374,4.722004019520957e-05,0.0007308865449240015,2.3823527478959994,2.5-3.0
724,24.95194620881288,2.5930743751367054,42.82598247403207,1.63170733493367,4.6283966085879755e-05,0.001982156320422581,2.5311612481729115,2.5-3.0
725,17.368118830991286,2.772795490180719,26.84124520756907,1.4288026595681877,4.7174737561066156e-05,0.0012662286984792956,2.4025696431330625,2.5-3.0
726,84.91551649299767,1.801591059929719,59.68550483211527,1.7758688715684887,0.00010496387814328101,0.006264822056118357,2.0125946681978055,1.5-2.0
727,91.02787236178379,2.1859223979498297,102.84658981348986,2.0121898959360687,7.248083806618341e-05,0.007454407021930747,2.3372928700427096,2.0-2.5
728,4.427375428003888,2.832155601825705,6.759674990930643,0.8299258153146221,4.694142705105927e-05,0.00031730879047564054,2.3541230663008177,2.5-3.0
729,33.24194139646273,2.149846778468952,38.41981196869119,1.584555235039999,7.214506812915185e-05,0.0027717999519904298,2.362545373316007,2.0-2.5
730,19.24946130484323,0.7185227025643127,inf,inf,2.0202558429281502e-16,0.0004820510944045562,0.0,0.5-1.0
731,46.953270688933415,0.8870850352786315,inf,inf,2.521798571978469e-16,0.0011977446135814326,0.0,0.5-1.0
732,92.15904272856005,0.5065843080617706,inf,inf,2.5696119202808287e-16,0.0021464264914511353,0.0,0.5-1.0
733,7.017324165029304,0.7784070098123753,inf,inf,4.3119277874181316e-16,0.00020426721498960563,0.0,0.5-1.0
734,17.127911299155652,0.5680396544344458,inf,inf,1.0228018079930888e-15,0.00041689007769042967,0.0,0.5-1.0
735,48.70292814813715,1.4619977597818488,inf,inf,7.652512241541925e-16,0.0014183438860833533,0.0,1.0-1.5
736,52.40346947628085,2.0416183652607285,64.78249268745377,1.8114576546895755,7.11742249023308e-05,0.004610843704270435,2.4342420624194636,2.0-2.5
737,74.55012829941971,2.6528649159095985,123.33503393026498,2.091086457629264,4.662188811539503e-05,0.005750112152605263,2.491265414941523,2.5-3.0
738,43.768603854752875,1.5216938371722764,inf,inf,4.887358430530189e-16,0.0012935443398044031,0.0,1.5-2.0
739,14.113675143953031,0.902130655265093,inf,inf,5.286522563193316e-16,0.00037630896200120087,0.0,0.5-1.0
740,35.36118718050496,2.772319202372747,54.59359305860652,1.737141678188994,4.7202546845634354e-05,0.002576956633820373,2.402945884518375,2.5-3.0
741,98.2093118268198,2.7923287838378856,149.85889274036836,2.1756825194103233,4.7303558305221123e-05,0.007088858870299894,2.38696942671135,2.5-3.0
742,75.0722146537723,2.9435935312744803,105.4188042402063,2.0229180857280626,4.794432536186537e-05,0.005054233449751244,2.254666347253824,2.5-3.0
743,11.634437153477295,0.5588419804168472,inf,inf,2.481238464882502e-16,0.0002923201521916754,1.4901161193847656e-08,0.5-1.0
744,80.82091788389899,1.977061238704275,51.72668942197418,1.7137146838647752,0.00010647083127495474,0.0055073836218589994,1.874370419375449,1.5-2.0
745,31.09264639814835,2.0763300617946534,37.62473200171931,1.5754734151643188,7.147655227481104e-05,0.002689286123746646,2.41190923564246,2.0-2.5
746,78.13964821113562,1.8356884459175022,53.89523284209301,1.7315503525348963,0.00010529088767527834,0.005674676907409787,1.9861436528252647,1.5-2.0
747,1.2721449195000623,0.9696601703976827,inf,inf,3.110741192065856e-16,0.00011685364673900343,0.0,0.5-1.0
748,87.12701540167527,2.801794293218572,132.2415086232916,2.12136779506304,4.7346480581971324e-05,0.006261170020163269,2.3792898090716754,2.5-3.0
749,16.231032380526766,1.841611534467376,11.175097124921034,1.0482513063573484,0.00010526884496498849,0.001176389566712001,1.9815256360532565,1.5-2.0
750,45.57505956577027,0.5928475329883821,inf,inf,4.3902155676915404e-16,0.001086498882891474,1.4901161193847656e-08,0.5-1.0
751,66.17555982908443,1.3655680618116204,inf,inf,1.0587139314768457e-16,0.0018813568004078956,1.4901161193847656e-08,1.0-1.5
752,50.786956824462656,2.31831929866307,53.03835191853073,1.7245900206039537,7.355834728208451e-05,0.0039014135096926967,2.2388808317980127,2.0-2.5
753,16.539776755739567,1.0070665366654292,inf,inf,4.0131602596287293e-16,0.0004464970438612425,0.0,1.0-1.5
754,13.911851320856005,2.4411696716892495,13.576348861229143,1.1327829891917753,7.437754818302742e-05,0.00100977554157566,2.13988139791891,2.0-2.5
755,28.45343929239631,1.024993287269404,inf,inf,1.0436254175747645e-15,0.0007547391342043905,0.0,1.0-1.5
756,5.239175701770837,1.5817348166720144,4.310212353165212,0.6344986672688553,0.0001010643763667623,0.0004356089234809571,2.176434429948713,1.5-2.0
757,21.654476711003866,1.2310182009284338,inf,inf,9.003181807956776e-16,0.0006073152949304746,0.0,1.0-1.5
758,13.01050162752545,0.8192021310592521,inf,inf,2.3706460595416726e-16,0.0003428936898906766,0.0,0.5-1.0
759,46.4797014512623,2.7096316673746346,74.38576652537205,1.8714898426579978,4.69047062741462e-05,0.0034890425298497924,2.4507727040041667,2.5-3.0
760,35.65099293426742,1.3513436894524087,inf,inf,3.5251340484915354e-16,0.0010154794747535983,0.0,1.0-1.5
761,58.68322487004713,2.3786568209173886,59.18966588966791,1.7722458884989172,7.401464558206484e-05,0.004380902142944603,2.1911371344124992,2.0-2.5
762,28.087886463233815,2.72810553354766,44.49191888689873,1.6482811367891834,4.698491062582502e-05,0.002090448832472393,2.4370240024976546,2.5-3.0
763,3.3911048523531773,1.2070272356548122,inf,inf,2.9525364383485372e-16,0.00015042554155427298,0.0,1.0-1.5
764,33.11101615566822,0.5139110958078398,inf,inf,9.818839003117627e-16,0.000778196419954302,2.1073424255447017e-08,0.5-1.0
765,75.51807041296573,1.8130103450201958,52.744313928259494,1.7221756476155392,0.00010507447621153066,0.005542081159148408,2.0037621869309294,1.5-2.0
766,25.58381601172124,1.0886553163551955,inf,inf,3.819647840355054e-16,0.0006905156342531148,0.0,1.0-1.5
767,40.45484334264565,2.6847530196626943,65.69810626951072,1.8175528513169368,4.677840427192445e-05,0.0030732525749750266,2.468841140335262,2.5-3.0
768,75.49743804678982,0.9119552657061004,inf,inf,5.783483952651801e-16,0.0019319629899802741,0.0,0.5-1.0
769,40.66812840443333,2.303400299155659,42.84794795707654,1.6319300278401252,7.343725418041514e-05,0.00314663564523303,2.250412938246039,2.0-2.5
770,88.71241319494533,0.5641909564447405,inf,inf,9.371731263985313e-16,0.0020940047153089067,0.0,0.5-1.0
771,91.8068505948526,1.1776553326412962,inf,inf,1.1413114276084034e-15,0.002496650766919692,0.0,1.0-1.5
772,31.052963817255563,0.9919918368144625,inf,inf,5.563811688364783e-16,0.0008159536048712345,1.4901161193847656e-08,0.5-1.0
773,73.59636530886098,2.6302820902954545,123.40414767627166,2.0913297568013203,4.650438291982914e-05,0.005738833737432481,2.506658036445834,2.5-3.0
774,25.311698287156183,1.9978192618823194,16.036030117370874,1.2050968632304981,0.00010660162328300722,0.001709466841526928,1.8577382771707849,1.5-2.0
775,13.95233705282941,2.1491347206255447,16.18543621816562,1.209124408686957,7.202110668974819e-05,0.0011656930286886205,2.363036989610938,2.0-2.5
776,43.78810413115002,0.705781778509496,inf,inf,7.274515449983851e-16,0.0010718795429284385,1.4901161193847656e-08,0.5-1.0
777,60.24724290008162,1.2715589170921433,inf,inf,8.606008241253032e-16,0.0016767709546389397,1.4901161193847656e-08,1.0-1.5
778,93.55908920510319,2.7311549694123665,147.8447431262797,2.169805887050592,4.7014681987222243e-05,0.006950873581564601,2.4347270225639783,2.5-3.0
779,14.590151903260972,2.0330329514378853,18.206861104913465,1.2602350791107868,7.095393422889239e-05,0.001291848425352609,2.43966990203904,2.0-2.5
780,71.23626753264682,2.394086296411551,71.22179179524724,1.8526128954404526,7.412813960445192e-05,0.005279538925077296,2.1786511094589445,2.0-2.5
781,47.546450486956495,1.7544108987547649,34.32796069772087,1.5356480042986564,0.00010447724541089204,0.00358649077427124,2.0487889886553656,1.5-2.0
782,13.170929761876838,1.0132348762858885,inf,inf,2.1737899356928947e-16,0.0003625903290499326,0.0,1.0-1.5
783,97.26580472997354,2.7849034174779503,149.0446990126945,2.1733165343406373,4.7269340673339545e-05,0.007045244653186411,2.3929388682255324,2.5-3.0
784,69.5768948457315,1.1597045720623715,inf,inf,8.567124242701734e-16,0.0018858382291764583,0.0,1.0-1.5
785,12.885867576376132,0.9250144349886955,inf,inf,4.1131816023117804e-16,0.00034834651060889086,2.1073424255447017e-08,0.5-1.0
786,90.57554186227445,2.12225649576582,106.42043055666372,2.0270250116644877,7.192165453272841e-05,0.007653933441720582,2.381401012156314,2.0-2.5
787,10.309416055223464,0.7156979704601331,inf,inf,5.148313474427188e-16,0.00027301655066834393,1.4901161193847656e-08,0.5-1.0
788,9.265923469986326,2.411509095781949,9.222957869758329,0.9648702247959375,7.405301836923471e-05,0.0006829878685478914,2.164420533723442,2.0-2.5
789,33.155099554440866,2.2801720917645145,35.4193129679756,1.5492401328814172,7.324588082728217e-05,0.0025943187766365506,2.2681474907207626,2.0-2.5
790,93.79591602010316,1.4580252352845278,inf,inf,6.87980041442098e-16,0.0027212246302303327,0.0,1.0-1.5
791,3.302448147910453,1.7877575195826974,2.4613978718402776,0.3911818207643251,0.0001021936196634719,0.0002515391579553245,2.0232578743429324,1.5-2.0
792,91.82072410802023,1.7173628338069407,67.71215018836382,1.8306666049673364,0.00010409078441890361,0.007048210827797403,2.0768478587815395,1.5-2.0
793,61.16115786951265,0.68669759940914,inf,inf,7.517676226420068e-16,0.0014870448454288138,0.0,0.5-1.0
794,6.7051638120258055,0.6990516998147449,inf,inf,3.3551780503814337e-16,0.00019413786780074426,2.1073424255447017e-08,0.5-1.0
795,56.85917254285109,1.3809928993822134,inf,inf,2.7741893157423325e-16,0.0016234878402514154,0.0,1.0-1.5
796,45.87907225182739,0.5163293675676668,inf,inf,9.818515862262775e-16,0.0010745263744646853,0.0,0.5-1.0
797,56.398454886801396,0.9638627063490752,inf,inf,5.531584707819115e-16,0.001462523086780231,0.0,0.5-1.0
798,73.72035410796721,1.4139397995690497,inf,inf,1.015248832300174e-15,0.0021185182572994537,0.0,1.0-1.5
799,67.86190971840627,2.068003501410047,82.49269215021752,1.916415477041935,7.142470237410957e-05,0.005892015984868331,2.417323170993497,2.0-2.5
800,99.72275480671979,1.7891157942193885,70.58385724573057,1.848705387868707,0.00010484109788679022,0.007400089086726866,2.0222126988799283,1.5-2.0
801,15.666906363387467,0.9341221401743269,inf,inf,7.351747891745655e-16,0.0004173940922001171,0.0,0.5-1.0
802,81.28554187527331,2.3984852600774573,81.06557443296926,1.908836464471537,7.41604811569038e-05,0.0060118620052097985,2.175071192746271,2.0-2.5
803,41.10929869045731,2.4860260586920404,39.063405442169135,1.5917701012220493,7.474935254915118e-05,0.0029199642651671315,2.102051782074887,2.0-2.5
804,78.33075210604092,2.156966235523547,90.08486273845733,1.9546518211515795,7.222823577005947e-05,0.0065066707051867415,2.3576154671629865,2.0-2.5
805,89.1779173795008,2.2198355670089227,98.70905750298796,1.9943570051831943,7.276883799972424e-05,0.007182943414540395,2.3129382663050317,2.0-2.5
806,99.19981879812026,1.1336307230678866,inf,inf,8.616628951202407e-16,0.002669987471573337,0.0,1.0-1.5
807,26.60418449639339,2.5957813501229463,45.58097159165013,1.6587835782466194,4.6301690091235765e-05,0.002110476020694006,2.5294139150466446,2.5-3.0
808,45.29382710382701,1.9627343031505085,29.203889838406667,1.465440701545824,0.00010636064658170782,0.0031061446059138997,1.8858232459661575,1.5-2.0
809,94.27792735634857,0.9436689847982591,inf,inf,1.0612624639181254e-15,0.002428854862293392,0.0,0.5-1.0
810,94.5738379959387,2.2108748070239623,105.24784341927254,2.0222132056886535,7.269374157812609e-05,0.007650859531175676,2.319431203108249,2.0-2.5
811,37.28738428728949,2.068496622602785,45.331996964427795,1.656404851013878,7.141375914511038e-05,0.0032373283127845216,2.4170035434725747,2.0-2.5
812,94.02094544843064,1.9216867736873662,61.9195967340331,1.791828119238879,0.00010604525606369072,0.006566279491021008,1.9184990110335503,1.5-2.0
813,40.58911552787864,1.6774547731710883,30.64907788060731,1.4864174127079999,0.00010363121360464291,0.0031762011366305524,2.1066841743746068,1.5-2.0
814,37.476609897530786,2.417141007375385,36.99479390454055,1.5681406122396697,7.428293510834897e-05,0.00274808187495773,2.159791114690192,2.0-2.5
815,75.66193952731464,2.3250128411403423,78.69964671419503,1.8959727827984545,7.361448404157974e-05,0.005793433887120073,2.233671203673077,2.0-2.5
816,47.121182994101964,1.9726410767274252,30.228379291811194,1.4804148629074947,0.00010643471963408835,0.0032173490749168067,1.877906276688481,1.5-2.0
817,44.819845618020246,0.66767034661612,inf,inf,6.929941292616342e-16,0.0010872822777497403,0.0,0.5-1.0
818,38.61189936783248,1.0798960439577256,inf,inf,4.000042200577827e-16,0.0010318851332598528,0.0,1.0-1.5
819,43.28039319075898,2.947211887314201,60.66588615395992,1.7829445457729591,4.795546254912396e-05,0.0029092606314656427,2.2512492764788687,2.5-3.0
820,13.981764641046146,1.506204066330906,inf,inf,4.61102974074359e-16,0.0004289455733193721,0.0,1.5-2.0
821,6.103714745275724,2.082335494173959,7.522164234206498,0.8763428113026756,7.074776541803765e-05,0.0005321763106775941,2.407982195659984,2.0-2.5
822,75.39931446854477,0.8289944124196303,inf,inf,5.9251527488446035e-16,0.0018928482083712557,0.0,0.5-1.0
823,56.449994958092255,1.928411496182568,37.047902839886,1.568763629026738,0.00010609640606657312,0.003930649343615492,1.9131608877143353,1.5-2.0
824,67.18906479581986,2.021890129684356,42.04813869116446,1.6237467760186508,0.00010677898514399161,0.004489857576636349,1.8384014204239905,2.0-2.5
825,80.23354521426597,2.4052307466533027,79.71300127117223,1.9015291610427576,7.420845504210746e-05,0.00591537867110324,2.1695644706462573,2.0-2.5
826,23.010616249106477,2.922302461669042,32.70276233633661,1.5145844381881142,4.784604412562892e-05,0.001564697809774317,2.2745341509717965,2.5-3.0
827,23.37729282450396,1.6400426296580493,18.06496193628116,1.2568370508262405,0.00010315517270846835,0.00186349426850899,2.1342626857743694,1.5-2.0
828,27.790863288154366,1.2817033501408601,inf,inf,5.260773701077482e-16,0.000782611758582982,0.0,1.0-1.5
829,30.392499115161563,0.8993893679164612,inf,inf,6.662686547923083e-16,0.0007820305776081319,0.0,0.5-1.0
830,76.06909178484005,1.3356996617272814,inf,inf,6.991280764860893e-16,0.002146648862266889,0.0,1.0-1.5
831,37.418158624512756,1.6085792227099798,29.447629845787883,1.4690503454280792,0.00010281737787035494,0.0030277280852407146,2.1571454429313146,1.5-2.0
832,32.318886287953354,2.9105697640596007,46.20822423405194,1.6647192790538536,4.780673978653554e-05,0.0022090645519552065,2.285307699738041,2.5-3.0
833,63.63015699459732,1.7781037453851494,45.321105455323476,1.6563004944678779,0.0001047265221238303,0.00474632175314338,2.0306747337010447,1.5-2.0
834,18.65705013700991,2.187598670587067,21.099999807805464,1.3242824513418145,7.242291512495259e-05,0.001528123495217211,2.3361030540200765,2.0-2.5
835,10.642015008617733,2.3338960621211045,11.06560124701654,1.0439750161997896,7.350531961324526e-05,0.0008133805563746761,2.226723480770048,2.0-2.5
836,69.71332381926338,0.5341579725621641,inf,inf,4.0074920124861905e-16,0.001635371911310312,0.0,0.5-1.0
837,75.64453320014982,1.082361154968721,inf,inf,7.470972009769489e-16,0.00201340519842214,0.0,1.0-1.5
838,29.63646029368836,1.8507562189649915,20.2809363594558,1.3070880022568139,0.00010541051321604047,0.0021378239101520913,1.974383015125749,1.5-2.0
839,63.604117685196485,0.6432977412157308,inf,inf,4.552104026121486e-16,0.0015307330341696624,0.0,0.5-1.0
840,3.40765678925955,0.8766526197992139,inf,inf,5.051183867764291e-16,0.0001396352094936758,2.1073424255447017e-08,0.5-1.0
841,40.43189805795585,2.3814210976458767,40.723311984396446,1.6098430914813326,7.40288759026995e-05,0.0030147010092397997,2.1889083242258964,2.0-2.5
842,57.79583628558767,2.1852119826476453,65.33657157422692,1.8151563418709897,7.247001824194802e-05,0.004734942533850568,2.3377966818851537,2.0-2.5
843,25.341852706300905,0.8463974698016731,inf,inf,3.79868001990461e-16,0.0006469441610621782,0.0,0.5-1.0
844,34.821490190538796,0.7949108026719305,inf,inf,5.627790764728388e-16,0.0008725593880620894,0.0,0.5-1.0
845,60.95495638108645,2.6081922202533114,103.57459516850761,2.0152532444909506,4.638637110186942e-05,0.004804449608212286,2.521332287345252,2.5-3.0
846,58.98978444170822,1.6810242311562282,44.44096589658376,1.6477834894902021,0.00010368196476417091,0.004607726660175318,2.1040327214593644,1.5-2.0
847,15.419073746624301,1.2902782102197092,inf,inf,9.717883579115815e-16,0.00044651770830355926,0.0,1.0-1.5
848,70.65818862124277,2.2980403640126834,74.6617847784015,1.873098367456701,7.340384135418713e-05,0.005480461805094247,2.2545291269295338,2.0-2.5
849,8.002927577687913,2.1724834202350163,9.222532918107479,0.9648502140345873,7.194727979917681e-05,0.0006635361563161973,2.3467790957134724,2.0-2.5
850,96.97246741407663,2.9856965825111574,133.1732215849101,2.12441690586222,4.810343368069709e-05,0.006406089232554501,2.2141799393564456,2.5-3.0
851,20.23619581736137,0.758734560076266,inf,inf,1.1082703115673324e-15,0.0005103154045882915,0.0,0.5-1.0
852,25.354814266909397,2.421294409937353,24.980254626551968,1.3975968608732998,7.429780025961011e-05,0.0018559779686777595,2.156367927621595,2.0-2.5
853,20.030054631072012,1.6503559966813577,15.389521624272657,1.1872251202104505,0.00010325449914344664,0.0015890373473715145,2.1266993874958233,1.5-2.0
854,99.1498959527581,1.1202471172485078,inf,inf,9.108823164509764e-16,0.002660411377978751,0.0,1.0-1.5
855,28.659492046540393,1.7459510647157224,20.800832530968634,1.3180807174805498,0.00010436694756665215,0.0021709193981023158,2.055225415056588,1.5-2.0
856,60.5292274488817,0.5511604951942293,inf,inf,9.386506598085329e-16,0.0014264066863835592,2.1073424255447017e-08,0.5-1.0
857,99.06341524436648,0.8114216489276056,inf,inf,1.1221179552250245e-15,0.002475134421651027,0.0,0.5-1.0
858,95.0067855762026,0.7720119863564568,inf,inf,1.0459350226696026e-15,0.0023524688721771256,0.0,0.5-1.0
859,4.234982905689655,2.230670502634901,4.839843601758683,0.6848313277620516,7.147125748682637e-05,0.00034590970825726397,2.3050320603585073,2.0-2.5
860,52.118406882522194,2.270900140279183,55.96500033769271,1.7479165107170425,7.318353051660219e-05,0.004095716310075186,2.2751509132943752,2.0-2.5
861,60.130467635625784,1.1093983858733871,inf,inf,9.952872369378514e-16,0.0016120280214516418,0.0,1.0-1.5
862,70.23950615616059,1.2680142611169494,inf,inf,4.1297197227288904e-16,0.0019519440509388828,0.0,1.0-1.5
863,33.59093149858216,2.4315530550299504,32.89555944283006,1.5171372766845048,7.438048726572795e-05,0.002446787740236418,2.147880049324167,2.0-2.5
864,32.790861013080615,1.4691070707944627,inf,inf,6.826873771958546e-16,0.0009610295108947009,0.0,1.0-1.5
865,0.42840156086151326,1.3713819502317774,inf,inf,3.134562254259187e-17,0.00012361470086462293,0.0,1.0-1.5
866,3.523670122600131,2.8638607519660892,5.344840607245156,0.7279347582957684,4.681862982021451e-05,0.0002502381138386615,2.32696540799619,2.5-3.0
867,55.00571685190029,1.8607966609483322,37.42480234119149,1.5731595152981488,0.00010551859169327839,0.003949012437441834,1.9665232520970515,1.5-2.0
868,7.588710127134368,1.8454835088594164,5.242985890397503,0.7195786889685867,0.00010501098574847894,0.0005505711166160083,1.9785032444907684,1.5-2.0
869,20.248121156949793,2.0264013524281137,25.322847696422702,1.403512542944875,7.096352168821149e-05,0.0017969984517123689,2.4438365902589245,2.0-2.5
870,33.32719162204465,0.603054445984761,inf,inf,3.734640960065935e-16,0.0007994812822815919,1.4901161193847656e-08,0.5-1.0
871,7.047125849617064,1.4975576318504429,inf,inf,2.4047705286115827e-16,0.0002419111811589903,0.0,1.0-1.5
872,3.085983998789532,2.4716230079171675,3.0935709270514162,0.49046007764515126,7.297113495452915e-05,0.00022574138160927674,2.1142900467456434,2.0-2.5
873,92.69204494131881,2.128078430672543,108.51421149944684,2.0354866190289456,7.197389208843871e-05,0.007810190148523202,2.3774552169093828,2.0-2.5
874,43.52086295786912,2.7251617453784784,69.02755306068897,1.8390224784719555,4.698015224956927e-05,0.003242924952206389,2.4392339790752944,2.5-3.0
875,20.488446064020373,1.2762001366189115,inf,inf,1.6198123999467807e-16,0.0005819451580520223,0.0,1.0-1.5
876,70.84518013491676,1.6889343391552578,53.12154618745283,1.7252707073785247,0.00010377393224368593,0.005512631734736563,2.098144743930754,1.5-2.0
877,0.9445341278388253,1.086822928238252,inf,inf,5.819522080812299e-17,0.00011789890527663167,0.0,1.0-1.5
878,24.501724764582946,0.9636111282992916,inf,inf,6.331727329354802e-16,0.0006432941787912486,0.0,0.5-1.0
879,96.07496390554398,0.7276360303559302,inf,inf,2.597044800262615e-16,0.0023546107396759603,0.0,0.5-1.0
880,89.76901729249698,0.9971652808706748,inf,inf,3.3646539949386937e-16,0.002341694121668635,2.1073424255447017e-08,0.5-1.0
881,63.59252504051075,0.9096982765875201,inf,inf,4.441943139175554e-16,0.0016275624823544805,0.0,0.5-1.0
882,9.320277136898902,1.5975532340224694,7.4435173021829195,0.8717782022078714,0.00010227399907069308,0.0007612782816461438,2.1650947436136745,1.5-2.0
883,31.805084526381165,1.5275463839293297,26.31800360593479,1.4202529420919903,0.00010179090715420028,0.0026789334615356167,2.2146833253725116,1.5-2.0
884,2.7932550157694025,2.410228608487427,2.955489100520896,0.47062936206340095,7.184183699166562e-05,0.00021232776619026667,2.1654711007280025,2.0-2.5
885,21.91910044844947,2.445506776959082,21.310398425918176,1.328591569496471,7.445718374981904e-05,0.0015867122513804441,2.136260851929127,2.0-2.5
886,2.5434123583000345,1.8519412389397403,1.8886591630595904,0.2761535900244341,0.00010116977046263009,0.00019107521400888182,1.9734563118176704,1.5-2.0
887,12.616367896772873,2.1416337333335895,14.71729338112956,1.1678279473844833,7.192117884020979e-05,0.001058485089308055,2.3681997493685767,2.0-2.5
888,63.3214541170409,1.6709796456245165,47.98723959382933,1.6811257684019432,0.00010356890442229092,0.004969985830982885,2.1114851682104265,1.5-2.0
889,10.04428442579468,1.2758028297952577,inf,inf,3.407323520765591e-16,0.0003039353490355378,0.0,1.0-1.5
890,15.576307574800785,1.7588628206105632,11.238541767626366,1.0507099639592166,0.0001044250800318724,0.0011735856235259238,2.0453951174020757,1.5-2.0
891,90.2807983038033,2.0774802311165184,109.08329692132824,2.0377582555356546,7.151501698955494e-05,0.007801093832605455,2.4111585709620638,2.0-2.5
892,33.54524235307203,2.8872334261725516,48.5728445899116,1.6863935379701924,4.7711354674840175e-05,0.002317476215795164,2.3063665444906776,2.5-3.0
893,33.29969245296248,2.541455964511814,58.94974661684874,1.7704819427111607,4.6012419564447176e-05,0.0027124204745522947,2.5634506790953324,2.5-3.0
894,8.65394704000625,0.6664571804220027,inf,inf,3.2834623823820547e-16,0.00023359866779374783,0.0,0.5-1.0
895,79.59305219471497,2.100127718161693,94.81706499068576,1.9768865078477609,7.17209603301454e-05,0.006800370956817792,2.3962377052249466,2.0-2.5
896,67.6377240456614,0.7272659863970747,inf,inf,1.0121762738963908e-15,0.0016592366157697116,0.0,0.5-1.0
897,54.71328003602639,2.055313574511022,67.05137341624382,1.8264076779517828,7.130325177355209e-05,0.00478098096046089,2.4255051690565406,2.0-2.5
898,61.791284188445196,2.62324902967075,104.05143843043908,2.0172480883735395,4.646623499452333e-05,0.004834878589626958,2.511370729045037,2.5-3.0
899,10.038069240392533,2.247957584577665,10.995754121991078,1.04122501994404,7.276781595857344e-05,0.0008001370122747722,2.2922929920476562,2.0-2.5
900,26.030606683003477,0.7986363165798989,inf,inf,2.9781587592039392e-16,0.0006567511918396709,0.0,0.5-1.0
901,58.36415158658145,1.5593352767011712,47.32371022369643,1.6750787863893553,0.00010222486711006304,0.004837659988772499,2.192358760406337,1.5-2.0
902,95.22319384229336,0.9878174516115352,inf,inf,3.5396537548336235e-16,0.002478294144113748,0.0,0.5-1.0
903,81.71319420783708,2.151697113516741,94.27882938975948,1.9744141814814322,7.218231682640115e-05,0.006805264333033839,2.3612666373563393,2.0-2.5
904,64.07263586104744,2.2764227123626606,68.5718101345957,1.836145613970119,7.323084482731942e-05,0.0050215715874949865,2.2709847474417586,2.0-2.5
905,51.8818578823802,2.3422183740216536,53.43592689442965,1.727833347021959,7.374186108322828e-05,0.003940464697902573,2.2201796301572463,2.0-2.5
906,1.5132176737622127,1.3909178643856248,inf,inf,1.5441036985693168e-16,0.00013089772914151487,1.4901161193847656e-08,1.0-1.5
907,89.07162675453891,1.9948741132699175,56.496410512455334,1.7520208558875008,0.00010659785061791761,0.006022395928255264,1.860100637334343,1.5-2.0
908,6.68540953905733,1.0203149190627196,inf,inf,8.226111761315262e-16,0.00020865362981232794,2.1073424255447017e-08,1.0-1.5
909,12.908105089788535,2.824659163742277,19.393702471268107,1.2876607285909525,4.738617118424477e-05,0.0009189933051998214,2.3604129528049094,2.5-3.0
910,69.30717384384492,2.845737798821549,102.64518563817884,2.011338584492723,4.7541205111393315e-05,0.004879875824121704,2.3425992233192785,2.5-3.0
911,81.21439809458873,0.5758933505400433,inf,inf,8.040793894633875e-16,0.0019226472056171745,0.0,0.5-1.0
912,78.65506638676204,1.9093511854275784,52.13841599034443,1.7171578327950547,0.00010594305910342282,0.005523703286823905,1.9282744596276813,1.5-2.0
913,45.240412029999234,2.295033976061266,47.89644304438921,1.6803032624009397,7.337377829456011e-05,0.0035143429930370395,2.2568316331750675,2.0-2.5
914,17.705577766698045,1.0773630104962166,inf,inf,1.0702659025892293e-15,0.0004838020348137264,0.0,1.0-1.5
915,3.53022165799054,0.582709832627236,inf,inf,3.0059650208633636e-16,0.00013228581112779,0.0,0.5-1.0
916,85.13796101847942,0.5052619832092273,inf,inf,6.2588825528026e-16,0.001982671822407247,0.0,0.5-1.0
917,97.76974630818675,2.267138421173545,105.20239363938559,2.022025621305843,7.315919647136824e-05,0.007696522585522031,2.2779798850903457,2.0-2.5
918,24.413550478392143,0.5306254277432499,inf,inf,8.416487582815911e-16,0.0005800532258173858,0.0,0.5-1.0
919,86.6076327609067,1.4659476241800973,inf,inf,1.1356151412309504e-15,0.0025177406669445,0.0,1.0-1.5
920,40.253091696253804,2.496114843257526,38.04121455017159,1.5802543743015767,7.481368601321895e-05,0.002846003480918033,2.093429389840879,2.0-2.5
921,31.13437599752573,0.6314419349059746,inf,inf,7.007651764996689e-16,0.0007526997821577448,0.0,0.5-1.0
922,50.51543371183528,2.266831650416287,54.37546118716321,1.735402953460454,7.315008009418205e-05,0.0039775693409990764,2.2782102737651817,2.0-2.5
923,0.816818172146383,1.5778901085612336,2.5276473494427143,0.40271648223914375,5.2147146476635665e-05,0.00013180959657266912,2.1791788969926777,1.5-2.0
924,44.271446920888536,1.4739280424896006,inf,inf,9.492939650612168e-16,0.0012939110231694495,2.580956827951785e-08,1.0-1.5
925,19.95549685827961,1.7099533475268185,14.799936817935425,1.1702598613624864,0.00010393797979462113,0.0015382755339442417,2.082418714669403,1.5-2.0
926,71.24571935801768,1.3798892972719654,inf,inf,6.820355297086653e-16,0.002031615193534416,2.1073424255447017e-08,1.0-1.5
927,50.25713796956586,2.654430408000562,83.07913954480443,1.9194919898746343,4.662678667774563e-05,0.0038737133169262574,2.4901835024639087,2.5-3.0
928,86.88526299320797,2.174954329192835,98.82574694857544,1.994870105528731,7.238585830780256e-05,0.0071535865157823335,2.345041985834582,2.0-2.5
929,89.66481908874484,1.4692002095663852,inf,inf,6.679105834324229e-16,0.0026083556126561226,0.0,1.0-1.5
930,31.67589297500849,0.80072981685694,inf,inf,9.109760808245184e-16,0.0007960648375184803,0.0,0.5-1.0
931,28.038380569707954,1.7606923655504032,20.179409114425418,1.3049084452457114,0.00010452067311022783,0.0021091654236064113,2.043999049518686,1.5-2.0
932,93.91303837458055,2.9975434024850856,128.1766672101377,2.1078089750724835,4.8146322089047e-05,0.00617123510379988,2.202503795694129,2.5-3.0
933,50.399755929582824,2.7290051159519724,79.75443852661324,1.9017548619358189,4.700062812139104e-05,0.0037485087062196915,2.436347208910619,2.5-3.0
934,9.651552632397841,0.6698177793725573,inf,inf,8.418463891419301e-16,0.00025556055599600276,0.0,0.5-1.0
935,4.588513104194858,1.3903180015510115,inf,inf,4.512240221931021e-16,0.0001800138124786204,2.1073424255447017e-08,1.0-1.5
936,99.04255241620707,1.67403710549525,74.91535136130003,1.8745708207484204,0.00010360857288120321,0.0077618726414382,2.1092196351593095,1.5-2.0
937,57.91636290277997,1.5137584851336168,inf,inf,8.348443925679085e-16,0.0017049804127714939,0.0,1.5-2.0
938,5.4492973193840495,0.7798523816429721,inf,inf,2.7965630779409323e-16,0.00017247997555816093,0.0,0.5-1.0
939,51.12554483711341,0.965710211541121,inf,inf,2.525690109088761e-16,0.001327194704653986,0.0,0.5-1.0
940,50.41045029913964,1.8372553369937565,34.742916763788884,1.5408662758624936,0.0001053006353049267,0.0036584512075731575,1.9849226497390526,1.5-2.0
941,43.538784181337434,2.302509045923543,45.89433633645243,1.6617590940428977,7.343191388229758e-05,0.003370108953543576,2.2510983709956456,2.0-2.5
942,95.12803985090397,2.290839048214764,100.93850046018451,2.004056848577728,7.33488790419814e-05,0.007403725860933057,2.2600368658405428,2.0-2.5
943,94.87720307338382,2.180023624529425,107.58092227584729,2.031735263106213,7.243026942758596e-05,0.007792115185707804,2.3414682136372194,2.0-2.5
944,12.49676782737964,2.1843787370423478,14.197565183061494,1.1522138712684347,7.230151474694984e-05,0.0010265054684539022,2.3383872686171423,2.0-2.5
945,15.172070210072363,0.5214392258914642,inf,inf,7.134154482968879e-16,0.0003683322322097215,0.0,0.5-1.0
946,40.74886057804837,1.0452675054311793,inf,inf,5.96589891017072e-16,0.0010796354480428934,2.1073424255447017e-08,1.0-1.5
947,83.40264711732343,1.3415405669486231,inf,inf,6.452515138256793e-16,0.002356136408254559,0.0,1.0-1.5
948,62.3752595133354,1.1406033596849898,inf,inf,7.102696650061793e-16,0.0016839945317009737,0.0,1.0-1.5
949,72.98301278994721,1.4705286690136559,inf,inf,3.983795281824304e-16,0.0021249904547011498,0.0,1.0-1.5
950,57.60583823718732,1.498459997492842,inf,inf,8.234347532538745e-16,0.0016899092970768495,0.0,1.0-1.5
951,21.005693639580116,1.349386770271614,inf,inf,4.6327481050483e-16,0.0006061745961986115,2.580956827951785e-08,1.0-1.5
952,81.77654287809443,0.5259972347612603,inf,inf,5.636349143417432e-16,0.0019137396600614493,0.0,0.5-1.0
953,1.4020982062099452,2.662729802641106,3.1505697090934723,0.49838909320037866,3.99307793826891e-05,0.00012580470398359443,2.4844152816928347,2.5-3.0
954,69.84842578956494,2.892108952194196,100.8437374123687,2.0036489328740044,4.773793182146698e-05,0.004814071461213576,2.302007502662036,2.5-3.0
955,19.433961575628388,2.039219137864784,24.110866015516592,1.3822128096725812,7.107868048075013e-05,0.0017137685416310808,2.4357627094902083,2.0-2.5
956,47.10914798337187,1.181954687380929,inf,inf,2.9589861222573613e-16,0.0012863633999820332,0.0,1.0-1.5
957,97.51332054120772,1.6258154495471535,75.91316425837348,1.8803170943280052,0.00010304656492113723,0.007822590809119437,2.1446458770649746,1.5-2.0
958,53.903585751516715,2.780438828191427,82.81821669642709,1.9181258747145415,4.724585971402733e-05,0.00391281784780531,2.396504893131047,2.5-3.0
959,5.694882111890576,1.999179329319994,3.63021368681571,0.5599321898497526,0.00010624736510567264,0.0003857006389947187,1.8566470649562938,1.5-2.0
960,42.87798298505372,2.2420509763401775,46.84527934817866,1.6706658330822464,7.294364869195621e-05,0.0034170655996500956,2.296662854393819,2.0-2.5
961,66.02671058319217,2.250057749287294,71.77692835467094,1.8559848690548952,7.301712663943148e-05,0.005240945067462408,2.290734940778553,2.0-2.5
962,5.670669240192094,2.952100386537255,8.008900862022221,0.9035729177930115,4.7731064091773115e-05,0.0003822733603498396,2.246614030411421,2.5-3.0
963,25.265372650120977,2.1376112424341707,29.437567396143262,1.4689019187741048,7.201782084982905e-05,0.002120029454990214,2.3709562661708734,2.0-2.5
964,1.8336137926127538,0.7704359027031535,inf,inf,2.5593067488476007e-16,0.00011627807774272698,0.0,0.5-1.0
965,54.006825125978665,1.763734808176469,38.78345678928188,1.5886465153565081,0.00010457686014480598,0.004055852136584857,2.041675747231994,1.5-2.0
966,38.14775791788604,2.805506829148448,57.79494582978561,1.761889861012082,4.7357119631615955e-05,0.002737002163763921,2.3762562202488287,2.5-3.0
967,50.36900166613288,0.823755465693746,inf,inf,5.749515915005358e-16,0.0012655239241198806,0.0,0.5-1.0
968,29.583681584279166,0.6277338343385465,inf,inf,7.18425542640234e-16,0.0007153273976385368,0.0,0.5-1.0
969,65.6807013753902,0.62595460475129,inf,inf,6.215228995697137e-16,0.0015741652435108115,0.0,0.5-1.0
970,17.30861554214489,0.6748425326459202,inf,inf,5.678927711604846e-16,0.0004315384210826735,1.4901161193847656e-08,0.5-1.0
971,90.66520239024915,0.9091459344662018,inf,inf,5.452299577159766e-16,0.002317432272664048,0.0,0.5-1.0
972,96.00814551218794,2.4273965101944124,94.20619463895805,1.9740794612755004,7.436459897321892e-05,0.007005605885119122,2.1513247292613533,2.0-2.5
973,49.29936572367587,1.9987217614241077,31.211274968888237,1.4943115097945587,0.00010662123679047431,0.0033277847389904364,1.8570142011125128,1.5-2.0
974,46.539012592482074,2.3292867909867625,48.295363802890364,1.6839054419013644,7.364139775010832e-05,0.003556538095294833,2.2303332793702633,2.0-2.5
975,85.9616705835163,1.8913786867824034,57.52776434217733,1.7598774966967683,0.00010579168631027463,0.006085959199419027,1.9424764368594805,1.5-2.0
976,28.98377975776727,1.3847784510871401,inf,inf,1.9331075379524168e-16,0.0008350668635885001,0.0,1.0-1.5
977,80.31056804069271,2.4663386399118923,77.12574251450845,1.8871993581550937,7.462721759335368e-05,0.005755679568679191,2.1187587731932345,2.0-2.5
978,28.73076092409056,0.9244356747095133,inf,inf,6.671049864005936e-16,0.0007444404388720136,1.4901161193847656e-08,0.5-1.0
979,71.99647945239752,1.3996455392800486,inf,inf,1.4912266158601842e-16,0.0020623324984711837,0.0,1.0-1.5
980,33.401134182583206,1.5383395849116535,27.451046379480598,1.4385589035465178,0.00010193367389355167,0.0027981860096827375,2.207140225923975,1.5-2.0
981,60.26016712567582,2.2007452890491814,67.48136871849667,1.829183882762108,7.260365133100622e-05,0.0048993937657768015,2.326721079934183,2.0-2.5
982,92.58682462884565,2.4024858023041027,92.12672049970404,1.9643856115487945,7.418962830720061e-05,0.006834847151034401,2.1718078260294282,2.0-2.5
983,5.43247853857538,1.916882174726686,3.6272220171510856,0.5595741389475842,0.00010541259656698333,0.0003823548911528269,1.9223090570916328,1.5-2.0
984,80.7254627642757,2.0200889908345525,50.563755397272566,1.7038393217566392,0.00010676792005582629,0.005398586993978352,1.839850024727524,2.0-2.5
985,54.18455690828292,1.202538495618633,inf,inf,6.425413688651996e-16,0.0014850930927715477,0.0,1.0-1.5
986,37.90676303893259,1.9829839128682805,24.191279819673124,1.3836588449604348,0.00010650678125996472,0.002576535348152524,1.8696293875330392,1.5-2.0
987,35.027545712475714,2.6084219484229707,59.53260698378582,1.7747549010950467,4.637899997662869e-05,0.0027610627779096476,2.5211815977616014,2.5-3.0
988,6.941202325540985,1.5982272163465059,5.580052744799912,0.7466383040750857,0.00010192571282255326,0.0005687508536011759,2.1646098860197434,1.5-2.0
989,25.837869745066953,2.3791263643478993,26.069690083979598,1.416135868313801,7.399564556880387e-05,0.0019290435475427152,2.190758797521217,2.0-2.5
990,62.313702479523755,1.7701492702526034,44.584078589294705,1.6491797955888523,0.00010464511902788641,0.004665506210725387,2.036770526704241,1.5-2.0
991,9.758995940615467,1.7821038728317793,6.969990101582815,0.8432321613360273,0.00010450552232292406,0.0007284024561515227,2.027603973676185,1.5-2.0
992,66.94073403672536,2.0200875472100757,41.930054911454604,1.622525431154489,0.00010676718873591188,0.004476754086438423,1.839851185699148,2.0-2.5
993,96.22533391373423,0.8499292072057286,inf,inf,6.091284548508556e-16,0.0024258368502982955,0.0,0.5-1.0
994,98.0776103548191,1.0382179375342853,inf,inf,2.127937912253032e-16,0.0025823130121215925,0.0,1.0-1.5
995,88.92412174344906,0.9386626061781405,inf,inf,2.139893671189352e-16,0.0022885780928841573,2.1073424255447017e-08,0.5-1.0
996,80.66108542598354,1.8377460188231962,55.57127163715459,1.7448503348577282,0.00010531036608713369,0.005852230960036299,1.9845401891533805,1.5-2.0
997,17.79533111974726,2.1728989880391403,20.311940685524643,1.307751419650475,7.228677448683231e-05,0.001468284675724434,2.3464871633263003,2.0-2.5
998,97.01559537015942,2.268801429439283,104.28822273324887,2.018235266329136,7.3172599970774e-05,0.007631040403722999,2.276730115691762,2.0-2.5
999,20.272320262916633,1.021060951591009,inf,inf,7.5215045040049e-16,0.0005431100334005963,0.0,1.0-1.5
1000,86.90497571674405,1.3343195040583988,inf,inf,8.834732753847236e-16,0.0024507269816484824,2.580956827951785e-08,1.0-1.5
1001,87.78736682780394,0.8645495906447147,inf,inf,4.759982682172845e-16,0.0022210526470313728,0.0,0.5-1.0
1002,62.19083159380683,2.134774353591518,72.51353063737264,1.8604190511623335,7.202953010615256e-05,0.005223115538148049,2.3728952497684084,2.0-2.5
1003,52.13067322912591,1.5513326898393751,42.48164733738561,1.628201349308462,0.00010212084446602791,0.004338261700401805,2.198009478675343,1.5-2.0
1004,20.04251863355805,1.1821487102711314,inf,inf,1.1669226733055206e-15,0.0005575841346993243,2.1073424255447017e-08,1.0-1.5
1005,51.94683706037546,1.0623292039837777,inf,inf,8.686127122734046e-16,0.001378786692093534,0.0,1.0-1.5
1006,29.061989531698885,2.8726993618804166,42.42267953686988,1.6275980963192587,4.764738758887388e-05,0.0020213298544518275,2.319233641939122,2.5-3.0
1007,12.588070881542802,1.7044447233625029,9.3871435528429,0.9725334593626952,0.0001037600457248986,0.0009740104442691665,2.086551291286538,1.5-2.0
1008,12.819118014168474,2.9777974166189805,17.710065329857166,1.2482201632422565,4.8030433037838795e-05,0.0008506221069214551,2.221896312221312,2.5-3.0
1009,80.11709631216898,1.3030808432836312,inf,inf,9.094590855555975e-16,0.0022435594071407807,0.0,1.0-1.5
1010,92.24033800195133,1.0390375488247536,inf,inf,2.3363776304747286e-16,0.0024293900599113645,0.0,1.0-1.5
1011,14.186878961733084,2.289751627717895,15.107475799222389,1.1791919072214974,7.323232603731725e-05,0.001106355593329534,2.2608662985024663,2.0-2.5
1012,1.326104065532685,2.780320189906317,2.740228876294724,0.437786838572419,4.074016837534776e-05,0.00011163738580723706,2.396599416870015,2.5-3.0
1013,26.36327047994823,0.9095566822089203,inf,inf,3.63608522608211e-16,0.0006821709939695947,0.0,0.5-1.0
1014,13.443899125421266,2.6548934787513483,22.289727024747876,1.3481047498453511,4.6553838783154776e-05,0.0010376723584306408,2.489863101939615,2.5-3.0
1015,18.862652708034034,1.9685493931089648,12.132915699716337,1.0839651801027257,0.00010637302707472394,0.001290614970221269,1.8811774684919595,1.5-2.0
1016,58.33268994144378,2.760629985300194,90.63875555542805,1.9573139341554207,4.715359652585668e-05,0.004273943309066405,2.4121182608576923,2.5-3.0
1017,42.22941229236351,2.865553042538409,61.870652415498185,1.791484695605533,4.762304004196723e-05,0.0029464685574059064,2.3254904840645843,2.5-3.0
1018,42.922909513925035,1.567065950333062,34.644486269400716,1.5396341257208448,0.00010231204411235218,0.0035445482074447053,2.186880694492577,1.5-2.0
1019,20.561265565742737,2.8527418276462604,30.36155883650163,1.4823240655340912,4.754975428822589e-05,0.001443684662483166,2.3365921281488626,2.5-3.0
1020,66.45887792022674,0.9510336820346639,inf,inf,2.089870668109755e-16,0.0017169018918433104,0.0,0.5-1.0
1021,28.95102189778577,1.6096413395782871,22.777186639036092,1.3575000804719184,0.00010281268983968535,0.002341783825339843,2.1563777631701337,1.5-2.0
1022,39.914687857406825,1.6081409827504758,31.41878673528948,1.4971894103556933,0.0001028152428957029,0.003230330189677076,2.1574620965314066,1.5-2.0
1023,46.34140403806843,1.1128354341658118,inf,inf,2.567939713659052e-16,0.001245536610468995,0.0,1.0-1.5
1024,90.44244742720346,1.7098525446358561,66.98789256260935,1.8259963151126946,0.0001040085534544796,0.006967313804401091,2.082494407219242,1.5-2.0
1025,24.63557005278553,2.3816510129613526,24.82272359575652,1.394849431381638,7.401141058701181e-05,0.001837164787933442,2.1887227851055453,2.0-2.5
1026,71.86660264695759,0.7709029199653973,inf,inf,4.690407768033314e-16,0.001780415942747411,0.0,0.5-1.0
1027,30.936872363336263,1.7024702155166322,23.025339216021933,1.3622060370691609,0.00010389909302464252,0.0023923118611294124,2.0880306609745096,1.5-2.0
1028,89.44263131403662,1.8137903596851732,62.44123900849143,1.7954715120907672,0.00010508318349585607,0.00656152417643791,2.00315789326478,1.5-2.0
1029,39.407949300137524,0.9912922570031888,inf,inf,5.195547658681249e-16,0.0010315734364311198,0.0,0.5-1.0
1030,50.51617370363951,2.105194595548507,60.00004275784797,1.7781515598751572,7.176000889842173e-05,0.004305603602208855,2.3928630063243492,2.0-2.5
1031,87.72152695595487,1.1318858576266169,inf,inf,3.8820402559691715e-17,0.0023607209884757116,2.1073424255447017e-08,1.0-1.5
1032,67.27608986220697,1.9271479663452833,44.18100173767628,1.645235558620365,0.00010608770406701017,0.004687061037730663,1.9141643602177125,1.5-2.0
1033,9.435884114662564,1.9292717554505165,6.210356149585867,0.7931165066765313,0.00010592883227916741,0.0006578557749633773,1.9124775609301856,1.5-2.0
1034,13.683585795831965,2.372010492643686,13.889863307073545,1.1426979717796757,7.38704485911478e-05,0.0010260504333632465,2.196481369554912,2.0-2.5
1035,99.07324342083817,2.83713448983461,147.42519189113256,2.168571701735283,4.750471617874208e-05,0.007003391898384841,2.3499178524077626,2.5-3.0
1036,2.9105271976059277,2.8152339398599797,4.635837472767739,0.6661282016838308,4.610338073186711e-05,0.0002137277800180677,2.368250314005867,2.5-3.0
1037,30.08719232637034,1.7552415370905932,21.71968815861777,1.3368535855593622,0.00010446810058356724,0.0022690145671981957,2.04815611204412,1.5-2.0
1038,95.88943683582836,1.1569642838546375,inf,inf,6.564476778805229e-16,0.0025950051033742133,2.580956827951785e-08,1.0-1.5
1039,1.5106037624665891,1.1055737011272373,inf,inf,1.5736978761074174e-16,0.00012252753088398522,0.0,1.0-1.5
1040,16.139788056678384,2.4662788420830712,15.52341743617646,1.190987336142105,7.457111713551713e-05,0.0011575985799766439,2.118809274779509,2.0-2.5
1041,21.33642887515058,2.4005829892520922,21.274310333168675,1.327855490103088,7.413922156596816e-05,0.0015772608074539581,2.1733609209340377,2.0-2.5
1042,8.639077048613464,2.4851317399090993,8.254095311743589,0.9166694794584448,7.455787611510379e-05,0.0006154078156952375,2.1028141426783282,2.0-2.5
1043,47.19613621804771,2.5837021505934104,81.39946277279827,1.910621538604445,4.6251998798182936e-05,0.003764887854340202,2.537168765351913,2.5-3.0
1044,59.24379270411748,1.9125008815225915,39.207447869080006,1.593368573683817,0.00010596712153638948,0.004154700393474456,1.925780544558896,1.5-2.0
1045,31.8321548193363,2.743732837747615,49.96200972379356,1.6986398995659693,4.7064332365320564e-05,0.002351428631279998,2.4251696930624496,2.5-3.0
1046,10.86496607323495,2.1428995784357836,12.685901055759118,1.1033213197758225,7.187121947600565e-05,0.0009117511790293553,2.367330552427855,2.0-2.5
1047,81.09560776059575,2.07845098642487,97.92781099842101,1.9909060467359239,7.152304795167678e-05,0.007004095521842807,2.4105244681778344,2.0-2.5
1048,80.44713815973067,2.5925844696770985,137.97603588669926,2.139803663314859,4.6304692932830665e-05,0.006388937973822833,2.5314768932731715,2.5-3.0
1049,56.209990159353296,2.130202461269195,65.72871268788762,1.8177551266053085,7.198713971925811e-05,0.004731622023829939,2.376011267469654,2.0-2.5
1050,13.774210784254326,2.419653997880329,13.606352573504372,1.1337417203907938,7.422308458276589e-05,0.0010099054579261494,2.157720856333364,2.0-2.5
1051,54.19113103243616,2.8246288830081974,81.21168312114088,1.909618511384752,4.744692066405302e-05,0.003853244286042985,2.3604382584501202,2.5-3.0
1052,62.95239397040125,1.4885591712564326,inf,inf,3.9405088956290297e-16,0.0018416947544046506,0.0,1.0-1.5
1053,42.82923301965267,2.3777026414044924,43.22785523060222,1.6357636883529563,7.400292699632553e-05,0.0031989878148379848,2.1919056516202238,2.0-2.5
1054,86.38633875868791,1.2462566474349677,inf,inf,8.505628291983739e-16,0.0023870972313589263,2.1073424255447017e-08,1.0-1.5
1055,39.004539942119074,1.7161722519778544,28.792149104690235,1.4592740827132253,0.00010406191327460524,0.002996166123121778,2.0777439437946934,1.5-2.0
1056,51.088707237806595,2.6838781758468673,82.99866841476681,1.9190711248488703,4.677717952209512e-05,0.0038824436125323935,2.469467280953112,2.5-3.0
1057,11.414336127622793,2.933933713232453,16.15327051827124,1.2082604662484846,4.784438389344204e-05,0.0007728432758107885,2.263731073188752,2.5-3.0
1058,56.355079955223744,2.86892742731683,82.40482247573833,1.9159526281208759,4.763980372940601e-05,0.003925749569100719,2.322541828530069,2.5-3.0
1059,76.6448043801703,2.394082622971294,76.62839266782103,1.8843897160327798,7.412859498820785e-05,0.005680355084670262,2.1786540952244278,2.0-2.5
1060,73.12583219112547,2.620935963214152,123.30232596077867,2.090971269153749,4.645519450022421e-05,0.005728033534838018,2.512912329849464,2.5-3.0
1061,25.69808349545021,2.711281710926466,41.112163078444304,1.6139703273840635,4.689880501643882e-05,0.0019281113200199946,2.449556281762742,2.5-3.0
1062,99.18662220728697,2.0247951537749005,61.9825285824546,1.7922692893444907,0.00010679906349498899,0.006619676005657538,1.836064452810886,2.0-2.5
1063,71.9934146971703,1.1087934011651972,inf,inf,3.271128536773798e-16,0.0019282841328117646,0.0,1.0-1.5
1064,42.3752421459976,0.5442990563698922,inf,inf,3.3011742496128704e-16,0.0009996538580028683,0.0,0.5-1.0
1065,41.49085257214347,2.4028716125986795,41.28479185504683,1.6157900993610825,7.418419933940857e-05,0.003062679228660785,2.1714927226210823,2.0-2.5
1066,77.93253557488876,2.400746551414692,77.62307123349014,1.8899908220341186,7.417639092644221e-05,0.005757799276726435,2.173227484751307,2.0-2.5
1067,17.568234576343833,2.3275810584249483,18.277806848360825,1.2619240835862053,7.357085060021902e-05,0.0013447137969404143,2.231666514894377,2.0-2.5
1068,63.962741261989684,1.9502225562078768,41.50461687956451,1.6180964093336292,0.00010626895915425584,0.004410652435887478,1.8958057158660102,1.5-2.0
1069,71.88394790448505,2.144736098245157,83.29725016003233,1.920630664551611,7.211970933851153e-05,0.006007373470238815,2.366068015783486,2.0-2.5
1070,51.63400201113484,2.2960696720560474,54.62845928419566,1.7374189520465657,7.338446113021496e-05,0.0040088800469445865,2.256038932398468,2.0-2.5
1071,87.3198407791995,1.8291387496949778,60.44380463280826,1.781351793175761,0.00010522989906542471,0.0063604954606406635,1.9912424319136943,1.5-2.0
1072,46.863597995817386,2.1464051506922273,54.25945546917504,1.7344754310046566,7.212715479258645e-05,0.003913580143586639,2.3649190826666717,2.0-2.5
1073,46.48927485528,1.0607686723031144,inf,inf,3.4649386440729023e-16,0.001234543578977692,2.1073424255447017e-08,1.0-1.5
1074,28.467962982514926,1.8354067747004446,19.646863364108537,1.2932932248186408,0.00010526513286382261,0.002068129682380254,1.9863630962118952,1.5-2.0
1075,91.93716330824451,2.0715838102398823,111.49712566457255,2.0472636716522916,7.146082735145304e-05,0.007967676847299283,2.4149996525708026,2.0-2.5
1076,31.626980072958922,1.9217237055782892,20.83385799968397,1.3187696997523375,0.00010603128657436003,0.002209040768014014,1.9184697114243916,1.5-2.0
1077,69.52712726300845,1.142948657249682,inf,inf,8.710021641456755e-16,0.0018772168600795574,1.4901161193847656e-08,1.0-1.5
1078,40.93529367581328,0.8168767446671189,inf,inf,9.550029554029361e-16,0.0010288036174669023,0.0,0.5-1.0
1079,93.54241317181773,2.1362308034612747,108.9584466774445,2.0372609032671036,7.204656351204038e-05,0.00785008164871977,2.37190030531821,2.0-2.5
1080,94.79593669328659,0.7814315223206156,inf,inf,3.0241014397687728e-16,0.0023523701664189154,0.0,0.5-1.0
1081,3.0035232915902155,2.4856025701273543,2.9913126064087696,0.4758618012440018,7.30198968342453e-05,0.00021842533791894577,2.102412824465624,2.0-2.5
1082,99.45336061284367,0.9551863159174463,inf,inf,3.4108453384005916e-16,0.0025687374271739444,0.0,0.5-1.0
1083,60.4936095517219,2.4299075465171835,59.279553614059324,1.772904924666266,7.437922679911703e-05,0.004409167362810536,2.149244651767731,2.0-2.5
1084,7.38534737417268,1.389199696777816,inf,inf,3.686898662694347e-16,0.0002442050204855204,1.4901161193847656e-08,1.0-1.5
1085,49.70308188142568,2.7533047317264403,77.55913217323425,1.8896329410141437,4.711746148557947e-05,0.003654389423027332,2.4178063248688497,2.5-3.0
1086,4.947193975206343,1.0640723396564427,inf,inf,4.4407834028329333e-16,0.00017397480581856113,0.0,1.0-1.5
1087,54.88938158648783,0.894039792059361,inf,inf,2.727750441319639e-16,0.0014008522432892377,0.0,0.5-1.0
1088,18.545448914362527,2.18775333089654,20.972329638459364,1.3216466752403715,7.242334835817554e-05,0.0015188863352886323,2.3359932028737678,2.0-2.5
1089,36.79403386848023,2.4341322743384994,35.978272596162704,1.5560403079821903,7.440071743923341e-05,0.0026768092933788156,2.145738738947431,2.0-2.5
1090,30.470011654623054,1.3737066147091217,inf,inf,8.993851875642682e-16,0.0008747354653214038,0.0,1.0-1.5
1091,60.22120152796432,1.6799882091900307,45.39609078807357,1.657018455890901,0.00010367059992231341,0.004706239966127393,2.1048026507643196,1.5-2.0
1092,82.23619813043304,2.1545179775750296,94.71765729147192,1.9764309478462365,7.220716623869385e-05,0.006839293625784946,2.359313753930139,2.0-2.5
1093,93.653662634187,1.2379882180044162,inf,inf,3.071842910432821e-16,0.0025824942743532683,0.0,1.0-1.5
1094,32.88580830960226,1.472510254262221,inf,inf,3.215307191103606e-16,0.0009645222776630631,0.0,1.0-1.5
1095,56.968994454770915,1.9152088133572713,37.64846963792409,1.575747327381,0.00010598909150300643,0.003990327093402095,1.9236352603172275,1.5-2.0
1096,0.5899169583374331,1.257244490151693,inf,inf,4.7645250790373115e-17,0.00012092090211297957,0.0,1.0-1.5
1097,37.21635308614316,0.8649485788036924,inf,inf,6.227579340682922e-16,0.0009468760843132068,0.0,0.5-1.0
1098,96.07038232657506,2.7715109212181854,148.33794521183555,2.1712522588382273,4.7207030690515535e-05,0.007002593932183133,2.403583932761956,2.5-3.0
1099,11.883855084899487,0.8065882973817297,inf,inf,1.1615362075428857e-15,0.00031536731839058125,0.0,0.5-1.0
1100,86.9827775619146,2.9672740798642283,120.6175401814453,2.081410467423628,4.803500061702962e-05,0.00579386361704032,2.23208993769641,2.5-3.0
1101,65.25051968054208,2.611295238606848,110.66455847062656,2.0440085556112297,4.640341103511952e-05,0.005135212993732502,2.519293485897846,2.5-3.0
1102,29.3893728940116,1.6172752404209016,23.014598755153227,1.3620034076487686,0.00010290641853545031,0.0023683499319232517,2.150850187553238,1.5-2.0
1103,77.81609462719553,2.6517036139984143,128.82567883528097,2.110002439614695,4.661611362033857e-05,0.006005352481802704,2.492066738323957,2.5-3.0
1104,28.928136844306117,0.6607181618576897,inf,inf,9.745067166521794e-16,0.0007051633785737366,2.1073424255447017e-08,0.5-1.0
1105,89.48150582847101,1.9064070662416472,59.40671365671773,1.773835528134481,0.00010591914003635689,0.00629230802290564,1.9306042765136429,1.5-2.0
1106,8.275915705009373,1.383909696162687,inf,inf,5.134329306060233e-16,0.00026610342898611585,0.0,1.0-1.5
1107,11.899305513505254,1.2519006150566032,inf,inf,7.204734125746056e-16,0.00034992483249225487,0.0,1.0-1.5
1108,75.00121808513755,2.737023105954145,118.12240518234394,2.0723322813914606,4.7042252163826666e-05,0.0055567439707855295,2.4302847794313553,2.5-3.0
1109,44.91783025643671,0.5955937185450471,inf,inf,6.598400994252842e-16,0.0010716512756930256,0.0,0.5-1.0
1110,14.74633396620979,2.6551034733745498,24.431698282071068,1.3879536564493824,4.6568635766005575e-05,0.0011377508584427118,2.489717749793126,2.5-3.0
1111,51.3434045659475,0.69677843216967,inf,inf,4.1558382692505834e-16,0.0012525566773135919,0.0,0.5-1.0
1112,29.696912365513807,2.193597157416559,33.42074311292282,1.5240161022376186,7.252027710842722e-05,0.0024236815517187232,2.3318333957623625,2.0-2.5
1113,54.93152834658937,1.2140939271446194,inf,inf,3.357088598244705e-16,0.0015094595762954956,0.0,1.0-1.5
1114,74.3713923434042,1.8172792901363728,51.82057979062878,1.7145022677478783,0.00010511557585601337,0.005447150085884433,2.000453440940246,1.5-2.0
1115,85.68393595310215,2.813237447144524,129.2171735853923,2.1113202373256303,4.739818149804225e-05,0.006124659046264455,2.3699003511989174,2.5-3.0
1116,5.900016743630121,2.493519974511831,5.6444001437715094,0.7516177942516866,7.4393615212592e-05,0.00041990733240163667,2.09565097801031,2.0-2.5
1117,59.23547777246154,0.7479069070235651,inf,inf,1.4902164267367665e-15,0.0014609670880043999,0.0,0.5-1.0
1118,98.36658319081879,1.2630013132736833,inf,inf,5.595086076015018e-16,0.002727893366946268,0.0,1.0-1.5
1119,45.97974296271921,1.7200623736137672,33.8608951847329,1.5296984354223762,0.00010410977666822903,0.003525250235468854,2.0748147389989002,1.5-2.0
1120,76.95664567965946,2.292049245924799,81.60201267448201,1.9117008705509417,7.335718168543412e-05,0.005986093669659075,2.2591130888481747,2.0-2.5
1121,9.72606620692169,0.5139976520793367,inf,inf,2.335343174637925e-16,0.00024811367729650675,0.0,0.5-1.0
1122,87.35078776468845,2.659822940423973,143.91378234936928,2.1581023874852843,4.665839809814886e-05,0.006714786548667221,2.4864418367486576,2.5-3.0
1123,58.20528336945215,2.604595461751901,99.1182645621239,1.9961536894768515,4.636678753921423e-05,0.004595795514207626,2.523686358513701,2.5-3.0
1124,88.82631861009051,2.890498999198054,128.35171536067304,2.108401677188971,4.77319985026356e-05,0.006126483885406356,2.303449281034944,2.5-3.0
1125,78.71179114433383,1.006161863602666,inf,inf,2.7430214393848594e-16,0.0020582460060462873,0.0,1.0-1.5
1126,86.92397743206884,1.0330775688448262,inf,inf,5.470901482222002e-16,0.0022865380179315966,2.1073424255447017e-08,1.0-1.5
1127,5.729588108451211,2.5821328464366964,10.103192712195234,1.0044586369687132,4.5755891973689976e-05,0.00046228059432857694,2.53816830725785,2.5-3.0
1128,71.55241077057231,1.7868004710480232,50.71313228822472,1.705120435503117,0.00010481557198675456,0.005315525968030225,2.023994071231261,1.5-2.0
1129,19.69809080215299,1.1130894515046423,inf,inf,7.400678833898358e-16,0.0005397563314311866,0.0,1.0-1.5
1130,26.58103421083309,0.5424678945461996,inf,inf,1.3198319605210014e-15,0.0006317682576153106,0.0,0.5-1.0
1131,32.478287953217475,1.0414838241686615,inf,inf,6.6953293444327e-16,0.0008625080346906825,1.4901161193847656e-08,1.0-1.5
1132,59.13146514562763,2.187582377121633,66.749408996946,1.8244474247856552,7.249076119343327e-05,0.004838715467400419,2.3361146261160246,2.0-2.5
1133,62.78609166410405,2.3320537267234434,65.0436639700901,1.8132049974871969,7.36668647829921e-05,0.004791562798675003,2.2281675665503773,2.0-2.5
1134,93.14425457748973,1.3856538147651252,inf,inf,1.774014956922191e-15,0.0026575715842369935,0.0,1.0-1.5
1135,1.2718391585116118,2.7940854021563335,2.658465418915333,0.4246310154224647,4.040337306886852e-05,0.00010741097011112205,2.3855501785538094,2.5-3.0
1136,19.34384800220498,1.7742116791792368,13.824653749633109,1.140654262833386,0.00010462457263860936,0.0014463984904321125,2.0336591311091623,1.5-2.0
1137,36.200251650267056,1.793911581878576,25.56151234374899,1.4075865452263752,0.00010487277990680971,0.0026807068581111877,2.0185192210225886,1.5-2.0
1138,81.80068400396615,1.486601354844899,inf,inf,4.1236415428291217e-16,0.002389728729943062,0.0,1.0-1.5
1139,54.99087395815838,1.5083233472678703,inf,inf,3.621711625466882e-16,0.0016173182014655276,1.4901161193847656e-08,1.5-2.0
1140,51.199060198663595,1.3974644970888122,inf,inf,9.831507326571394e-16,0.001468433886130991,0.0,1.0-1.5
1141,76.01858968623381,2.561629415358499,132.85304258210488,2.1233715050126705,4.6136298493318746e-05,0.006129347628313577,2.5510615703440576,2.5-3.0
1142,65.50592379766748,1.6004531530001098,51.789750301701204,1.7142438171222631,0.00010273640791301641,0.005320692912708839,2.1630075834799665,1.5-2.0
1143,28.985581215727365,1.0784040492924833,inf,inf,6.909745080379155e-16,0.0007780754384053145,0.0,1.0-1.5
1144,8.7116420674188,1.5882078093066685,7.0071394012750385,0.8455407575110304,0.00010208770191090055,0.0007153427584454923,2.1718034643003867,1.5-2.0
1145,46.23067556167041,2.8139054961986307,69.70357988946775,1.8432550834970995,4.739753793852215e-05,0.003303778072261857,2.3693486228472054,2.5-3.0
1146,88.01663975261789,2.097389126347706,105.02896318032421,2.0213090782592693,7.16969263461113e-05,0.00753025383734814,2.3980561352839653,2.0-2.5
1147,59.814105737614696,0.7625721220108496,inf,inf,1.0393373954883628e-15,0.00148016688073662,0.0,0.5-1.0
1148,5.328906433272573,1.5478562259894306,4.479272228301176,0.6512074575454488,0.00010061533102931657,0.0004506834580209473,2.2004578583450756,1.5-2.0
1149,44.00770478391518,1.666593549149901,33.44308464608855,1.5243063280669624,0.00010350988731967572,0.003461689923339003,2.1147307212686077,1.5-2.0
1150,38.46120837668325,0.5347697477942854,inf,inf,4.675185219240069e-16,0.0009063254643636826,1.4901161193847656e-08,0.5-1.0
1151,58.24249432189662,2.9035789443725317,83.5680916702783,1.9220404848938637,4.7784191695766664e-05,0.00399323371202198,2.2916678839753644,2.5-3.0
1152,58.71267301008034,2.7904335671693925,89.69470559815434,1.9527668087367747,4.729270340391428e-05,0.004241905108754923,2.3884976230556476,2.5-3.0
1153,95.13320273504348,0.7538324713113684,inf,inf,7.23574057770206e-16,0.002345724370187087,2.1073424255447017e-08,0.5-1.0
1154,33.8093853210634,1.8806185977531977,22.762746422676486,1.3572246603704372,0.00010568470942759626,0.0024056742414546206,1.9509548877275678,1.5-2.0
1155,40.80954961114723,1.281290840874254,inf,inf,2.901090950834281e-16,0.0011417914276908635,0.0,1.0-1.5
1156,61.35139109766909,1.0295491557008092,inf,inf,3.7902050377491445e-16,0.001614545452876145,0.0,1.0-1.5
1157,88.6390621049156,1.1855835174849152,inf,inf,2.2068606036380087e-16,0.002415116231554003,0.0,1.0-1.5
1158,70.61439487540252,0.6338531860070385,inf,inf,4.448313000397623e-16,0.0016950056185816432,0.0,0.5-1.0
1159,47.08854387873275,2.220532385372784,52.1110254854461,1.716929619670088,7.276656763958933e-05,0.003791940460755077,2.3124316190053724,2.0-2.5
1160,81.4566048255235,1.4166474091062455,inf,inf,7.000227564326463e-16,0.0023415719565360116,0.0,1.0-1.5
1161,48.53060911653192,2.249428232955522,52.78362813830363,1.722499238598896,7.300731481956302e-05,0.003853590956811878,2.2912021969177836,2.0-2.5
1162,96.3522897807787,2.5383050824329305,170.79833429517282,2.2324836309317777,4.6008630751565606e-05,0.007858197495569071,2.5653595735201598,2.5-3.0
1163,28.249944782075676,1.9316704345113884,18.513862871410524,1.2674970426702303,0.00010610795012599157,0.001964468038199075,1.9105716975309792,1.5-2.0
1164,12.739189762244763,1.3590312840365122,inf,inf,8.123081368690576e-16,0.00038113287519408795,0.0,1.0-1.5
1165,83.03998960838011,0.8500230524919965,inf,inf,4.733926408612356e-16,0.002094205268293433,0.0,0.5-1.0
1166,29.729901416739313,2.1286046727686587,34.82139432306729,1.5418461572089477,7.194958141321638e-05,0.002505384745769241,2.3770976882347608,2.0-2.5
1167,84.73962590424247,2.186782896053712,95.69305855740296,1.9808804357961511,7.248774634414671e-05,0.006936574155604603,2.3366822718083644,2.0-2.5
1168,60.940482772439495,2.4530374893625977,58.95637001636367,1.7705307358687328,7.453686508950595e-05,0.004394422998076693,2.129955120338849,2.0-2.5
1169,50.89593123644192,0.8442303348712552,inf,inf,4.986867335899608e-16,0.0012847264390995906,0.0,0.5-1.0
1170,8.703178559319936,0.6153904947498039,inf,inf,8.451588742484927e-16,0.00023191107062403893,1.4901161193847656e-08,0.5-1.0
1171,78.63155024323434,2.6978001276789336,126.69074459253713,2.1027448886071154,4.685005103809667e-05,0.005935467850214834,2.459428961626846,2.5-3.0
1172,6.592438214042384,2.0160224206795823,4.157487962223912,0.618831000417763,0.00010648556609737074,0.00044271245920041754,1.843119686458981,2.0-2.5
1173,96.51511417369582,0.7354568451595209,inf,inf,2.8463379824976724e-16,0.0023696519032073873,0.0,0.5-1.0
1174,87.69745940319858,2.27253915835652,94.0646437000454,1.9734264148047487,7.320219940597232e-05,0.00688573880518246,2.273916063895312,2.0-2.5
1175,30.296859244933206,0.6407082611568198,inf,inf,9.160559134828859e-16,0.0007344114014137964,0.0,0.5-1.0
1176,12.786616691262164,2.08026613298983,15.501584021614834,1.190376078602379,7.135817457004675e-05,0.0011061647387266386,2.4093374932490184,2.0-2.5
1177,88.56744506113411,1.8871829227262475,59.40448112791214,1.7738192068620147,0.00010575569893839323,0.006282362421754939,1.9457847234016887,1.5-2.0
1178,47.98505661719433,2.288173564183996,51.00587902151444,1.707620236479358,7.332051991959218e-05,0.0037397775688132583,2.2620689171662978,2.0-2.5
1179,12.487377819398093,0.7350921256625227,inf,inf,4.835990154633007e-16,0.0003241500118956983,0.0,0.5-1.0
1180,49.85221835063387,2.7714668209831785,76.98797852421465,1.8864229164947064,4.7203303941320444e-05,0.003634086950106355,2.4036187287213533,2.5-3.0
1181,24.68192760752792,2.8509473923146658,36.471349939786215,1.561951838459103,4.754925956288903e-05,0.0017341856848958521,2.3381353391508943,2.5-3.0
1182,40.783539481078876,2.961689416765606,56.729484082638336,1.75380883395987,4.801035723740013e-05,0.002723602796700871,2.2374594878856904,2.5-3.0
1183,64.02410497095511,2.414960759182393,63.264659607737926,1.8011611756828232,7.427561511396684e-05,0.004699021507340467,2.161584963234618,2.0-2.5
1184,91.53647817683371,1.2790942936252085,inf,inf,1.299466899546228e-15,0.002548314112409563,2.580956827951785e-08,1.0-1.5
1185,80.09298310038372,2.946326510013304,112.30465765573307,2.0503977683027474,4.7955070062141856e-05,0.005385577726185535,2.252086489167267,2.5-3.0
1186,16.10088984574176,2.0356037340417172,20.0437489634102,1.301978954812385,7.100553404156218e-05,0.0014232170993419497,2.438048585421488,2.0-2.5
1187,47.733572908752045,2.296121754790593,50.50221013798938,1.7033103846479616,7.338347435584452e-05,0.003706027642574615,2.255999055188494,2.0-2.5
1188,49.19280004203891,2.1533465606965096,56.71140808559238,1.7536704305025568,7.218954666127878e-05,0.004093970840221694,2.360125228582298,2.0-2.5
1189,98.94827748174283,1.0166195235393776,inf,inf,3.8636890412681475e-16,0.002592231373762629,0.0,1.0-1.5
1190,8.689784211301276,2.6328290324627015,14.673233626899172,1.1665258324230674,4.631980328973491e-05,0.0006796612952222931,2.5049419491508673,2.5-3.0
1191,51.07676458940533,2.1170860414851713,60.217670716352764,1.7797239525284623,7.186765996436221e-05,0.004327703082888772,2.384890469263855,2.0-2.5
1192,91.43630935284517,1.0522173901571101,inf,inf,5.131708814615316e-16,0.0024156014380690627,2.1073424255447017e-08,1.0-1.5
1193,39.88492456658352,1.4449530710550216,inf,inf,5.279642629586135e-16,0.0011592060110769509,0.0,1.0-1.5
1194,26.171783982614873,0.8588684915062248,inf,inf,2.232094971737468e-16,0.0006694645696727112,2.1073424255447017e-08,0.5-1.0
1195,55.59334773419046,1.5821041067322454,44.451002770305465,1.6478815626672685,0.00010250777222218961,0.004556573267026392,2.1761705779540463,1.5-2.0
1196,32.00883875862217,2.9738628498215913,44.24380129302323,1.645852433162436,4.8053347179702564e-05,0.0021260627440834188,2.2257191503643923,2.5-3.0
1197,92.70791327874011,1.4593672407423255,inf,inf,1.0364787404297671e-15,0.0026905605008736943,0.0,1.0-1.5
1198,8.479876886212379,1.488596295818657,inf,inf,3.9666619297499957e-16,0.00027790298163694866,0.0,1.0-1.5
1199,20.67078766587661,2.507620426839318,19.425933591545252,1.2883818997464882,7.486314345830507e-05,0.0014542864532753597,2.083546982080991,2.5-3.0
1200,8.38709717464019,0.706977755314415,inf,inf,8.304343362535604e-16,0.00022999828466971822,1.4901161193847656e-08,0.5-1.0
1201,71.18892006455336,0.7992671834226182,inf,inf,9.386834983680541e-16,0.0017752781656307393,0.0,0.5-1.0
1202,29.314186122121622,2.3644278851807057,29.82165919833509,1.4745318027868395,7.38931956543238e-05,0.00220361769787914,2.2025530662302097,2.0-2.5
1203,90.01690139594191,0.8258378903059556,inf,inf,5.365765194719151e-16,0.0022570581500590053,2.1073424255447017e-08,0.5-1.0
1204,89.36314265000908,2.028384194266849,111.38301047516927,2.046818951882749,7.105732539106359e-05,0.007914578818370347,2.4425931190637087,2.0-2.5
1205,93.63866543602676,2.5419093781233304,165.6225922179991,2.2191195776565054,4.6028537362122376e-05,0.0076233656739177315,2.563175410713195,2.5-3.0
1206,25.612850632687902,1.907648875414508,17.000814931834128,1.2304697397262734,0.00010590573618422892,0.001800483821087725,1.9296217327623029,1.5-2.0
1207,0.06567583558413359,0.7004653239754117,inf,inf,8.167767359513997e-18,0.00010537065925123274,0.0,0.5-1.0
1208,38.76054175815396,1.0161046166652483,inf,inf,6.702663962583709e-16,0.0010206616753734598,1.4901161193847656e-08,1.0-1.5
1209,96.2563041571862,1.8509467537712792,65.83712649823201,1.8184708675688115,0.00010543348231145807,0.006941437512088572,1.974234031268909,1.5-2.0
1210,76.37419254383909,2.885284922543346,110.6749431146568,2.0440493074297694,4.770994239248654e-05,0.005280295160292001,2.308102631520324,2.5-3.0
1211,5.965988001432255,2.134622329245688,7.112428941690801,0.8520179405088237,7.123630850609836e-05,0.0005066631823179886,2.3729990384464816,2.0-2.5
1212,70.25722410525192,2.2422341954838805,76.73208133241219,1.884976978455162,7.295338542831019e-05,0.005597865104159912,2.296527572196294,2.0-2.5
1213,91.70635327943232,1.9885870774597423,58.35177383849883,1.7660540627217913,0.0001065538194355283,0.006217604373330188,1.8651407901191077,1.5-2.0
1214,96.771996622623,1.3149156310943808,inf,inf,4.179379744703243e-16,0.0027161258567161574,0.0,1.0-1.5
1215,71.59886561456308,2.019282182710759,44.86540778050399,1.6519116193959906,0.0001067622002490672,0.004789929649718225,1.8404988330606933,2.0-2.5
1216,86.29954288758499,0.5239111840672107,inf,inf,1.0628605286706808e-15,0.0020183264407291754,0.0,0.5-1.0
1217,84.17021028999304,1.5354146445587435,69.25973221568212,1.8404808080699766,0.0001019274761562251,0.007059469704000475,2.209188150748257,1.5-2.0
1218,35.83377876681367,2.529648368362349,63.891713985037136,1.8054445388483578,4.59486177322423e-05,0.0029357359421562307,2.5705681017391524,2.5-3.0
1219,9.904386591935154,1.0111388405828827,inf,inf,3.9663360872091715e-16,0.0002825615510824491,0.0,1.0-1.5
1220,72.74641672539296,2.120983480547765,85.54453811948136,1.9321922857614593,7.190830564534068e-05,0.006151362793385163,2.382261441629373,2.0-2.5
1221,13.691331786558303,2.30109460433416,14.485288575508935,1.1609271516283381,7.331614417664183e-05,0.0010620055056422759,2.2521853597157397,2.0-2.5
1222,38.41987780017082,0.8912426219584095,inf,inf,7.703573971989028e-16,0.000983044902704332,1.4901161193847656e-08,0.5-1.0
1223,99.5735957472479,2.644526044920878,165.54259041696594,2.218909746773135,4.6579924876687466e-05,0.007710961425514516,2.496995803292439,2.5-3.0
1224,55.97855251287702,1.1096294244383675,inf,inf,5.583947970649099e-16,0.0015013955848151642,0.0,1.0-1.5
1225,52.17400365573961,2.9066989582868112,74.73641614814927,1.8735322681938373,4.779624392597114e-05,0.0035721199763698312,2.2888347808158165,2.5-3.0
1226,94.78799472195193,1.3613712080922211,inf,inf,5.993589405888356e-16,0.0026892480188748817,1.4901161193847656e-08,1.0-1.5
1227,28.404008918256864,2.028981007445765,35.4254800797345,1.5493157444400854,7.10269098892962e-05,0.00251616238140836,2.442218453358339,2.0-2.5
1228,99.94309254399342,2.8715366540117166,145.91901088095875,2.1641118771082617,4.76529418479885e-05,0.006953470140026329,2.3202547650111893,2.5-3.0
1229,91.19798088890762,2.5498621086195516,160.5234016667128,2.205538354335097,4.607244562264242e-05,0.007395705694451213,2.558323569341111,2.5-3.0
1230,36.39040091648421,1.7143457622110023,26.892528395353324,1.4296316358614212,0.00010403900927947454,0.002797872011272697,2.0791179433477174,1.5-2.0
1231,32.72398146392778,0.986140509332813,inf,inf,4.288030886829567e-16,0.0008578850354073717,0.0,0.5-1.0
1232,12.656336597968465,2.0370624492120637,15.774911572697754,1.1979669334567709,7.094300939910164e-05,0.001119119699971894,2.437127106626103,2.0-2.5
1233,91.56401148211782,1.9696095491927232,58.82463862958063,1.7695592679065186,0.00010641674618544983,0.00625992663849489,1.8803300800641765,1.5-2.0
1234,18.58099234064713,0.659889170683444,inf,inf,8.92472954375158e-16,0.0004598624073604083,1.4901161193847656e-08,0.5-1.0
1235,0.8978659346426388,1.456247932058163,inf,inf,9.501094997117907e-17,0.0001281169162990914,0.0,1.0-1.5
1236,89.00765852910233,2.801757757195672,135.09837894727332,2.130650137930411,4.7346376517257466e-05,0.006396418716508732,2.3793196030869983,2.5-3.0
1237,59.81151312628885,1.8143835965862807,41.74437091816836,1.6205979206819332,0.00010508537378588782,0.004386722821392467,2.00269821770878,1.5-2.0
1238,67.18486532021029,0.952626134898749,inf,inf,1.1212300590490482e-15,0.0017362165708931958,0.0,0.5-1.0
1239,73.31411521185218,2.109759726425297,86.81588941529834,1.938599218884438,7.180736214980287e-05,0.006234020011601566,2.389811049295093,2.0-2.5
1240,4.266160494784666,1.6346844716478222,3.4380744219534014,0.5363152733672858,0.0001011126780145845,0.000347632912017153,2.138180040554295,1.5-2.0
1241,9.185499813063258,2.784512722789593,14.16054232227057,1.1510798863381664,4.713035262183956e-05,0.0006673913529650949,2.393251623665981,2.5-3.0
1242,49.983690504612575,1.7251245197475267,36.70014626422745,1.56466779508643,0.0001041668127309055,0.003822937263102622,2.0709973247595403,1.5-2.0
1243,5.026095136509634,0.5653175425698806,inf,inf,2.447812733793025e-16,0.00015645310949518232,1.4901161193847656e-08,0.5-1.0
1244,50.43215963913392,0.9035854325191843,inf,inf,4.887265662991759e-16,0.0012906742726379926,0.0,0.5-1.0
1245,73.63386815669612,0.9385192079042857,inf,inf,1.0025059744410429e-15,0.001896028090679324,0.0,0.5-1.0
1246,65.74091487238533,2.878051421295568,95.64594726480226,1.9806665727133224,4.767912990196817e-05,0.004560315544235304,2.3145175964361835,2.5-3.0
1247,61.66476544061984,1.3983278019768144,inf,inf,1.886809855147568e-16,0.0017669995199677067,0.0,1.0-1.5
1248,4.640571509782121,1.3720882379833639,inf,inf,4.617643814867966e-16,0.00018033614462015362,0.0,1.0-1.5
1249,23.665488174777003,2.940238319427546,33.309600755856685,1.5225694273303998,4.791818019478933e-05,0.0015961354512356316,2.2578243867560444,2.5-3.0
1250,89.7494693795536,1.0154585134227272,inf,inf,7.493131044103897e-16,0.0023510962670357694,0.0,1.0-1.5
1251,12.322050119446338,2.055012065439726,15.187087168409672,1.1814744856473458,7.110421794053792e-05,0.0010798659559045482,2.4256985589655087,2.0-2.5
1252,53.32237079242497,2.8693179598240977,77.95470307489582,1.8918423216782987,4.7641102555606036e-05,0.003713848003882929,2.3221999056064972,2.5-3.0
1253,5.004841173559294,2.7749129456670274,7.870056163279194,0.8959778316367274,4.674873426204075e-05,0.000367915164204475,2.4008945881670654,2.5-3.0
1254,93.92026110747267,0.9009085044253,inf,inf,5.371396110814489e-16,0.0023958847137793373,2.1073424255447017e-08,0.5-1.0
1255,17.156345787630933,1.6776630070716707,12.975774108983988,1.1131332764420128,0.00010354364666939347,0.001343558969602502,2.1065295895223795,1.5-2.0
1256,41.0021903115835,1.1301564682157568,inf,inf,7.492042554806563e-16,0.0011077768076198581,2.1073424255447017e-08,1.0-1.5
1257,54.678114116938694,2.2498941873611082,59.44985747178907,1.774150817755556,7.30132854346222e-05,0.004340629412635343,2.2908563634508434,2.0-2.5
1258,71.86517009313407,1.115147567951757,inf,inf,4.847477545240301e-16,0.0019276880766215924,0.0,1.0-1.5
1259,93.74523668647308,0.9423296149699973,inf,inf,6.619713463427485e-16,0.002414413406798924,0.0,0.5-1.0
1260,73.63632748455937,1.1797913359508323,inf,inf,4.655945248174402e-16,0.0020047311349229787,0.0,1.0-1.5
1261,34.73683709434846,0.8267815444387909,inf,inf,6.7684280425562785e-16,0.0008769005320125239,2.580956827951785e-08,0.5-1.0
1262,7.533961065523043,2.291062040749745,8.0787985647793,0.9073467796504903,7.296052311015564e-05,0.0005894333693878723,2.259866704608347,2.0-2.5
1263,70.74051066996788,1.1987640015420047,inf,inf,4.696753542003955e-16,0.0019346280010048575,1.4901161193847656e-08,1.0-1.5
1264,97.25103193788475,1.500113277931807,inf,inf,9.888819714778795e-16,0.0028488094929105577,1.4901161193847656e-08,1.5-2.0
1265,1.7016047011542135,1.1883413892282757,inf,inf,1.1464749189051054e-16,0.00012670028864088275,0.0,1.0-1.5
1266,77.46795980362481,1.4505055031400578,inf,inf,1.7897869378713473e-16,0.002244727066533663,0.0,1.0-1.5
1267,17.614190795357445,1.2631514743439487,inf,inf,8.829141883014861e-16,0.0005025511498243471,1.4901161193847656e-08,1.0-1.5
1268,45.9953666993709,1.3837091233580328,inf,inf,6.079897323406645e-16,0.0013161197426739652,0.0,1.0-1.5
1269,52.26366751448916,2.2723073446570976,56.07417886508219,1.7487629226121204,7.319493187397958e-05,0.0041043457019190365,2.27409079662877,2.0-2.5
1270,61.44262299903281,0.9345963019575025,inf,inf,5.405983828700303e-16,0.00158186602531881,0.0,0.5-1.0
1271,98.95368240333909,2.2166802845831217,109.73624939233069,2.0403501126301506,7.274292016108111e-05,0.007982535228322797,2.3152292977960016,2.0-2.5
1272,68.74021092637729,1.3683253001839952,inf,inf,7.974486603033992e-16,0.001955208670091642,0.0,1.0-1.5
1273,39.238741916276844,0.7339292959753936,inf,inf,8.311446330700835e-16,0.0009679281828675274,0.0,0.5-1.0
1274,71.50207931736536,0.799368208756956,inf,inf,4.1914867645729274e-16,0.001783100464580132,1.4901161193847656e-08,0.5-1.0
1275,46.67312874182642,2.7512323318710066,72.91980463381661,1.86284549642604,4.710690587195905e-05,0.0034350263730868425,2.4194071967295674,2.5-3.0
1276,41.311998935359696,0.6048934075086103,inf,inf,8.545055999242964e-16,0.000988570344103161,1.4901161193847656e-08,0.5-1.0
1277,36.565321654956016,1.1906822554143075,inf,inf,5.00237621707396e-16,0.0010032297106569216,1.4901161193847656e-08,1.0-1.5
1278,49.34060946326135,2.6588168311743714,81.35316856994271,1.910374472646486,4.664915522875018e-05,0.0037950565889699377,2.4871416900055507,2.5-3.0
1279,28.118215894844734,0.6986714854736304,inf,inf,6.927798287480376e-16,0.0006918967481108252,0.0,0.5-1.0
1280,24.21003422492174,1.0274678744002428,inf,inf,9.267730135700462e-16,0.0006453151781591585,2.1073424255447017e-08,1.0-1.5
1281,14.846665573514862,1.17200706008113,inf,inf,4.2360028668618867e-16,0.00041955818703471237,0.0,1.0-1.5
1282,44.02246210823778,2.5894709475182998,75.66478976252363,1.87889382970841,4.628208855120163e-05,0.003501924499997173,2.5334787447905,2.5-3.0
1283,29.326131231246222,0.7893875759421599,inf,inf,1.478530122363004e-15,0.0007362068119740355,0.0,0.5-1.0
1284,83.69415194641387,2.863895072573687,122.7117802899878,2.0888862568537885,4.762007952401236e-05,0.005843544735942352,2.3269355213035805,2.5-3.0
1285,84.78941543576993,0.799724700013462,inf,inf,1.1521461328929215e-15,0.0021135142709704543,0.0,0.5-1.0
1286,34.3876671539892,1.913800644293203,22.74609823802381,1.3569069104866598,0.00010596856451336491,0.0024103713785633618,1.9247509759708576,1.5-2.0
1287,61.91420848214886,2.433149500983295,60.56188919773907,1.7821994143017277,7.440177703871841e-05,0.004505912177133751,2.146554997442233,2.0-2.5
1288,90.22908318255087,1.8964967569035522,60.218893342934436,1.7797327701160781,0.00010583562814744079,0.006373304403293207,1.9384371615662817,1.5-2.0
1289,35.91619271034172,1.76867675854318,25.72534769906466,1.4103612533184227,0.00010461655124702562,0.0026912971559067507,2.037897402718801,1.5-2.0
1290,55.471572936216674,1.5939252282665204,44.03423383722769,1.6437904443454334,0.00010265322666418686,0.004520256187076741,2.1677023236995976,1.5-2.0
1291,44.35586187955977,1.1316867309442975,inf,inf,9.051873736063974e-16,0.0011978457418694603,0.0,1.0-1.5
1292,65.02652279363025,2.9814111669566192,89.50581462302088,1.9518512495803315,4.8086773822566503e-05,0.004304045863581771,2.2183730566354596,2.5-3.0
1293,95.97708733718659,1.5095978086025417,inf,inf,1.0296468505279979e-15,0.002817730357404736,0.0,1.5-2.0
1294,13.862368738110241,2.098891311036701,16.596004610795323,1.2200035468150872,7.155969121222442e-05,0.001187604965305166,2.397059164664829,2.0-2.5
1295,96.53853294457348,1.956154828617007,62.44917423977557,1.7955267001083952,0.00010631622690190986,0.006639360578312884,1.8910749925975967,1.5-2.0
1296,66.57335159384915,2.904647657579143,95.46367094916725,1.9798381306620427,4.7789164627992275e-05,0.004562129086982237,2.290698438291187,2.5-3.0
1297,79.58705116186644,1.1101361393497384,inf,inf,7.572521866266948e-16,0.002131635922385673,0.0,1.0-1.5
1298,63.512181074104866,0.8874509086303318,inf,inf,4.198365622836779e-16,0.0016171861052612488,1.4901161193847656e-08,0.5-1.0
1299,87.0316995861133,2.7478387036519223,136.2157149675128,2.1342272142578915,4.709477752696897e-05,0.0064150487920720325,2.4220207520824975,2.5-3.0
1300,32.62387364362019,1.7724206560876277,23.31944118876479,1.3677181390739548,0.00010465080257637386,0.002440398236036785,2.035031331819943,1.5-2.0
1301,70.80476507056547,2.102935493261257,84.20293631153031,1.9253272364124738,7.174520817344552e-05,0.0060411571944861174,2.3943692886462906,2.0-2.5
1302,26.41130316191659,2.0628745410221754,32.243708173766265,1.5084449818550485,7.133937532495535e-05,0.002300245999276642,2.420640160851481,2.0-2.5
1303,50.865723527657444,2.4558857293821776,49.13479449806086,1.6913891439935214,7.455415075949631e-05,0.0036632028765452994,2.1275638791388776,2.0-2.5
1304,68.14904623377966,2.5943997065233226,116.76034413186638,2.067295366329255,4.631346970368532e-05,0.005407576660543065,2.5303064410325913,2.5-3.0
1305,20.112429198910753,2.2535892286304264,21.849765071628052,1.3394467718032792,7.299302233023147e-05,0.001594880389783658,2.2881099666260205,2.0-2.5
1306,6.115941603261977,0.5123906212613276,inf,inf,2.4743216083553935e-16,0.00017457550795538687,0.0,0.5-1.0
1307,79.09481120131086,2.593021993062369,135.62131859767942,2.1323279625517717,4.630695909625856e-05,0.006280210852883391,2.531195006395216,2.5-3.0
1308,80.89462933341484,0.6060428567094327,inf,inf,5.513878570158626e-16,0.001928478482066212,0.0,0.5-1.0
1309,66.56648601248013,2.6442053499293365,110.69772200876079,2.0441386838488738,4.657639865898011e-05,0.005155901230920999,2.4972150885856723,2.5-3.0
1310,32.143161591049044,0.5027363205549874,inf,inf,3.6189986515420845e-16,0.0007538895319836935,0.0,0.5-1.0
1311,65.81730055657138,2.4360670635219286,64.27452248186904,1.8080388587997733,7.442230301740225e-05,0.004783457988444492,2.144130533501225,2.0-2.5
1312,8.388038458990188,2.0968153516357804,10.13130999156462,1.0056656038326481,7.1271577949974e-05,0.0007220744497991483,2.3984366287577066,2.0-2.5
1313,66.25096286358234,0.5649012326342089,inf,inf,3.818622031496282e-16,0.001565545329894391,0.0,0.5-1.0
1314,57.619855012702125,2.3843183591909316,57.93075278282401,1.7629091719877916,7.405568723888808e-05,0.00429010170959816,2.186568467115163,2.0-2.5
1315,61.72043236820915,1.9488509959866125,40.07818644404758,1.6029080612832785,0.00010625813439938048,0.004258633321655037,1.8968988627304237,1.5-2.0
1316,44.69842664486294,0.8026031259344475,inf,inf,3.568276618836412e-16,0.001118683861880986,0.0,0.5-1.0
1317,22.515831898878503,2.6919686761901565,36.440247273958974,1.5615813153193894,4.67959039985537e-05,0.0017052543131157423,2.4636529817449304,2.5-3.0
1318,72.58771906639205,1.9779135882010574,46.43761754967339,1.6668699304556036,0.00010647654502419674,0.0049445170758442274,1.8736883509941766,1.5-2.0
1319,46.41303073404364,1.6566220786351624,35.47961634168155,1.5499789149479777,0.00010339642366309007,0.003668465442668399,2.122089419531814,1.5-2.0
1320,74.53799296902562,2.863385415732169,109.3194449117115,2.0386974178212753,4.761753823251243e-05,0.0052055228476404584,2.327379226036533,2.5-3.0
1321,36.41800923238168,1.0078343249040331,inf,inf,6.475462599196349e-16,0.0009579303196402833,0.0,1.0-1.5
1322,8.77892601411563,0.9408133697239878,inf,inf,2.0493202661514701e-16,0.00025175587246453117,0.0,0.5-1.0
1323,54.24575954988368,2.7309894942121327,85.73951619860144,1.9331810285929656,4.701096705777954e-05,0.004030697571562407,2.4348518674477977,2.5-3.0
1324,62.276135937439925,0.9011029526678905,inf,inf,1.0586553795726156e-15,0.0015908676791265746,0.0,0.5-1.0
1325,92.17771096681203,2.544116339096545,162.8187999042194,2.2117045493448018,4.6040709906485274e-05,0.007496293133712238,2.561833480900637,2.5-3.0
1326,88.7754744536047,1.0246991564165189,inf,inf,2.993175523569109e-16,0.002330608819150945,0.0,1.0-1.5
1327,5.714915343670257,2.5348384587546704,10.388957286319561,1.0165719606926624,4.546201354912015e-05,0.00047230291691189045,2.5674516680673873,2.5-3.0
1328,77.1840387270744,1.5202131548415838,inf,inf,8.390532972506184e-16,0.0022728187974270235,0.0,1.5-2.0
1329,26.13628002271684,2.043421018855228,32.305109959027284,1.5092712236153925,7.115614534435299e-05,0.002298707099609851,2.433097578799771,2.0-2.5
1330,69.7198378526479,2.018021688645662,43.71530588753293,1.640633521608155,0.00010675380374087537,0.004666775185190024,1.8415123751279168,2.0-2.5
1331,37.94819683413496,1.4868439633724755,inf,inf,3.718525563081861e-16,0.0011143172248195307,2.1073424255447017e-08,1.0-1.5
1332,32.207835521267945,1.796148308262982,22.7159731942662,1.3563313475273073,0.00010489020247371507,0.002382683027734066,2.0167949229011555,1.5-2.0
1333,48.828372880348134,2.1235272988659553,57.3386168123961,1.7584472121893064,7.192447708236401e-05,0.004124050030857635,2.380541236094905,2.0-2.5
1334,53.05311582810596,0.8410457739691108,inf,inf,5.910236664921348e-16,0.0013378109459809852,0.0,0.5-1.0
1335,69.44832437782212,2.7897379764059145,106.13294096402362,2.025850198779313,4.7290457563047486e-05,0.005019075340700583,2.38905771965274,2.5-3.0
1336,63.78834487426083,2.558370383543888,111.70658703769946,2.0480787830509626,4.6117182734034324e-05,0.005151593087012896,2.5530827976578725,2.5-3.0
1337,67.82555033725242,1.020334140644094,inf,inf,8.352343493719796e-16,0.001780324792729622,0.0,1.0-1.5
1338,38.40768255668235,1.0631140797272915,inf,inf,1.0528257981794506e-15,0.0010225251699409474,2.1073424255447017e-08,1.0-1.5
1339,67.73403776139104,1.4863737793775642,inf,inf,6.708551577639138e-16,0.001979948340747259,0.0,1.0-1.5
1340,34.53873256991968,2.4291042110556313,33.86924694227213,1.5298055405344564,7.436431864740631e-05,0.0025186634719628165,2.149910416420362,2.0-2.5
1341,60.75332473535611,1.792026945467074,42.934395996897514,1.632805357602515,0.00010486598302326505,0.004502357641724793,2.019971263357981,1.5-2.0
1342,45.95329670762053,1.287248981172285,inf,inf,1.561213849592867e-16,0.0012859604327423561,0.0,1.0-1.5
1343,56.279856417756115,2.421246339154096,55.41871052316181,1.7436564164445805,7.43183962635877e-05,0.004118629689077397,2.1564075910182363,2.0-2.5
1344,1.753818584308664,0.9889244908353213,inf,inf,2.6489947082910013e-16,0.00012150120998749117,0.0,0.5-1.0
1345,49.87864224383822,2.271277357071817,53.549102932941146,1.7287521998263842,7.31858007179815e-05,0.003919033975876909,2.2748668354155788,2.0-2.5
1346,21.996794497595083,2.384061571002195,22.138106103296145,1.34514046459739,7.402136726724125e-05,0.001638692882473239,2.1867760095190545,2.0-2.5
1347,38.581253451211936,0.7549483162356438,inf,inf,6.320262023259759e-16,0.0009565378596152703,0.0,0.5-1.0
1348,7.377076481159117,1.9249702261395856,4.87764117842348,0.6882098484659306,0.00010577069298084806,0.0005159114875537719,1.9158933683364152,1.5-2.0
1349,65.69011043589099,1.9848724005152902,41.877451846888526,1.6219802479231544,0.00010652606026249788,0.0044610399590815,1.8681169090890772,1.5-2.0
1350,89.35216376076525,2.9280303586682312,126.51769001410374,2.102151253878475,4.788384183343406e-05,0.006058153057766783,2.26922934970257,2.5-3.0
1351,35.459719915742525,1.2471086040096062,inf,inf,3.3824719626983136e-16,0.0009860872639674042,1.4901161193847656e-08,1.0-1.5
1352,10.506778699359698,1.6499188172480568,8.110144844574997,0.9090286106399992,0.00010302348357715722,0.0008355353742034385,2.1270206073992197,1.5-2.0
1353,62.02677943078556,2.839863747181177,92.16491982082401,1.9645656496078578,4.751503111185088e-05,0.004379219032707695,2.347603305798091,2.5-3.0
1354,12.703644848882478,0.8263738135401042,inf,inf,4.844511646429734e-16,0.00033617803210072113,0.0,0.5-1.0
1355,89.16213231301512,2.7426055423072215,139.9701896279644,2.146035550973744,4.7069785175326564e-05,0.0065883667567380065,2.426031746275782,2.5-3.0
1356,12.245681632607807,1.4138589067372282,inf,inf,5.857616463177758e-16,0.00037261280726441924,0.0,1.0-1.5
1357,36.18704837852743,1.3588637863069668,inf,inf,1.1125613912348602e-15,0.0010323191822415373,2.1073424255447017e-08,1.0-1.5
1358,49.465978972069415,2.987551698668353,67.87227763729065,1.8316924233584015,4.810804997594399e-05,0.0032652029245559245,2.2123597336234475,2.5-3.0
1359,11.787280605787998,1.4760382964313243,inf,inf,2.5746794426570006e-16,0.00036545149772618176,0.0,1.0-1.5
1360,31.874758871409615,1.1181645833601865,inf,inf,3.9918546485455265e-16,0.0008618905129427297,0.0,1.0-1.5
1361,27.527906791453304,1.018374403899304,inf,inf,7.903423613323465e-16,0.0007296378239164045,0.0,1.0-1.5
1362,71.33004084122159,2.2390345642091107,78.05267829543773,1.8923878100117972,7.292708972438801e-05,0.00569215467328018,2.298887590822241,2.0-2.5
1363,98.62733882243795,2.08962920364572,118.26093698336993,2.0728413155991188,7.162698246378644e-05,0.008470674059458791,2.403187568340676,2.0-2.5
1364,36.28373650106704,1.097520732716184,inf,inf,4.456384151268823e-16,0.0009744211892690848,0.0,1.0-1.5
1365,79.0719479967725,1.7377039241814927,57.63023535644967,1.7606503932027104,0.00010430866614862684,0.006011332979862699,2.0614835880178077,1.5-2.0
1366,14.03410194120186,1.216387882088161,inf,inf,3.9065393238435904e-16,0.0004025482508300882,0.0,1.0-1.5
1367,57.99137536190019,2.5931991418309157,99.43480977117325,1.9975384472248303,4.6305698280689914e-05,0.004604398299861746,2.5310808326054066,2.5-3.0
1368,43.27132497843823,1.3944506732381452,inf,inf,8.99038373577698e-16,0.0012419565407886996,0.0,1.0-1.5
1369,28.81837534447156,2.0390874669639762,35.71030176308369,1.5527935201308487,7.112359496397855e-05,0.0025398450386390136,2.4358460776998823,2.0-2.5
1370,82.17103072634863,2.783954867071733,125.98470137142434,2.100317810884547,4.7264459786204024e-05,0.0059545988516466085,2.393697962563301,2.5-3.0
1371,74.64217584034408,1.096952095786682,inf,inf,6.70531809210395e-16,0.0019935191668550966,0.0,1.0-1.5
1372,13.399693392721312,2.8805541988008274,19.509833498701397,1.2902535630437355,4.7638984256833236e-05,0.0009294286508980736,2.3123033728662303,2.5-3.0
1373,29.240718971124657,1.7133730381987111,21.626280872416512,1.3349818391125166,0.00010401600665318155,0.002249479375108849,2.0798493411849694,1.5-2.0
1374,81.95048815330725,2.100697801224581,97.58993251277676,1.989405017670142,7.17264021811359e-05,0.0069997747482413355,2.3958586786711242,2.0-2.5
1375,99.24316115229678,1.180051865362389,inf,inf,1.1879303883788692e-15,0.0026999399056693465,0.0,1.0-1.5
1376,61.156490822482965,2.236163126291108,67.03861291823777,1.8263250198199033,7.290158167517908e-05,0.004887220915049627,2.301001072475771,2.0-2.5
1377,87.16987795777126,2.309444741307564,91.49284372959391,1.9613871263037028,7.349476727071132e-05,0.006724245256842064,2.245753961289404,2.0-2.5
1378,98.42215244906008,1.9805784672423914,62.878734860674555,1.7985037949818075,0.00010649688490629537,0.00669638938951072,1.8715553618511813,1.5-2.0
1379,74.05454636993065,2.6563461452185626,122.26291904971158,2.0872947604382897,4.663978620202277e-05,0.005702316404913765,2.4888568927213726,2.5-3.0
1380,64.47322007603758,1.6790710470276426,48.62661912297535,1.6868740752996612,0.00010366132588636737,0.005040699811659011,2.105484006301457,1.5-2.0
1381,22.12390888510869,0.5375548747384777,inf,inf,9.589286448523602e-16,0.0005282394781112896,1.4901161193847656e-08,0.5-1.0
1382,37.04246218911356,2.7835245820754646,56.82373089899558,1.7545297449739026,4.725567783481386e-05,0.0026852439207350927,2.394042047037596,2.5-3.0
1383,62.35546625121565,1.9198235323217958,41.107585394685,1.613921967644815,0.0001060277588696275,0.0043585451519402825,1.9199769488729688,1.5-2.0
1384,92.6401312239102,2.037491237335737,114.79926675786615,2.059939114159258,7.114338095395438e-05,0.008167207968189504,2.436856030668803,2.0-2.5
1385,30.184713308069,1.9964241918638468,19.134764696416582,1.2818231259973523,0.0001065972762974491,0.002039713799230593,1.8588573921399723,1.5-2.0
1386,39.52090647731951,0.6030739782974543,inf,inf,5.75299463802502e-16,0.0009457894037011917,0.0,0.5-1.0
1387,2.2236884527759293,1.2188651263214696,inf,inf,3.3194084734125463e-16,0.00013349957983227652,0.0,1.0-1.5
1388,69.67269783325824,0.7246028346176226,inf,inf,3.9037065932944175e-16,0.0017079055454259303,0.0,0.5-1.0
1389,44.357023234877424,2.1245136998795853,52.05977279409968,1.7165022683739837,7.193076601545251e-05,0.003744699335670004,2.379873295660574,2.0-2.5
1390,79.77318696066227,2.636787741167509,133.2409559384979,2.1246377398801823,4.65388224352874e-05,0.006200877189529707,2.5022646304835723,2.5-3.0
1391,23.365498127218444,2.1514102379335496,26.99817688705111,1.4313344384321003,7.213320991850643e-05,0.001947465160810626,2.361465009110071,2.0-2.5
1392,65.96461306934033,2.5339635808381864,117.25452601262148,2.0691296154329173,4.598233514846399e-05,0.00539163691278665,2.567978318637414,2.5-3.0
1393,67.30926247382314,1.3315831490572276,inf,inf,3.096450310699109e-16,0.001898493598983516,0.0,1.0-1.5
1394,46.43241337557973,0.5786899083639379,inf,inf,9.15232905288454e-16,0.0011031443508474283,0.0,0.5-1.0
1395,18.860574913336915,1.5241164319145866,inf,inf,4.466446940161132e-16,0.0005694516761839163,2.1073424255447017e-08,1.5-2.0
1396,40.28991011912143,0.9219506598986598,inf,inf,5.263909816182519e-16,0.0010376388141379565,0.0,0.5-1.0
1397,74.50429083959126,1.2630608243282244,inf,inf,8.44210484740828e-16,0.0020676592477865997,0.0,1.0-1.5
1398,18.91856099883762,1.097104038577653,inf,inf,5.387691700946832e-16,0.0005174863336751361,0.0,1.0-1.5
1399,9.00410121722468,0.9516438406864015,inf,inf,5.962565545688495e-16,0.0002576058200397442,1.4901161193847656e-08,0.5-1.0
1400,46.27824363141353,2.2193295423263444,51.251988956205274,1.7097107238925473,7.275605981775466e-05,0.0037288927742765723,2.3133060332593187,2.0-2.5
1401,23.45213661200185,1.9941503648048646,14.886237258903723,1.172784936556399,0.00010657278275150205,0.0015864677293804619,1.860681043308148,1.5-2.0
1402,80.0551085539732,2.5568879365103894,140.31063883757392,2.1470906019854583,4.611055001385846e-05,0.006469800729596383,2.55399966672707,2.5-3.0
1403,81.72460330183229,2.960558818937659,113.72966965213278,2.055873777663074,4.800954844596909e-05,0.005460110084908129,2.2385431415175328,2.5-3.0
1404,94.52803903463317,1.0938501056025636,inf,inf,4.2570486966201467e-16,0.0025212230430332076,0.0,1.0-1.5
1405,83.97623679617949,2.8451827562353604,124.40505223988903,2.094838017938005,4.7539471881693876e-05,0.005914150482898862,2.3430733829884103,2.5-3.0
1406,64.74438342503967,2.4191765394978697,63.82534391408839,1.804993163618684,7.430524660544314e-05,0.004742557919213557,2.158114414379433,2.0-2.5
1407,18.705193152209365,1.9070976565034654,12.424768132770048,1.094288292809949,0.00010587826410898066,0.0013155128818542737,1.9300578963138448,1.5-2.0
1408,82.30064825424002,2.9315572524017384,116.3138808234622,2.065631546244433,4.789756417956415e-05,0.005571151571715957,2.265948245079821,2.5-3.0
1409,72.80943723928505,1.7810389387471632,51.77175638430132,1.7140928989024862,0.00010475772179811775,0.005423491252306564,2.02842183176698,1.5-2.0
1410,74.68665859609374,0.5707529031300005,inf,inf,4.544003636482982e-16,0.001766470366747778,1.4901161193847656e-08,0.5-1.0
1411,69.74337267366795,0.8122604970655934,inf,inf,6.857759961892309e-16,0.0017445907408599809,1.4901161193847656e-08,0.5-1.0
1412,83.00231982942152,1.282034363532488,inf,inf,3.1307948015018087e-16,0.0023128563519549004,0.0,1.0-1.5
1413,29.784343869398377,2.2407483184199135,32.57810747385013,1.5129258516871447,7.291878110664705e-05,0.0023755558877545002,2.2976241932665724,2.0-2.5
1414,67.24506881232395,1.915751475280277,44.425603992160966,1.6476333410058586,0.00010599498847896474,0.004708891383320151,1.9232052239369395,1.5-2.0
1415,51.72991033855314,2.208030911269365,57.67794735093798,1.7610097962671403,7.266302809090726e-05,0.0041910543085870765,2.321483215898317,2.0-2.5
1416,33.7843818512092,0.5468563061783012,inf,inf,6.635922064169966e-16,0.0007998205734735064,0.0,0.5-1.0
1417,32.683940538449995,1.1198724542855882,inf,inf,6.350321016508417e-16,0.0008837274718667393,0.0,1.0-1.5
1418,15.546795139899405,1.8867928722220957,10.444375899488875,1.0188824939567265,0.00010567858271542345,0.0011037468424051104,1.946092128357231,1.5-2.0
1419,49.153532865305394,2.1358342534962014,57.28168038987422,1.7580157497562483,7.203456204109615e-05,0.004126260759862635,2.372171309932879,2.0-2.5
1420,36.871749809815604,1.579859217615222,29.531464071055797,1.4702849783643006,0.00010246407803136948,0.0030259142389572453,2.177773862617167,1.5-2.0
1421,42.15163204340083,1.045510169158293,inf,inf,3.9324973372926206e-16,0.0011164560338403089,0.0,1.0-1.5
1422,85.1667910456297,1.2745058282313002,inf,inf,6.185226990267642e-16,0.002368885680842273,0.0,1.0-1.5
1423,68.15120732529829,2.4023353444839706,67.82146115490525,1.8313671420430238,7.418681890032423e-05,0.00503145845625433,2.1719306912862866,2.0-2.5
1424,68.02482927107435,2.2940180101455514,72.04972936443843,1.8576323538418646,7.337172791409425e-05,0.005286413139211703,2.2576087126493354,2.0-2.5
1425,98.40460472267483,1.11817583125093,inf,inf,9.876938834102985e-16,0.0026391891306310937,0.0,1.0-1.5
1426,21.782534695197064,2.876436970647985,31.74319746966475,1.501650670795974,4.765438189576593e-05,0.0015127024548121147,2.31594291361386,2.5-3.0
1427,50.78954287197972,0.6099229405073934,inf,inf,5.028391332602707e-16,0.0012145349537276986,0.0,0.5-1.0
1428,9.251868224254324,1.0860228583679343,inf,inf,5.457210000197014e-16,0.0002716784365457921,0.0,1.0-1.5
1429,39.27912372191484,1.5955755535434348,31.156401131280766,1.4935472866420074,0.00010266128870603377,0.003198556291579412,2.16651667269896,1.5-2.0
1430,95.0351565153143,2.5108916371420045,89.08322989485079,1.9497959548828938,7.491362046330047e-05,0.0066735472739877936,2.0807278537996265,2.5-3.0
1431,8.59203012171995,1.9130924515773695,5.708782304651065,0.7565434821919349,0.00010574563062917762,0.0006036787849300168,1.9253119802993217,1.5-2.0
1432,75.77227784270781,2.18879872185236,85.46387140847736,1.9317825619337545,7.250414307983064e-05,0.006196484760756489,2.335250363766611,2.0-2.5
1433,86.54341566668545,2.8782236754134853,125.8945423893574,2.100006903566474,4.768078586908658e-05,0.006002750717753594,2.314365383158422,2.5-3.0
1434,50.894618446631476,1.417612270850114,inf,inf,3.8144910205967286e-16,0.0014665719556218176,0.0,1.0-1.5
1435,79.76106870279716,0.9536053349993996,inf,inf,1.1249435223609306e-15,0.0020604424425471313,0.0,0.5-1.0
1436,44.10456441304472,1.5236188484514535,inf,inf,2.667304207156346e-16,0.0013039570044801484,1.4901161193847656e-08,1.5-2.0
1437,35.335436336997304,1.9085119992318653,23.438124312285968,1.369922853360634,0.00010592526807663604,0.002482689600992412,1.9289386772429837,1.5-2.0
1438,50.573082347511836,0.8361075131433746,inf,inf,7.917538796635862e-16,0.0012742433642661704,0.0,0.5-1.0
1439,19.47432860613357,0.596521875889472,inf,inf,4.119194218227974e-16,0.00047387234302158446,0.0,0.5-1.0
1440,30.74863297939978,2.315008175359072,32.18613614733939,1.5076688440168382,7.351847014184902e-05,0.0023662754893296585,2.2414497597282637,2.0-2.5
1441,30.53762007399389,2.971896505215007,42.255275954873206,1.6258809422806535,4.804527055472697e-05,0.002030166165616532,2.2276244925273345,2.5-3.0
1442,98.84087029615517,2.8285019823560598,147.7885099240191,2.169640670387824,4.746666212198822e-05,0.0070150272660755185,2.357194885556494,2.5-3.0
1443,33.51630948920574,1.440485410262903,inf,inf,6.987647389997156e-16,0.0009754616898335225,0.0,1.0-1.5
1444,22.886861474143483,1.6353663859362773,17.73681369447305,1.2488756042670979,0.00010309674767783871,0.0018286078060679222,2.137681953075531,1.5-2.0
1445,93.97671178246433,2.572250609069233,163.17273781241235,2.2126476004555182,4.619533677334688e-05,0.007537819575473422,2.5444209564436675,2.5-3.0
1446,13.858232842583673,2.96228143635107,19.299061218516165,1.285536183746933,4.7977208558433346e-05,0.0009259150850627228,2.2368915935443567,2.5-3.0
1447,96.58012532207641,1.3904588227491006,inf,inf,7.365448004059394e-16,0.002758454478499337,0.0,1.0-1.5
1448,85.33113798664814,2.8797319631192004,124.02879941386729,2.0935225397937165,4.7687073405702136e-05,0.0059145704620701955,2.3130314334207895,2.5-3.0
1449,64.70585718252492,2.2466703267509627,70.48376849288586,1.848089116061091,7.298907092029792e-05,0.005144544777257106,2.293246858229732,2.0-2.5
1450,42.78079126420277,0.868142662475224,inf,inf,6.388906992236885e-16,0.001087481378296678,0.0,0.5-1.0
1451,19.72403016001976,1.6260170968125807,15.37930145559996,1.186936609791291,0.00010296114209000973,0.0015834704424151208,2.144499124295548,1.5-2.0
1452,10.620314382132568,0.5076494776484315,inf,inf,5.46433129372912e-16,0.0002668949545920468,0.0,0.5-1.0
1453,10.367535282267582,1.5186064380999449,inf,inf,3.1407366674992746e-16,0.0003302089318132377,0.0,1.5-2.0
1454,34.91419152129966,1.8076381133624242,24.465279225279193,1.3885501767812605,0.00010500715313538062,0.002569029322108738,2.007920797916555,1.5-2.0
1455,40.714838169380144,2.4950001678109865,38.50063744726139,1.5854679200938597,7.48067750590484e-05,0.0028801085251472583,2.0943840429092653,2.0-2.5
1456,92.37101665095999,1.326657209579489,inf,inf,1.4111280739670122e-15,0.0025998949073985722,2.1073424255447017e-08,1.0-1.5
1457,53.62274091578679,2.123809325208911,62.95395910003066,1.799023047569052,7.192906640682029e-05,0.004528219504678354,2.380350313980068,2.0-2.5
1458,99.0630786315019,2.1580111063374257,113.84985614018005,2.056332486180275,7.223907058922919e-05,0.008224407794284055,2.3568897199528838,2.0-2.5
1459,72.08881580796535,1.8101071534788087,50.43096210713436,1.7026972535811786,0.00010504590485508476,0.005297566047256421,2.0060102624894505,1.5-2.0
1460,14.629456737421076,2.0332048554372073,18.253477957045128,1.2613456257045523,7.095639349860851e-05,0.0012952009646382708,2.439561593187457,2.0-2.5
1461,55.35673193881587,1.649801151290038,42.48521982380614,1.628237869688508,0.00010332169496985115,0.004389644923362372,2.127107053828409,1.5-2.0
1462,15.93705240902369,2.026311264374233,19.95978951610197,1.300155957167914,7.091406073985225e-05,0.0014154297260995214,2.443893038012241,2.0-2.5
1463,3.920257898870605,1.6517556483886597,3.1475596599979156,0.49797397063449267,0.00010098059042371942,0.0003178424328604711,2.1256706220862447,1.5-2.0
1464,94.37871684751299,2.7798292538354463,145.03823113360565,2.1614824945237543,4.724575842302337e-05,0.00685244123024096,2.396990434519269,2.5-3.0
1465,33.78540109572917,0.7824511590282958,inf,inf,1.4028488679419115e-15,0.0008445648584112667,1.4901161193847656e-08,0.5-1.0
1466,18.95860051031306,2.6597732020912885,31.28768145123983,1.4953733812912675,4.661954862302802e-05,0.001458617586717887,2.486476453846581,2.5-3.0
1467,10.179164815703622,2.362746881001426,10.411565837482367,1.0175160497256188,7.371656327807541e-05,0.0007675048518826172,2.203895430228453,2.0-2.5
1468,65.21407325600326,0.5281013219281121,inf,inf,9.551059311476453e-17,0.0015281069992198557,0.0,0.5-1.0
1469,46.11490367200616,2.297403919846723,48.75386966795753,1.6880090920087933,7.339292033328421e-05,0.0035781888724797286,2.2550169373538194,2.0-2.5
1470,1.1675935814840388,1.4069425882300632,inf,inf,1.1235023022222998e-16,0.0001284578292602095,2.1073424255447017e-08,1.0-1.5
1471,71.51813337235984,1.7677309801393917,51.2383630693867,1.7095952467305655,0.0001046219076344464,0.005360655288385605,2.038620923711099,1.5-2.0
1472,25.66792882714899,1.7941626129114636,18.128287331847293,1.2583567761053116,0.00010485690462271768,0.0019008760957287328,2.018325753638895,1.5-2.0
1473,78.0557990410971,2.337988997510743,80.58130941191162,1.90623432020981,7.371393685554558e-05,0.005939965553726834,2.223509393404243,2.0-2.5
1474,48.86057727688843,1.715911524796864,36.06821118886146,1.5571246039188384,0.00010406610380544962,0.003753478209656936,2.0779401308143894,1.5-2.0
1475,53.55810117591579,2.0893819094513124,64.24305030923458,1.8078261533948232,7.161732790287764e-05,0.004600915599477517,2.403350583153086,2.0-2.5
1476,45.71979062178707,1.048134621258647,inf,inf,3.3694929325020274e-16,0.001210749296320772,0.0,1.0-1.5
1477,67.59819111886814,0.6769042903317888,inf,inf,6.652147627860605e-16,0.0016390972851195414,0.0,0.5-1.0
1478,99.0045173118112,2.1706018467864654,112.90797555872358,2.0527246205680636,7.23489143434363e-05,0.008168769452388891,2.348099759313153,2.0-2.5
1479,79.7872628459598,2.9713401631246135,110.40355022124739,2.042983039124219,4.805002997418142e-05,0.0053048938973869805,2.2281629497577637,2.5-3.0
1480,6.910185805995949,0.6938942259302099,inf,inf,3.1362282989666883e-16,0.00019810915809475904,2.1073424255447017e-08,0.5-1.0
1481,49.48022143067742,2.7767745668253694,76.18309520986237,1.8818586134451174,4.7228044243952444e-05,0.0035979785912126218,2.399418702312627,2.5-3.0
1482,23.42876238792284,1.4610395255856543,inf,inf,4.812492556728832e-16,0.0006909780070767663,0.0,1.0-1.5
1483,10.239894483410406,2.1331576233827185,12.039563887026159,1.0806107556187858,7.175128860289681e-05,0.0008638542231110281,2.3739983923746815,2.0-2.5
1484,19.517553935237785,1.16512993100478,inf,inf,4.1685609267979836e-16,0.0005415069728396139,0.0,1.0-1.5
1485,24.811432734735483,2.2282491561154,27.35237909602224,1.4369951070255096,7.280227446028828e-05,0.001991315410090463,2.3068041454694708,2.0-2.5
1486,95.97279723815605,1.589740640722092,76.36746028193464,1.8829083477077195,0.00010261008517838635,0.00783607160438635,2.1707049393928988,1.5-2.0
1487,74.48646974572914,2.4873715890712784,70.7165980186793,1.8495213597927307,7.476389652622171e-05,0.005287048416954955,2.1009041792204037,2.0-2.5
1488,85.29692358993385,1.1924516090715787,inf,inf,3.5852432338939286e-16,0.0023279644982213588,0.0,1.0-1.5
1489,69.88223502542627,1.3322272823569852,inf,inf,4.607029916495758e-16,0.0019710651678733547,0.0,1.0-1.5
1490,31.565412558569772,2.063456885317778,38.50738120575567,1.5855439843053554,7.135816027179553e-05,0.00274781587972744,2.4202642332536533,2.0-2.5
1491,39.11054937415114,0.7634417039517964,inf,inf,5.070975157120342e-16,0.0009714017904112051,0.0,0.5-1.0
1492,44.06814939611257,2.9380318430663044,62.07305228380808,1.7929031012323966,4.7919926393421874e-05,0.0029745360964551107,2.2598956730507416,2.5-3.0
1493,29.34074134349943,2.01835005156184,18.397514149613688,1.2647591456161198,0.00010674595215711404,0.001963860165224491,1.8412483564718984,2.0-2.5
1494,42.144253760365494,2.9308650462675088,59.59237903972336,1.7751907236224724,4.789136701515492e-05,0.002853960495897617,2.2665930963989807,2.5-3.0
1495,77.11868071934379,0.945241638471745,inf,inf,9.596753899650518e-16,0.0019885421762241653,0.0,0.5-1.0
1496,7.570342662170848,2.272648682038354,8.208609000579514,0.9142695694758016,7.280445923911127e-05,0.0005976233393924932,2.2738334994917837,2.0-2.5
1497,27.657482074371586,1.0038855379392513,inf,inf,5.774364043377139e-16,0.000730541165240458,1.4901161193847656e-08,1.0-1.5
1498,47.90260236124255,0.7076212525587551,inf,inf,7.865403403632215e-16,0.0011721612957863265,0.0,0.5-1.0
1499,67.6224718926235,1.6074359298781995,53.236148764557676,1.7262066299957517,0.00010282173385901149,0.005473833119948093,2.1579714167438304,1.5-2.0
1500,64.59284162921728,1.6783031982745875,48.73890248512817,1.6878757454063746,0.00010365264271478316,0.0050519160456016475,2.106054262522204,1.5-2.0
1501,72.49855681578613,1.8952499892661774,48.41875854237127,1.6850136499320332,0.00010582381974228561,0.005123857976133149,1.939421511110778,1.5-2.0
1502,10.526210345623344,1.6661836541521455,8.045096825992143,0.9055312753761349,0.00010322243269066715,0.0008304344656108739,2.115033757855521,1.5-2.0
1503,18.07528913763261,0.9891179447559557,inf,inf,5.52819224689168e-16,0.0004833881782996432,0.0,0.5-1.0
1504,30.89802466173387,2.2053400892772155,34.52326163897314,1.5381118196298553,7.26229751061012e-05,0.0025071819705885646,2.323420930033519,2.0-2.5
1505,28.168770526065224,1.165203270996362,inf,inf,3.2933100122681453e-16,0.0007719538377637077,0.0,1.0-1.5
1506,75.55909922549402,1.2256858073856212,inf,inf,9.401813770557019e-16,0.002078815206034273,0.0,1.0-1.5
1507,99.33177963690703,2.4532763689072397,96.07830080290341,1.9826253137282361,7.454108799105935e-05,0.007161781074180691,2.1297547014237113,2.0-2.5
1508,68.31146413625511,2.204472394771787,76.32169866119901,1.882648027720354,7.263691085805207e-05,0.005543772422188624,2.3240449757656174,2.0-2.5
1509,3.30464536945555,2.3176237167282405,3.6481841981154974,0.5620767578925585,7.155352606757905e-05,0.0002610404431191872,2.2394209454286704,2.0-2.5
1510,29.75943820002843,2.8045635226224186,45.11981500037572,1.6543673102908734,4.734787627804275e-05,0.002136327418325967,2.3770281660364834,2.5-3.0
1511,80.3027249687935,2.6314216961585513,134.55501677097897,2.1288998947072506,4.651080394545648e-05,0.006258262004912611,2.5058908110540896,2.5-3.0
1512,92.43400767755668,1.04876639743375,inf,inf,9.732984135752927e-16,0.0024399551537684526,0.0,1.0-1.5
1513,59.49122105626393,2.9402568835143392,83.69131269599825,1.9226803798092946,4.7930510018550345e-05,0.004011367301641174,2.2578069414826234,2.5-3.0
1514,34.88225434926362,1.800001352495654,24.547517301550172,1.390007574798701,0.00010493189075144213,0.0025758174037053983,2.0138221146033386,1.5-2.0
1515,35.51183284411219,1.896311862184477,23.70823551678299,1.3748992328546137,0.0001058222148212186,0.002508857991889054,1.938583155136417,1.5-2.0
1516,63.34392984812889,1.1963174464098274,inf,inf,2.654346560387489e-16,0.0017321647785722618,0.0,1.0-1.5
1517,86.4190628603003,1.4687114960264167,inf,inf,3.2071203127717297e-16,0.0025138764550126074,0.0,1.0-1.5
1518,34.083136550097656,1.8932651127533349,22.791955604129413,1.3577815902810697,0.00010579488581443123,0.002411272340626457,1.940988112750908,1.5-2.0
1519,19.069808905219297,0.5840016046271308,inf,inf,1.1483609812108475e-15,0.0004631565205494121,0.0,0.5-1.0
1520,0.2790505272209143,2.300493880885557,5.7554397750032456,0.76007851381466,1.6606991766229522e-05,9.55805409545088e-05,2.25264671056552,2.0-2.5
1521,13.747084746346472,1.3720897897158282,inf,inf,5.880702623614636e-16,0.00040950020783987176,0.0,1.0-1.5
1522,85.11878681869912,2.2299068631266907,93.64818398270194,1.9714993599927446,7.285273986810096e-05,0.006822526786811843,2.305591262290405,2.0-2.5
1523,62.45846703755393,2.330082881508938,64.77827282294399,1.8114293642751989,7.365172476602019e-05,0.004771031520773637,2.229710552579756,2.0-2.5
1524,99.0637295562984,2.046252259612098,122.07684100571382,2.086633282475668,7.122598204577938e-05,0.008695042885678437,2.431296679178153,2.0-2.5
1525,6.94617908328855,0.6867271512410401,inf,inf,1.0183464489004438e-15,0.00019852179159023228,0.0,0.5-1.0
1526,36.60163417367126,1.907744722929858,24.287441030054538,1.3853817591414261,0.00010591976819131342,0.002572520123863571,1.929545886786866,1.5-2.0
1527,79.57092200253159,1.3860662664924568,inf,inf,5.528231072686181e-16,0.0022714228591639613,0.0,1.0-1.5
1528,66.12063647579212,2.286599955603603,70.33950645742341,1.8471993167308587,7.331256951042606e-05,0.005156769956488917,2.2632668980379615,2.0-2.5
1529,6.667072687211039,2.2778396262034555,7.22932420511423,0.8590977014844032,7.273358628712313e-05,0.0005258146758702637,2.2699133629690955,2.0-2.5
1530,40.14399994319928,1.7563624042010388,28.95382331821284,1.4617059199241667,0.00010449285727425487,0.003025467727534007,2.047301849828487,1.5-2.0
1531,63.76326117244426,2.3283978331505133,66.19577571189406,1.820830275790905,7.363901892950772e-05,0.004874591980701614,2.2310282843258715,2.0-2.5
1532,68.77543882709014,0.8586768593875272,inf,inf,6.89871818112391e-16,0.001739012366621426,0.0,0.5-1.0
1533,45.16912257556771,2.5402573057423696,79.9960204174886,1.9030683825705232,4.601286331414593e-05,0.00368084595314553,2.5641776872022746,2.5-3.0
1534,18.816758461760898,2.9230880210379033,26.7400356535301,1.4271619819880845,4.7841212278159445e-05,0.0012792757220260855,2.2738083700172216,2.5-3.0
1535,96.59272872061858,2.75166391090075,150.84633468808647,2.1785347620146354,4.711333985360795e-05,0.007106874631830908,2.4190741167524896,2.5-3.0
1536,46.65008742717433,2.529806563052801,83.14886789266183,1.9198563404909919,4.595510006548823e-05,0.0038211145443393353,2.570473390872472,2.5-3.0
1537,71.73434729174588,1.5128464463828404,inf,inf,5.963928970877946e-16,0.002109274488598322,0.0,1.5-2.0
1538,53.482734101079274,2.83141625951423,79.84720854468912,1.9022597378216657,4.747692611726624e-05,0.0037909000207461555,2.354745636091715,2.5-3.0
1539,8.069315954772637,1.905479823331407,5.387101292670351,0.7313551415816357,0.0001056431046256265,0.0005691101054904217,1.93133777919441,1.5-2.0
1540,23.669300320775456,1.0380636483326469,inf,inf,5.212941549800205e-16,0.0006329004621062881,0.0,1.0-1.5
1541,6.3025358052273495,1.8561969241357896,4.342085341447819,0.6376983550363269,0.00010495046336886707,0.00045570386857211404,1.9701262122254108,1.5-2.0
1542,19.0777631169885,2.627122782464847,32.103595937430896,1.5065536806390507,4.644856691386107e-05,0.0014911660240753174,2.508779742352591,2.5-3.0
1543,20.01867677781902,2.1951618276660447,22.529448300617826,1.3527505568844622,7.249833708710276e-05,0.0016333475372846456,2.3307166126253707,2.0-2.5
1544,41.486045170935505,2.582560348803893,71.60741645433703,1.8549580049669452,4.624365722514168e-05,0.0033113888212923316,2.5378961972103724,2.5-3.0
1545,32.16975390707122,0.5877222058769345,inf,inf,5.609329831099827e-16,0.0007694556673831637,0.0,0.5-1.0
1546,36.25531709608325,2.924702151650277,51.4389336293759,1.7112919567342433,4.786526086384367e-05,0.0024621379767280184,2.272315320732899,2.5-3.0
1547,81.68871688277441,2.806603258472074,123.65301422510045,2.0922047073966534,4.7368097168712934e-05,0.0058572079930188006,2.3753579819221513,2.5-3.0
1548,2.1359939911879455,1.757054581908753,1.8088327586333213,0.25739841464295243,9.642157319318141e-05,0.00017441050023078703,2.0467741642908184,1.5-2.0
1549,10.339546045164461,2.8081997115006594,15.704896243618897,1.1960350715226404,4.727283782850097e-05,0.0007424150132380302,2.374048207988667,2.5-3.0
1550,80.78030123441961,0.9546848707479179,inf,inf,1.2254179689467615e-15,0.0020872153173448153,0.0,0.5-1.0
1551,53.39650952285532,1.4129243125978157,inf,inf,6.22322442643839e-16,0.0015364957174876636,0.0,1.0-1.5
1552,43.88894388632815,0.9226624713959115,inf,inf,4.540003259948814e-16,0.001129499492837625,0.0,0.5-1.0
1553,26.731727432582186,2.1747076765365803,30.43853038164192,1.483423680209214,7.234979250074238e-05,0.0022022213571393358,2.345215531326368,2.0-2.5
1554,54.232018851295784,2.7937780478466308,82.69504748149318,1.9174795008963936,4.730749629950366e-05,0.003912095652718018,2.385798698648718,2.5-3.0
1555,22.156344933328555,2.8286308521422643,33.15495459831727,1.520548437534899,4.744661046596308e-05,0.0015730902158430508,2.357086739214578,2.5-3.0
1556,85.8360712168186,0.6999386301656239,inf,inf,7.161820890931575e-16,0.0020907988262716636,0.0,0.5-1.0
1557,82.40396954231747,2.4211379551611674,81.14180720507919,1.9092446761616675,7.432048217028977e-05,0.006030498235650178,2.1564970153008227,2.0-2.5
1558,32.18508829938499,1.8971692109024296,21.478669974306452,1.3320073850022283,0.00010582649673812072,0.002273012397975113,1.9379061446191554,1.5-2.0
1559,2.449973925326532,1.052283122616133,inf,inf,2.1289963369233576e-16,0.00013129696275212703,0.0,1.0-1.5
1560,88.76677549303355,2.737111058430698,139.79137974330615,2.145480391400069,4.7043326027910056e-05,0.006576251453155733,2.4302179769095007,2.5-3.0
1561,29.86717954727768,1.8217756686087079,20.767455094900296,1.3173832800710366,0.00010513758762300056,0.0021834401297468093,1.9969644638232535,1.5-2.0
1562,65.68756110467329,0.6050902565896774,inf,inf,7.851091683683813e-16,0.0015667619517133011,0.0,0.5-1.0
1563,85.81555251131589,1.4396987917693223,inf,inf,8.764898022886413e-16,0.0024796957953758074,0.0,1.0-1.5
1564,79.83619074783577,2.2059228790827468,89.1159676536995,1.9499555271859506,7.265068550663903e-05,0.006474336139628739,2.3230015691411543,2.0-2.5
1565,86.25010288378438,2.6272071322825123,144.8825838342901,2.161016182577731,4.6489015461725773e-05,0.006735448680007093,2.5087231955801967,2.5-3.0
1566,48.9134453657504,0.9974982540275652,inf,inf,4.67595351457873e-16,0.0012795461504419572,0.0,0.5-1.0
1567,84.22928696401358,1.9798317374376344,53.83221962394757,1.731042287126829,0.00010649103006508866,0.005732648518444257,1.8721531253206576,1.5-2.0
1568,46.11560597627127,0.7165734161256083,inf,inf,5.666612884672956e-16,0.001131131260019785,0.0,0.5-1.0
1569,26.38177233599143,2.7793304801279155,40.580991515513354,1.6083226539456166,4.722782331358861e-05,0.001916551897184903,2.397387479868029,2.5-3.0
1570,48.09665250625801,0.524294659097921,inf,inf,8.113372432466317e-16,0.0011280888988808343,1.4901161193847656e-08,0.5-1.0
1571,33.53940731814262,2.9272399751645164,47.52287419458908,1.6769026989996956,4.787427145559578e-05,0.002275122979541885,2.2699631120804664,2.5-3.0
1572,76.71468203508294,1.9132768204545199,50.747049007758676,1.7054107926560096,0.00010597544600529651,0.0053779411520498656,1.9251659370343028,1.5-2.0
1573,83.17088495795974,2.379922786945601,83.82215745288221,1.9233588347109432,7.402658997931559e-05,0.006205068480946144,2.190116840669906,2.0-2.5
1574,14.116730965972323,2.1729361938936593,16.13506561898003,1.2077707359564087,7.223708615319834e-05,0.001165550125205769,2.3464610221898092,2.0-2.5
1575,16.442680115391262,1.7642696700243254,11.824286026097337,1.0727749266371276,0.00010449372882299798,0.0012355637375365796,2.041267090448475,1.5-2.0
1576,38.36613103346532,1.5954207457285514,30.435781671987375,1.483384460071988,0.00010265821780445963,0.0031244831039318605,2.1666279273688924,1.5-2.0
1577,46.32863720689322,1.0198603589503188,inf,inf,7.522305977167658e-16,0.0012187468446336594,0.0,1.0-1.5
1578,95.6321501769609,1.2163722039094664,inf,inf,5.421709945745019e-16,0.0026238058991619718,0.0,1.0-1.5
1579,94.16920995871297,0.7353722306683514,inf,inf,5.875163736282412e-16,0.002312126926106307,0.0,0.5-1.0
1580,96.70405758644449,1.1705127557365227,inf,inf,6.496730870336627e-16,0.0026252066253744,0.0,1.0-1.5
1581,72.97554323949981,2.1353746868654433,85.0520150058501,1.9296846071379512,7.203687468487298e-05,0.006126881346672359,2.3724852780268537,2.0-2.5
1582,67.72271564803106,1.8790039142455865,45.62445209827245,1.6591976620754756,0.00010568283467402524,0.004821721428194712,1.9522255574784717,1.5-2.0
1583,27.039115221257127,1.9187438387983773,17.841635232545677,1.2514346560897478,0.00010600083981313802,0.001891228318289514,1.920833146106131,1.5-2.0
1584,37.265461337687015,1.8222242383432905,25.900793831112555,1.41331307493795,0.00010515091842524348,0.0027234922592843658,1.9966161743032815,1.5-2.0
1585,0.2683306594089552,2.8641952947179505,4.9945100487843055,0.6984928912515246,1.3364421779329673e-05,6.674873887305388e-05,2.3266740400178385,2.5-3.0
1586,83.295523222243,2.625508321739884,140.06250771489917,2.146321897800872,4.6479938936807305e-05,0.006510096805924615,2.5098609921687083,2.5-3.0
1587,27.608507322222977,1.1599721873584408,inf,inf,6.128063889559122e-16,0.0007560442001761144,0.0,1.0-1.5
1588,7.928108731858585,1.8920296530069176,5.333217614672424,0.7269893048385557,0.00010550559705923498,0.0005626843086828431,1.9419629106963125,1.5-2.0
1589,31.559114353599572,2.92219315666369,44.840377388280494,1.6516692590736504,4.785317103810568e-05,0.002145754248574593,2.274635094076776,2.5-3.0
1590,32.3169986589133,1.1689846366959946,inf,inf,7.142177238944946e-16,0.0008839463496105362,0.0,1.0-1.5
1591,72.39856358130329,2.253202746744404,78.55437783783893,1.8951703932949762,7.304381076342918e-05,0.005737911109426022,2.2883975511729115,2.0-2.5
1592,0.5706673956466402,2.1192763287511873,3.538008436448701,0.5487588641584272,3.132702868361428e-05,0.00011083529177149778,2.3834139788055086,2.0-2.5
1593,23.00135037574834,2.1737567739895356,26.215673121694593,1.4185610132717357,7.232833781231029e-05,0.0018961360615230294,2.3458842930095622,2.0-2.5
1594,89.64692729265468,1.890924450417317,60.008358310705965,1.778211745640384,0.00010578798329980239,0.00634816320682152,1.9428347295018593,1.5-2.0
1595,85.48761194311592,2.3516966845969423,87.55796761014447,1.9422956721975921,7.381798328370576e-05,0.006463352589400896,2.21268606904325,2.0-2.5
1596,62.9031306846496,1.4384606825823019,inf,inf,4.888006267292914e-16,0.0018190931668283798,0.0,1.0-1.5
1597,55.89498938950802,2.8422592578780415,82.94547460136884,1.918792696457226,4.7524885416730115e-05,0.003941974176266352,2.34556630664294,2.5-3.0
1598,22.26175308511158,1.9179728858477858,14.698243578838579,1.1672654402180036,0.00010598381469480759,0.0015577759237987735,1.9214444107687687,1.5-2.0
1599,87.50974792292554,1.3452843370149798,inf,inf,1.2410665132741612e-15,0.00247399584117211,2.1073424255447017e-08,1.0-1.5
1600,76.07214832048,2.0972964671975696,90.78433328860046,1.9580109085061175,7.169478152649387e-05,0.006508762941154615,2.398117592944112,2.0-2.5
1601,51.29326581065418,2.2134704468494166,57.00368876353762,1.7559029601955531,7.270887604967914e-05,0.004144674140682544,2.317554673377237,2.0-2.5
1602,16.10182989041621,2.7982897331408987,24.531566317939916,1.3897252783947793,4.728820855277839e-05,0.0011600538241690567,2.3821423253077123,2.5-3.0
1603,21.583920614949026,2.0899933593362015,25.919144981842663,1.4136206709720016,7.156886209791963e-05,0.001855003712901483,2.4029474613236728,2.0-2.5
1604,37.92935241133299,1.806244271606254,26.597279685047575,1.42483722015786,0.00010499642664405148,0.002792619325382418,2.0089987942654375,1.5-2.0
1605,33.11246245696991,1.3826432108397042,inf,inf,4.858790061874051e-16,0.0009511128639989005,0.0,1.0-1.5
1606,6.105605177496598,1.5638853505704837,5.042465894468192,0.702642969473924,0.00010120423624172918,0.0005103189096246211,2.1891368048812483,1.5-2.0
1607,40.63763655190705,1.2163005529735924,inf,inf,4.675130182201583e-16,0.001120098236254285,0.0,1.0-1.5
1608,44.871727539710584,2.0505086040502514,55.166027297900975,1.7416717099914236,7.125329342177291e-05,0.003930761129970872,2.428581524707512,2.0-2.5
1609,28.7079842556886,2.653136484627393,47.51756452129843,1.6768541730912636,4.6608083516224574e-05,0.0022147026156962672,2.4910778727489795,2.5-3.0
1610,38.43028951575466,1.9819535530160075,24.538082658093238,1.3898406250763427,0.0001064995969346259,0.0026132959126354636,1.8704544418870268,1.5-2.0
1611,33.237770345636875,1.0074932348844792,inf,inf,3.9323574146585525e-16,0.0008754303611260036,0.0,1.0-1.5
1612,37.68356446485986,0.590976437036199,inf,inf,9.409198483761672e-16,0.0008998361906973442,0.0,0.5-1.0
1613,61.903097297889346,2.6951887565679034,99.89611724778072,1.9995486084398597,4.6835658526760806e-05,0.004678700435566318,2.4613239616614138,2.5-3.0
1614,49.73306950971982,1.238070264336762,inf,inf,5.398495212474537e-16,0.0013751322043222,1.4901161193847656e-08,1.0-1.5
1615,19.758943741312287,2.222057830634527,21.877958795942007,1.3400068000648753,7.27267999015335e-05,0.0015911139316064692,2.311321615052708,2.0-2.5
1616,79.52596561854823,2.8636554017223843,116.61654459999545,2.0667601689373054,4.7618905907998895e-05,0.00555315226462314,2.327144206669602,2.5-3.0
1617,51.31865012899779,2.84981743927791,75.83781035789818,1.8798857852581445,4.7557170791001464e-05,0.0036066316996061437,2.3391056148062304,2.5-3.0
1618,45.83647606162141,1.8870463907601562,30.749654914809554,1.4878402463086733,0.00010574816162984829,0.0032517194779933395,1.945892329180309,1.5-2.0
1619,71.3342727213246,2.782903252327346,109.43767329248178,2.039166851125148,4.7259025348292356e-05,0.005171917776187533,2.3945386187431947,2.5-3.0
1620,75.21379539700405,1.5067591856599805,inf,inf,1.4245089997722505e-15,0.0022081150400809018,0.0,1.5-2.0
1621,84.9059500135934,2.851446285690346,125.34656201243926,2.098112426690705,4.756666966975666e-05,0.0059623185094853665,2.3377065816722107,2.5-3.0
1622,81.12466421088041,2.197003646485366,91.04448377469664,1.959253637788453,7.257494289594626e-05,0.0066075482109395145,2.3294003891962682,2.0-2.5
1623,66.9015229975052,0.7009638511705175,inf,inf,6.624040311567693e-16,0.0016313124325370895,0.0,0.5-1.0
1624,72.1129343787545,2.5303804077955863,128.46219341400555,2.1087753330561503,4.596299101495202e-05,0.005904506641648966,2.570129684367978,2.5-3.0
1625,15.712686974540313,0.9016402290078236,inf,inf,7.376324889029073e-16,0.000415399754399245,1.4901161193847656e-08,0.5-1.0
1626,69.92531990764411,2.9926795214452193,95.68200812990426,1.9808302815124845,4.812814291959678e-05,0.004604997362110053,2.2073125841088608,2.5-3.0
1627,25.44578160991381,0.623524696839544,inf,inf,4.759314427942971e-16,0.0006169391641082215,0.0,0.5-1.0
1628,25.78357519967063,2.392542796648478,25.817265793584678,1.4119102459228303,7.40934685150854e-05,0.0019128907702225574,2.179905116995048,2.0-2.5
1629,12.013176120541724,0.881271631880238,inf,inf,7.881354345236273e-16,0.00032393758938610085,0.0,0.5-1.0
1630,39.69090262882716,1.8502268627133727,27.16393087176255,1.4339926165800756,0.00010541602705302132,0.0028635136716441217,1.9747968971795142,1.5-2.0
1631,1.9877680515251184,1.4304007099344296,inf,inf,3.2655186260914587e-16,0.00013721248931547301,0.0,1.0-1.5
1632,65.69795355581145,2.6881822166010467,106.45406039860416,2.0271622310639374,4.680095858735169e-05,0.004982152072170508,2.4663807972355127,2.5-3.0
1633,74.81026736779414,1.184758420588474,inf,inf,8.635933541937237e-16,0.002038919411383047,0.0,1.0-1.5
1634,77.55495472506362,2.3002011581603083,81.84397052737378,1.9129866903069912,7.342160024333457e-05,0.006009115286388094,2.252871454228785,2.0-2.5
1635,12.886198827398566,2.8507094787279983,19.079571290743218,1.2805686120789619,4.7503700310412405e-05,0.0009063502366466142,2.3383397275392195,2.5-3.0
1636,64.10866207646318,0.6604046677640867,inf,inf,5.01348760915276e-16,0.0015489266831112127,0.0,0.5-1.0
1637,83.82932369425092,2.2851819122944512,89.24789999324057,1.9505980059374246,7.330320350395959e-05,0.0065421569755055465,2.2643453838890975,2.0-2.5
1638,3.596963979745371,0.7097060793633341,inf,inf,3.7043360430154105e-16,0.00013725676268698512,0.0,0.5-1.0
1639,19.33687258957696,2.4470365026840293,18.788670695343374,1.273896054709409,7.445823182398865e-05,0.001398971198298459,2.134981926368684,2.0-2.5
1640,26.777580426830603,2.642425230105964,44.610828500029115,1.649440288914105,4.6549663987837536e-05,0.0020766190768954015,2.4984308342606387,2.5-3.0
1641,46.198457841531095,0.848095730431246,inf,inf,6.952349110264698e-16,0.0011680891452638495,2.1073424255447017e-08,0.5-1.0
1642,17.216518576070115,2.710566501703349,27.583989255557018,1.4406570749794068,4.6870371621915224e-05,0.001292871827222874,2.4500838160745335,2.5-3.0
1643,53.88718932078369,1.595481604975903,42.73653901344693,1.630799348239293,0.00010267155275828782,0.004387826820025743,2.1665841909418764,1.5-2.0
1644,34.39517428593815,1.2710662434944036,inf,inf,3.296454244524286e-16,0.0009622340680269304,0.0,1.0-1.5
1645,65.51104603102776,2.9138396220064813,93.47477024026648,1.9706944063375482,4.7826309244034784e-05,0.004470553268026084,2.2823176529592595,2.5-3.0
1646,53.13245556314886,1.4605564826922297,inf,inf,4.4010633826528105e-16,0.0015458576078831515,0.0,1.0-1.5
1647,68.6297952655808,1.024375451079032,inf,inf,7.720450375760423e-16,0.0018030317487679806,0.0,1.0-1.5
1648,24.63410493911433,1.324302754343894,inf,inf,7.863455909557448e-16,0.0007028337358550484,0.0,1.0-1.5
1649,70.70688313226626,2.7619563431145413,109.77743404250879,2.0405130752868876,4.7161010692732505e-05,0.005177214740699494,2.411083413347093,2.5-3.0
1650,73.46364458469007,2.960258296314552,102.25097916992058,2.0096674755650246,4.8008135453246545e-05,0.004908878858216639,2.238830993462126,2.5-3.0
1651,72.19675130645918,1.6377368698648562,55.80628321016811,1.7466830987562816,0.00010318479485056316,0.005758359884413623,2.1359494448964975,1.5-2.0
1652,6.845007917246226,1.7344183198827339,5.058065962791795,0.703984488727186,0.0001036559276882448,0.0005242985196815186,2.063972218774646,1.5-2.0
1653,94.61503348073532,1.9952433275257546,60.00117240528246,1.7781597364531467,0.00010660058936740655,0.006396160341138481,1.8598045287295781,1.5-2.0
1654,57.686385061518074,2.599025313273576,98.56505779442229,1.9937229808983685,4.633691840415489e-05,0.004567201040520956,2.5273127285933743,2.5-3.0
1655,27.23190772278985,0.5227005940643676,inf,inf,7.194654160041684e-16,0.0006438967414658824,0.0,0.5-1.0
1656,43.41365314008645,2.4891452284655955,41.182206321986186,1.6147096100769618,7.477031295715783e-05,0.003079206454961151,2.0993903294255474,2.0-2.5
1657,51.76015535038441,2.9313305445046502,73.16624622392192,1.8643107742344873,4.7894788464427726e-05,0.003504281885630974,2.2661594911561687,2.5-3.0
1658,51.77696685474776,1.5134202483729622,inf,inf,1.8206425753316928e-16,0.0015251896399531687,0.0,1.5-2.0
1659,24.795847138716255,1.5944820771594053,19.695472345188612,1.294366400704902,0.0001026110052167902,0.002020972215559296,2.1673023571321544,1.5-2.0
1660,26.496428884375277,2.8943631200571276,38.22524018042177,1.5823502228928374,4.773604988609744e-05,0.0018247219721606702,2.29998486945376,2.5-3.0
1661,36.35879297598211,1.51721945824258,inf,inf,3.110548265941101e-16,0.0010757781322900538,2.1073424255447017e-08,1.5-2.0
1662,78.09248202067856,1.441894073482433,inf,inf,6.612141898029425e-16,0.0022582719725712146,0.0,1.0-1.5
1663,43.74440500267796,2.6482221181981838,72.5857479184868,1.8608513561274282,4.6592819190375836e-05,0.0033819746285642547,2.49446266155844,2.5-3.0
1664,3.8631309889025744,1.6830097414692773,3.0407049148240817,0.48297427608568533,0.00010139790270084762,0.00030832110109532137,2.1025563623582415,1.5-2.0
1665,45.22098552922083,2.1174408869579757,53.30670215587018,1.7267818155242172,7.186778670211912e-05,0.0038310347003314713,2.384651434601633,2.0-2.5
1666,20.136260224904877,1.2159499331714045,inf,inf,4.947832644275362e-16,0.0005644647594516743,0.0,1.0-1.5
1667,1.2412398993161822,2.2001996637698595,2.318489828805547,0.36520519498993637,5.622177052438157e-05,0.00013034960311821816,2.3271122418386145,2.0-2.5
1668,97.70300362670955,1.4197320120034886,inf,inf,4.759157111957771e-16,0.002809388437554601,0.0,1.0-1.5
1669,29.372047903598585,2.458825649064546,28.335657447521445,1.4523332936501203,7.45619227063423e-05,0.0021127611004354866,2.125092060819991,2.0-2.5
1670,53.74965209732457,1.731341061836778,39.32246844082383,1.594640772552265,0.00010423536365267704,0.004098791797650189,2.066300649097686,1.5-2.0
1671,35.81997686226609,2.798389136427266,54.489041694726765,1.7363091699824371,4.7323616984249594e-05,0.002578618539000056,2.382061565377567,2.5-3.0
1672,5.340673132807927,1.8686124490537854,3.6682918109261182,0.564463876298449,0.00010486737890293458,0.0003846841472629213,1.9603926569805714,1.5-2.0
1673,90.08839498008321,2.6437396197394243,149.84546559493646,2.175643605493922,4.657551038278765e-05,0.006979129038630612,2.4975334024962113,2.5-3.0
1674,93.56574214208527,1.601104789285349,73.93848566085552,1.8688705515134065,0.00010274876004811331,0.007597087721488111,2.1625382296107625,1.5-2.0
1675,18.643271686697606,2.173235431495302,21.270957579890744,1.327787041491892,7.229727414733042e-05,0.001537832251529597,2.3462507492596414,2.0-2.5
1676,41.79969567696067,1.1676301436647534,inf,inf,4.675919953915547e-16,0.0011389009976618468,0.0,1.0-1.5
1677,37.364074697061476,1.9658013678036454,24.054637021980636,1.381198807900806,0.00010638052054927553,0.002558944808022175,1.8833733928248564,1.5-2.0
1678,16.721699240908507,2.1575452435430487,19.27407351800612,1.2849735112009193,7.213956359493749e-05,0.001390423252285703,2.357213369518669,2.0-2.5
1679,66.16606348953589,0.9773676508226474,inf,inf,5.327402157040775e-16,0.001719795941547945,0.0,0.5-1.0
1680,78.19960611523872,1.8595028938462426,53.23948130297154,1.726233815616413,0.00010551022979894731,0.005617309906653286,1.967537034923532,1.5-2.0
1681,75.96980175958159,2.804228823813795,115.15130719013817,2.0612688724109014,4.7357073279811886e-05,0.005453228892869502,2.377301875059372,2.5-3.0
1682,67.52519557957693,1.0044077385104349,inf,inf,7.92826820102763e-16,0.001765966183115357,0.0,1.0-1.5
1683,1.749040910997135,1.7206327129803942,1.7177910398090475,0.23497033308236628,9.014180970206583e-05,0.00015484479301838095,2.0743849613243768,1.5-2.0
1684,22.95974131440316,2.5933433146142058,39.40823539498024,1.5955869886494043,4.628074355547058e-05,0.0018238424362886994,2.530987894790136,2.5-3.0
1685,51.46011326152339,1.5651776751468387,41.57821728697081,1.6188658645281828,0.00010229490572982772,0.004253239817784972,2.1882204996119663,1.5-2.0
1686,70.28405947923558,0.5747727654904978,inf,inf,1.1804458199863504e-16,0.0016642451257866042,0.0,0.5-1.0
1687,38.642362698461866,1.8136655465827825,26.985116765208453,1.4311243016073099,0.00010506944723287987,0.0028353113020351717,2.0032545968843585,1.5-2.0
1688,44.92668096670137,1.6556021491712,34.36498576282017,1.5361161683198665,0.00010338353288404723,0.003552773635670334,2.122840536896334,1.5-2.0
1689,84.07191430587996,2.819227147990727,126.36141588592932,2.101614483551575,4.7424979154507595e-05,0.005992687514324263,2.3649394620561024,2.5-3.0
1690,2.3546975817706817,2.159828872531073,3.121702078562789,0.49439145355983194,6.723690137447794e-05,0.00020989357477682903,2.3556257800347775,2.0-2.5
1691,26.858893290400776,2.4411346787779893,26.16869538832023,1.4177820719032905,7.443834905289174e-05,0.0019479544815745797,2.1399105763626785,2.0-2.5
1692,28.99351582913966,1.420059232916379,inf,inf,3.5895933767282985e-16,0.0008421747154782807,1.4901161193847656e-08,1.0-1.5
1693,99.27826216088337,2.740718328168794,156.01825493394506,2.193175416003516,4.706102478679303e-05,0.007342378962638583,2.427472498213409,2.5-3.0
1694,22.753610995625895,2.571082949597205,39.58705616109708,1.597553207220083,4.6158806163798736e-05,0.0018272912519354946,2.54515502238069,2.5-3.0
1695,4.711316281870282,0.7275622955940235,inf,inf,4.287952865280755e-16,0.00015666826345885087,0.0,0.5-1.0
1696,41.64642063591031,2.1519002431949086,48.060415002882465,1.6817875166277578,7.217229420064917e-05,0.0034686304109933265,2.361126149176967,2.0-2.5
1697,64.95288638482224,2.7612969387408794,100.88391074799159,2.0038219092445755,4.715744424332693e-05,0.0047574273961471835,2.4115980813970577,2.5-3.0
1698,15.341735239903286,2.1254798191928197,18.04893883209399,1.2564516731162723,7.183202240109923e-05,0.0012964917785030453,2.3792185977204037,2.0-2.5
1699,83.96948195647003,2.9279010687432994,118.9050542439063,2.075200315372152,4.7883191178109085e-05,0.005693553444404397,2.269349416177753,2.5-3.0
1700,19.64562986970685,1.152406734596649,inf,inf,1.0008253925944943e-15,0.000543295594200137,0.0,1.0-1.5
1701,70.42792676427842,1.969460561573019,45.2502770624534,1.6556212426865542,0.0001064145598754908,0.004815288317844995,1.880449174231073,1.5-2.0
1702,16.180800665477634,1.8335354099003451,11.190552518396167,1.048851529760411,0.00010519089634648731,0.0011771442500225337,1.987820647758047,1.5-2.0
1703,88.17251654059835,1.23825392248285,inf,inf,2.693556268963069e-16,0.0024318336469938435,0.0,1.0-1.5
1704,20.132044227189372,2.45328105952695,19.491916275286226,1.289854537263983,7.450416760118384e-05,0.001452228997042168,2.12975076576905,2.0-2.5
1705,73.13588873950351,1.5781177810630576,58.61463909081058,1.768006095239483,0.00010246368067093063,0.006005871662442663,2.179016505717817,1.5-2.0
1706,83.8694036255605,2.123883499839553,98.44330699871031,1.993186194498136,7.193564457750248e-05,0.007081582743293188,2.3803000934364786,2.0-2.5
1707,25.49464140688181,2.4554567425570317,24.64472194139775,1.3917239225111184,7.453339162436176e-05,0.0018368547119316998,2.127924255614057,2.0-2.5
1708,9.282605517935583,2.3181367387177048,9.757958486414605,0.9893589661476953,7.33197657565584e-05,0.00071545123048614,2.2390226111261753,2.0-2.5
1709,58.61412601867788,0.7509583094774032,inf,inf,5.196889311468132e-16,0.0014467432139470984,0.0,0.5-1.0
1710,49.90210226519625,0.6381511540373326,inf,inf,3.28027810778456e-16,0.0012012731218606907,0.0,0.5-1.0
1711,47.93196620020274,2.5507451357074484,84.34227929086235,1.9260453333407914,4.6071945941548385e-05,0.0038858129320755858,2.557782069950657,2.5-3.0
1712,78.13344013993108,2.125731794726131,91.6071154854751,1.9619292083409963,7.195156283885804e-05,0.006591275126339688,2.379047764700155,2.0-2.5
1713,46.31096473238343,0.870327358420047,inf,inf,3.590103312845894e-16,0.0011769357223148456,0.0,0.5-1.0
1714,49.70314056101262,0.8250345731837598,inf,inf,2.726127220953677e-16,0.001249286647801513,0.0,0.5-1.0
1715,48.726425491282285,1.7438427935804663,35.39321044704159,1.5489199584045832,0.000104366582286052,0.0036938684104887215,2.0568267882233524,1.5-2.0
1716,45.45881285158298,0.9448254848673996,inf,inf,7.721538225604488e-16,0.0011755187351773896,0.0,0.5-1.0
1717,40.57279680974231,2.826498750969175,60.74684165095984,1.7835237030239803,4.745237614297788e-05,0.0028825819795192617,2.358874078134844,2.5-3.0
1718,16.090424049153974,1.059848465991626,inf,inf,4.867648604541072e-16,0.0004404913181673641,0.0,1.0-1.5
1719,29.531052734884376,2.859288144783943,43.426530028563185,1.6377551287024703,4.759038477426089e-05,0.0020666852734703167,2.330937802020059,2.5-3.0
1720,26.489156622115217,2.289473352291143,28.152094532739884,1.4495107121597,7.330886703555991e-05,0.002063798154873141,2.2610784586407044,2.0-2.5
1721,24.818033514118554,1.8896396270199085,16.632776653567134,1.2209647558137657,0.00010574977574644686,0.0017589124011554613,1.9438479955066104,1.5-2.0
1722,78.28247377316404,2.177853268059817,88.88523458941843,1.9488296229620359,7.241013065261367e-05,0.006436191449708004,2.3429999148547287,2.0-2.5
1723,11.403785881563378,2.230086994229346,12.609455772803303,1.1006963427214622,7.26682467349503e-05,0.0009163070432915138,2.3054593819401794,2.0-2.5
1724,20.542034263118904,1.2132139493707224,inf,inf,7.061129060793871e-16,0.0005749780742661563,0.0,1.0-1.5
1725,52.64137104629523,1.720271955582188,38.759565288112036,1.5883788975316464,0.0001041153357177834,0.004035465152247128,2.074656818574193,1.5-2.0
1726,31.254146194875474,0.6658143711688415,inf,inf,1.1008639196574419e-15,0.0007615613772480048,0.0,0.5-1.0
1727,24.016279128369234,0.619896211283643,inf,inf,4.533598257354631e-16,0.0005827956795173343,0.0,0.5-1.0
1728,37.33830223206981,2.8588787491326126,54.90992947825232,1.739650885938014,4.759290136205442e-05,0.002613322857455827,2.33129254242629,2.5-3.0
1729,50.20212654146092,2.626286097805112,84.39036353638187,1.926292857740469,4.648015360660967e-05,0.003922477060088661,2.50934034480119,2.5-3.0
1730,67.43351076249611,2.3840822293461965,67.80371505372852,1.8312534900784583,7.405546448636819e-05,0.00502123561220522,2.18675931408145,2.0-2.5
1731,97.22220999404881,0.7599601424329836,inf,inf,1.22496104567548e-15,0.0024005226027923013,0.0,0.5-1.0
1732,85.26388121426615,2.0594689621415383,104.19909234379261,2.0178639359328034,7.134806137784586e-05,0.007434403236060745,2.422835093681039,2.0-2.5
1733,42.99924005346018,2.2879757413488164,45.714467224337824,1.6600536626825328,7.331657437539562e-05,0.0033516281362847493,2.2622195869898545,2.0-2.5
1734,45.16370395887619,1.5762736736136618,36.24569610142389,1.5592564448277833,0.00010242902549745306,0.0037126113301456823,2.180331381881635,1.5-2.0
1735,41.571332762635215,1.4448064936829081,inf,inf,3.3869537873129064e-16,0.0012076189242185675,0.0,1.0-1.5
1736,23.893369908747864,2.3157106521058854,25.010119935443036,1.398115774384489,7.350927275745882e-05,0.0018384757280312406,2.2409051959606785,2.0-2.5
1737,95.17654324033509,0.5257682257031053,inf,inf,1.3357294306293262e-15,0.0022263942482350445,0.0,0.5-1.0
1738,6.8659736158798506,1.6764261078020666,5.256578270747205,0.7207031354672944,0.00010293829567633313,0.0005411032082799637,2.107447643296659,1.5-2.0
1739,20.49472945993761,1.1412342427671327,inf,inf,3.81383166677718e-16,0.0005642531029352362,0.0,1.0-1.5
1740,66.19811308793632,1.6094091879981223,52.05280724968508,1.7164441563282355,0.00010284525680308105,0.005353384328915141,2.1565455872413093,1.5-2.0
1741,58.95624214198569,1.8814780910452817,39.666755901903485,1.5984266836727175,0.00010570318478394987,0.004192902428878738,1.950278337272844,1.5-2.0
1742,27.864727520392574,1.5511838546020473,22.72583340323445,1.356519818661409,0.00010208170200245549,0.002319891753226428,2.1981143788621367,1.5-2.0
1743,93.69546198917818,2.692003140027528,151.47001725618588,2.1803266748920476,4.682175208858811e-05,0.007092091596823298,2.463628099709124,2.5-3.0
1744,40.945493892301755,2.7048853827390227,65.71542260174105,1.8176673050971914,4.687938987480826e-05,0.0030806989169348056,2.4542591043491706,2.5-3.0
1745,59.625358387763214,2.398845964647011,59.45560592243661,1.7741928094408228,7.416075080964766e-05,0.004409272375050433,2.174777254695195,2.0-2.5
1746,9.102634440980573,2.486231013486388,8.687138269624148,0.9388767340555084,7.458493280251085e-05,0.0006479296240860375,2.1018770232370265,2.0-2.5
1747,89.08888448294285,1.751593980109561,64.41425259279852,1.8089819719803162,0.00010445630825880798,0.006728475025094084,2.050934038818667,1.5-2.0
1748,10.300358611778993,1.177659631823723,inf,inf,6.763266021434535e-16,0.0003035247888186405,0.0,1.0-1.5
1749,39.40467470226731,2.5391768299477957,69.8413435265054,1.8441125852298061,4.600418734093339e-05,0.00321299425173584,2.5648321453064313,2.5-3.0
1750,88.55742243311313,0.7913422823845518,inf,inf,7.181007547387186e-16,0.0022029304770655733,0.0,0.5-1.0
1751,94.49940099230699,1.9855064787978378,60.22241385318797,1.7797581590497027,0.00010653205201053838,0.006415617324807988,1.8676089978915726,1.5-2.0
1752,90.39756486177464,2.0833428896582036,108.82282561656864,2.0367199982998248,7.156886358705399e-05,0.007788325961709965,2.407321612839444,2.0-2.5
1753,82.75931426028814,0.7728811668539302,inf,inf,4.9594617424150955e-16,0.0020502950945200976,0.0,0.5-1.0
1754,23.33007804006574,1.0106260004815204,inf,inf,6.692267710723972e-16,0.0006201837779980223,0.0,1.0-1.5
1755,3.1854038404513507,2.1805297398811287,3.891241289044365,0.5900881614774784,6.977568963405862e-05,0.00027151404447559377,2.3411106773747217,2.0-2.5
1756,45.18095459223531,2.6440865079318687,75.15236726551927,1.875942665217802,4.657183893455838e-05,0.003499983943840541,2.497296330036662,2.5-3.0
1757,6.317958568504068,1.4769794472432394,inf,inf,4.0499589758325315e-16,0.00022295782985564807,0.0,1.0-1.5
1758,96.05342238825668,1.8281430442700828,66.52517778634054,1.8229860438626369,0.00010522097054002661,0.00699984377202657,1.992016839262818,1.5-2.0
1759,0.8187443267269501,2.2705747152495483,2.426715385599192,0.385018843611714,4.405214168199708e-05,0.00010690200998829777,2.2753959295509745,2.0-2.5
1760,32.54805962208862,1.9544456908905377,21.078004675219063,1.3238294965046196,0.00010629142573857385,0.0022404111686533594,1.8924383903170834,1.5-2.0
1761,20.32923016693361,1.6570814753786123,15.55580538055829,1.1918925010299135,0.0001033361241604281,0.001607476636220827,2.121751005810133,1.5-2.0
1762,1.3690928123799573,2.095321513036448,2.587507274534961,0.4128815794450518,5.699216154166414e-05,0.0001474676325805276,2.399426451509529,2.0-2.5
1763,49.907806003031965,2.2749814037723017,53.463093304624884,1.7280540828579456,7.321566646680512e-05,0.003914336007675098,2.2720735390928017,2.0-2.5
1764,7.604980500583769,2.502551973513565,7.206559641860121,0.8577279852267622,7.462329360916908e-05,0.0005377772160665162,2.0879067787583034,2.5-3.0
1765,89.99391559500212,1.9026831814491705,59.86487203932878,1.7771720585398163,0.00010588794213073515,0.00633896810616431,1.9335493020795842,1.5-2.0
1766,68.76279225888258,2.152298783091545,79.31133834283847,1.8993352784617616,7.218590274970627e-05,0.005725160556565188,2.3608504493147677,2.0-2.5
1767,37.000073147090674,0.9882442854784377,inf,inf,4.048486084528326e-16,0.0009686371322534885,0.0,0.5-1.0
1768,84.15640742346096,0.9039437371357792,inf,inf,6.470037541237478e-16,0.0021488755897682596,0.0,0.5-1.0
1769,79.68576362820177,2.524401456596311,74.15748230242315,1.870154976790085,7.499627606889809e-05,0.005561535015326951,2.069041779971472,2.5-3.0
1770,32.644109263128726,1.059065686203083,inf,inf,3.010053027632681e-16,0.0008703614980980751,1.4901161193847656e-08,1.0-1.5
1771,84.72281678605353,1.5924163873052994,67.30711281770186,1.8280609616125607,0.00010264174173429647,0.00690851929071571,2.1687855986270472,1.5-2.0
1772,92.9397799523372,2.7123235078552903,148.47795506503007,2.171661977529898,4.692263204983012e-05,0.006966976453027616,2.4487870974680295,2.5-3.0
1773,61.98917364543581,0.866824783461456,inf,inf,6.607487987151359e-16,0.0015710869614532278,0.0,0.5-1.0
1774,35.1782994604812,2.196770636560634,39.50393903226818,1.5966404023273788,7.255595812080871e-05,0.0028662461460322304,2.32956700274974,2.0-2.5
1775,90.05860482358852,1.1211481415723434,inf,inf,7.431384804337548e-16,0.0024174626644586704,0.0,1.0-1.5
1776,94.28664533731505,2.064881212337628,114.83001241918379,2.060055411794998,7.139904314925447e-05,0.00819875301154673,2.419344031496199,2.0-2.5
1777,34.72839118528417,2.54132691892168,61.48045576797151,1.7887370783589596,4.601295598732926e-05,0.002828897505332617,2.5635289963640466,2.5-3.0
1778,8.629192245776096,2.5511208750062693,15.327249857850157,1.1854642371305828,4.5853157210733746e-05,0.0007028027973401997,2.557551486100184,2.5-3.0
1779,86.78101141008884,2.444029466029331,84.36976544364506,1.9261868417269494,7.447819282144935e-05,0.006283707659012251,2.1374949996599666,2.0-2.5
1780,66.47933735639859,1.7947526364120654,46.90818522250634,1.671248631346283,0.00010489419100117023,0.004920396140247851,2.017870974872767,1.5-2.0
1781,23.199782424870886,1.8589818456181741,15.809434102774373,1.1989163246797772,0.00010547147487228918,0.0016674443317158789,1.96794523953192,1.5-2.0
1782,56.692721338417265,0.9298199450657758,inf,inf,9.135615862121482e-16,0.0014585977526248674,0.0,0.5-1.0
1783,30.819366911931446,0.7916846914697147,inf,inf,6.646594709237058e-16,0.0007733223509251601,0.0,0.5-1.0
1784,91.91883770087435,2.3697690025545697,93.17468158610697,1.9692979172763416,7.395267375470672e-05,0.006890516829536048,2.1982790456166943,2.0-2.5
1785,34.21147160939451,0.6305849683715963,inf,inf,4.992326731665538e-16,0.0008255783568371389,1.4901161193847656e-08,0.5-1.0
1786,19.625801220564544,2.831836568734321,29.322903958841305,1.4672069779352908,4.745499862895596e-05,0.0013915183671638215,2.354391770726547,2.5-3.0
1787,4.320917386835843,0.9644867779543518,inf,inf,6.982833785160362e-16,0.00015819342488970303,0.0,0.5-1.0
1788,34.25170877526305,2.3001875432008845,36.160918944412536,1.5582394585128527,7.340656584278228e-05,0.002654448877428532,2.2528819063436387,2.0-2.5
1789,98.94473385838145,1.6191272638841452,77.33883573512591,1.888397629883204,0.00010296678147002814,0.007963330998285112,2.1495065552547317,1.5-2.0
1790,21.833974732702433,2.0318664388401757,27.202420229872565,1.4346075454209182,7.102656996282449e-05,0.001932094603615196,2.4404044674275354,2.0-2.5
1791,45.80513077691221,2.3915067445205413,45.868939683298834,1.6615187009993309,7.410453196154672e-05,0.003399096306803277,2.1807462362089516,2.0-2.5
1792,97.21066203196135,1.2402762556664948,inf,inf,2.315430608478635e-16,0.0026817894728390777,1.4901161193847656e-08,1.0-1.5
1793,0.671417620163206,2.563165075284216,3.641501692817017,0.5612805161798727,2.618188002299546e-05,9.534136042487001e-05,2.5501065055881735,2.5-3.0
1794,29.506315893500457,2.388307797321375,29.610799687510976,1.4714501363721944,7.40691790281529e-05,0.0021932476232210244,2.1833401762589872,2.0-2.5
1795,82.11840862222556,1.9507862670614857,53.26871995022582,1.7264722607939753,0.00010627466789304601,0.005661115521797924,1.8953563656520944,1.5-2.0
1796,9.573168880878512,1.9355220506473034,6.279085289276363,0.7978963821522375,0.00010598797985353581,0.0006655075651384562,1.9075097954957625,1.5-2.0
1797,92.82961266331786,1.4601697894700796,inf,inf,5.658235271320007e-16,0.002694584099180088,0.0,1.0-1.5
1798,83.45574368742619,2.9228411340270246,118.49930522170769,2.0737158040232275,4.786310746273559e-05,0.005671744980086099,2.274036529796805,2.5-3.0
1799,14.305165833239908,1.4689257557546962,inf,inf,5.447841529020577e-16,0.0004342533470312659,0.0,1.0-1.5
1800,59.23459354705901,1.1025760664238877,inf,inf,2.558615080913813e-16,0.001585635494924725,1.4901161193847656e-08,1.0-1.5
1801,55.5498251094673,1.8957029159142729,37.092120202752994,1.5692816585116562,0.00010582531262938055,0.003925285216542898,1.9390639438629789,1.5-2.0
1802,69.3693519616627,2.8025207322918524,105.24961619363681,2.0222205207994914,4.734892676075413e-05,0.004983456368749991,2.3786971762101565,2.5-3.0
1803,30.684034720900932,2.814864108855967,46.25121148291974,1.665123112933563,4.739533010807987e-05,0.0021920914361315954,2.3685562337570016,2.5-3.0
1804,38.415461069884174,1.9452935729410088,24.993897652511855,1.3978339870982712,0.0001062245099048538,0.002654964528750148,1.899733074188844,1.5-2.0
1805,24.080103194908087,1.4803402371992576,inf,inf,7.513160343055406e-16,0.0007127311124298163,0.0,1.0-1.5
1806,29.18994948219823,2.367824036943839,29.63772410175938,1.4718448508593622,7.391825709225572e-05,0.0021907689097831937,2.1998369893506564,2.0-2.5
1807,17.57287423581957,1.8975885509254173,11.733532175781868,1.0694287685976542,0.00010578983719655247,0.001241288458616474,1.937574968814433,1.5-2.0
1808,90.44030064372865,2.556956135797244,158.50198914487197,2.2000347168327665,4.611149650031849e-05,0.007308763917747283,2.5539575213021077,2.5-3.0
1809,88.74241471276741,2.583097730363157,153.07582828633872,2.1849066180618006,4.6253981332290947e-05,0.007080366503981286,2.53755395623498,2.5-3.0
1810,36.001659483442715,2.2557622360303897,39.01789646173658,1.5912638519450784,7.305105825481569e-05,0.002850298627406686,2.286491596391057,2.0-2.5
1811,69.32179626265552,2.9320624511202276,97.94667205982363,1.990989684530775,4.78990479881236e-05,0.004691552345270497,2.26547733494572,2.5-3.0
1812,49.02755105348328,2.1216855681950415,57.638233434119925,1.7607106615664712,7.19080529678174e-05,0.00414465314275212,2.381787005795229,2.0-2.5
1813,28.078272660203517,2.936895608600323,39.584483838519745,1.5975249863341079,4.790927992970471e-05,0.0018964641170925146,2.2609605802398858,2.5-3.0
1814,34.96042129842877,2.129870956103793,40.905357100186116,1.6117801883666638,7.1969867450403e-05,0.002943953128511796,2.376236784664757,2.0-2.5
1815,96.51556896485877,1.045893495672315,inf,inf,8.746805097051134e-16,0.002545774558914389,0.0,1.0-1.5
1816,34.14614606061177,2.0690976741627574,41.50227220980917,1.6180718745715614,7.141505666305705e-05,0.00296388712150914,2.4166137882521217,2.0-2.5
1817,57.866643771229455,2.419404802229867,57.039509374256234,1.7561757812728136,7.430582410905487e-05,0.00423836775083027,2.1579262753055066,2.0-2.5
1818,94.51024888116922,1.557892729862646,76.68966454705792,1.8847368380997882,0.00010221397078084944,0.007838755131206123,2.1933788695583227,1.5-2.0
1819,29.759387078403222,0.9194504507690542,inf,inf,4.41683261221189e-16,0.000769624564071461,0.0,0.5-1.0
1820,80.89400325477799,1.3792978783292926,inf,inf,6.555241813640357e-16,0.002305474541283688,0.0,1.0-1.5
1821,11.408078950961354,2.453840684100976,11.06620992420871,1.0439989044522098,7.44261512433179e-05,0.000823615413509463,2.1292811469289648,2.0-2.5
1822,73.33305180215504,1.019188707355217,inf,inf,4.628840233854595e-16,0.0019238150486997482,0.0,1.0-1.5
1823,80.66877082113488,0.5284914641448932,inf,inf,9.379216964580587e-16,0.0018889761908031776,0.0,0.5-1.0
1824,83.74438079247494,2.697569982742937,134.9451459788779,2.130157267458656,4.6849165877288215e-05,0.0063220675282993225,2.4595961966294473,2.5-3.0
1825,97.50530135363451,2.9294048969417488,137.9593486673777,2.1397511353124052,4.788943842247139e-05,0.006606795732810645,2.267951937424048,2.5-3.0
1826,71.09387387980858,2.672266236573514,116.27751788067715,2.0654957525253708,4.672099177854804e-05,0.00543260095693309,2.4777193795525383,2.5-3.0
1827,97.7211072365155,2.50302249948272,91.98979227688447,1.963739638174063,7.486447235735517e-05,0.006886767261071662,2.087502462008861,2.5-3.0
1828,27.835333472856515,2.3241119980859426,28.98629859641819,1.4621927616888621,7.358434541436995e-05,0.002132937808202903,2.234373615455335,2.0-2.5
1829,52.156087706110334,1.8785839944482965,35.147092586833246,1.5458894054378203,0.00010567634322709014,0.0037142162196405057,1.9525559413605444,1.5-2.0
1830,21.407418724438422,2.129587173250256,25.07923823449998,1.399314340947455,7.192839036606797e-05,0.0018039092378147317,2.376429791724435,2.0-2.5
1831,8.352872947314616,2.3659148446238785,8.548812685799037,0.9319058012998583,7.365063882368658e-05,0.0006296255154931349,2.2013645401257578,2.0-2.5
1832,43.893635447760204,1.3214990039598087,inf,inf,2.1977757830332332e-16,0.0012385994601378494,2.1073424255447017e-08,1.0-1.5
1833,71.96803711468272,1.0131473322213973,inf,inf,7.7110976308270785e-16,0.001885498654440154,0.0,1.0-1.5
1834,77.84468643681663,2.2348731964992483,85.39203670808206,1.9314173721528096,7.289337147310416e-05,0.006224513452607172,2.301949131356613,2.0-2.5
1835,1.698845970023266,2.0086744944805157,1.3275935786160145,0.12306514312013403,9.57900449352536e-05,0.00012717024855138216,1.8490241693776122,2.0-2.5
1836,94.22190752254402,2.9759114073703956,130.06204774775588,2.1141505874279134,4.8067363578734725e-05,0.006251739736886138,2.2237304837530516,2.5-3.0
1837,24.723345865322333,1.5364473427114649,20.35535268371848,1.3086786315135446,0.00010187871775047348,0.0020737772307758977,2.2084654153826415,1.5-2.0
1838,29.220021622047398,1.53518368166163,24.067441372082836,1.3814299225538116,0.00010188175206987995,0.0024520330948269147,2.209349742919948,1.5-2.0
1839,83.2411985893265,0.8051948808820126,inf,inf,7.388768842472281e-16,0.0020776465903802935,0.0,0.5-1.0
1840,89.42148570439237,0.5372971612495434,inf,inf,5.873057440699453e-16,0.002097634612384637,0.0,0.5-1.0
1841,73.64368663906552,0.848193544961791,inf,inf,9.7071161901844e-16,0.0018571364477941428,1.4901161193847656e-08,0.5-1.0
1842,33.281660866604035,1.98003915073201,21.27241854538124,1.327816869366819,0.00010648291674378822,0.002265149172906847,1.8719870951030426,1.5-2.0
1843,46.284248473369075,2.909553005645393,66.19976394559507,1.820856440839877,4.780694376810675e-05,0.003164808392409004,2.2862354819728146,2.5-3.0
1844,83.46050812332881,0.7831554513412118,inf,inf,1.0223337197416959e-15,0.002072530780022191,0.0,0.5-1.0
1845,35.730854298992185,0.9001230332835498,inf,inf,8.340389905531216e-16,0.0009170149258284133,0.0,0.5-1.0
1846,80.53060062719204,2.2047213949724997,89.95629022815251,1.954031536951863,7.264056232238268e-05,0.006534475506608456,2.3238659347043766,2.0-2.5
1847,78.20094566419694,1.255280570453819,inf,inf,3.8732833595040505e-16,0.0021660172824879906,0.0,1.0-1.5
1848,46.86714511390486,0.6141245282026435,inf,inf,4.499430415244264e-16,0.0011225319425272036,0.0,0.5-1.0
1849,89.65550476680205,2.719160283746316,142.66421554656168,2.154315052725187,4.695609627873927e-05,0.006698954640735162,2.443716902863126,2.5-3.0
1850,38.451975398787944,0.8725426212089176,inf,inf,2.2490978636400216e-16,0.0009796164832846601,0.0,0.5-1.0
1851,74.99153200226637,1.590908591827846,59.63275215369395,1.775484853242786,0.00010262179729456822,0.0061196202036336075,2.169867426181126,1.5-2.0
1852,63.97488235448468,2.386390052567924,64.24270410900073,1.8078238130131696,7.407175691367227e-05,0.004758569962238877,2.1848929545076885,2.0-2.5
1853,33.1250666115689,2.4500292641588324,32.10854687715968,1.5066206513307132,7.450651760386361e-05,0.0023922960131375778,2.1324769256542373,2.0-2.5
1854,53.178395122711606,2.8894948500752538,76.89023596775907,1.8858711937084118,4.772573699096925e-05,0.003669643178970833,2.3043473519249407,2.5-3.0
1855,60.6039877054668,1.9813252199535707,38.70482595970897,1.5877651189466084,0.00010650013924569462,0.004122069354189381,1.87095752176414,1.5-2.0
1856,53.68259240887387,0.870041098780382,inf,inf,1.6261820390461385e-15,0.0013626732491098298,0.0,0.5-1.0
1857,11.071907585627617,0.7011156827616687,inf,inf,5.172055612783305e-16,0.0002892944266602838,0.0,0.5-1.0
1858,99.14505911073842,2.1076824595910306,117.54792214839436,2.0702149566641723,7.17910674191e-05,0.008438890803930498,2.3912011226644463,2.0-2.5
1859,96.66045916394673,1.8383572562503068,66.57040383387687,1.8232811915061602,0.00010531707368078933,0.007011000125532311,1.9840636981447561,1.5-2.0
1860,3.7474479526937055,1.1229868280125086,inf,inf,5.329940483174505e-16,0.0001536120409477664,0.0,1.0-1.5
1861,94.4279804409606,0.912475786377994,inf,inf,6.55235278937824e-16,0.0024152520326342986,2.1073424255447017e-08,0.5-1.0
1862,53.14888459731323,1.375658083136615,inf,inf,4.465784965725887e-16,0.0015163117592651148,0.0,1.0-1.5
1863,12.57045043452325,1.2198142166756447,inf,inf,5.477215506295802e-16,0.00036469564281486845,0.0,1.0-1.5
1864,82.0569057915657,1.3864140711974022,inf,inf,6.117601124145269e-16,0.0023423692126605528,0.0,1.0-1.5
1865,43.296508841676285,1.3784688982504738,inf,inf,3.6431865586620415e-16,0.0012380944759334083,0.0,1.0-1.5
1866,71.3190665595797,2.3813117263050536,71.82268546377904,1.8562616394463696,7.403574722156982e-05,0.005317446185770662,2.188996577041295,2.0-2.5
1867,82.72233181653823,1.6539941737502193,63.32165711715159,1.8015522717528232,0.00010337660000218824,0.006545977619275496,2.1240241212431714,1.5-2.0
1868,53.803963831760335,2.6196433922339013,90.80227201317348,1.9580967153761433,4.644591819556638e-05,0.004217394897895422,2.5137720058977724,2.5-3.0
1869,4.966529304160461,1.755104990815473,3.664394382231965,0.5640022086666184,0.00010333705295155077,0.00037866771631206973,2.0482601599267536,1.5-2.0
1870,82.24708128094376,1.226144427048054,inf,inf,6.223525029133631e-16,0.002262479536556521,2.1073424255447017e-08,1.0-1.5
1871,69.40383247166554,2.810669822051403,104.82018064800172,2.0204449038340684,4.7385829977280596e-05,0.0049669912583740474,2.3720172269538864,2.5-3.0
1872,91.01414451111563,2.128591766986287,106.51638404277462,2.027416414836704,7.19783513498579e-05,0.007666873715147228,2.377106458146555,2.0-2.5
1873,27.01370909596944,2.6075091801032264,45.954903214014756,1.6623318557696738,4.636537624572022e-05,0.0021307163778534516,2.521780089368663,2.5-3.0
1874,78.51713303122953,1.0824015431359433,inf,inf,3.3848428375700237e-16,0.0020896385189913286,0.0,1.0-1.5
1875,87.31176278866775,2.9331801652666165,123.28806732975264,2.0909210446117594,4.7904081037534905e-05,0.00590600156832553,2.2644346638400497,2.5-3.0
1876,35.50511017245319,2.087631883983221,42.65118199590836,1.629931071310987,7.15879078447349e-05,0.003053308886192104,2.4045032816389167,2.0-2.5
1877,41.01880095715109,1.436902713261566,inf,inf,7.140924114032408e-16,0.0011895685459281428,0.0,1.0-1.5
1878,33.39874685776487,1.1277165532502902,inf,inf,6.695075171433696e-16,0.0009043615720047821,1.4901161193847656e-08,1.0-1.5
1879,0.572754780013629,0.7470893353988688,inf,inf,6.994504191766287e-17,0.00010742652171483775,0.0,0.5-1.0
1880,23.155739427397716,0.5821993141669797,inf,inf,8.406049434699737e-16,0.0005577065076271548,0.0,0.5-1.0
1881,33.15363441342106,0.9900037604227592,inf,inf,6.802615495921714e-16,0.0008697316691197675,0.0,0.5-1.0
1882,10.840380480042333,1.2746267918152063,inf,inf,4.155323163507538e-16,0.00032427925402444136,0.0,1.0-1.5
1883,76.55562461493692,1.8266381005994234,53.06673065898746,1.7248223323910654,0.00010520531692921676,0.0055829022173761594,1.9931869389844814,1.5-2.0
1884,42.695261691919605,1.494944893372248,inf,inf,5.323279568401483e-16,0.0012543618180791787,2.580956827951785e-08,1.0-1.5
1885,56.821428585009585,0.6135382989743217,inf,inf,7.502325994459962e-16,0.0013589239421236607,2.1073424255447017e-08,0.5-1.0
1886,28.460661638848162,0.8610084644600629,inf,inf,3.823873606889345e-16,0.0007268733438599837,0.0,0.5-1.0
1887,36.03483062902541,0.5460249604962731,inf,inf,6.059221229050241e-16,0.0008521000168344837,1.4901161193847656e-08,0.5-1.0
1888,75.33840490958822,0.6010632931559097,inf,inf,6.318593888271263e-16,0.0017943493788793723,1.4901161193847656e-08,0.5-1.0
1889,46.98179693839622,1.2436401614284693,inf,inf,8.035838314397223e-16,0.0013013205652712885,0.0,1.0-1.5
1890,59.65220215063479,2.096309028918812,71.23919243510626,1.8527189876726629,7.168256873362258e-05,0.005106608308257271,2.398772249926912,2.0-2.5
1891,42.26805150414242,0.8833103700728049,inf,inf,3.529881202232544e-16,0.001078351000003237,0.0,0.5-1.0
1892,55.70348731707027,2.708951751806975,89.17557374745225,1.9502459122301945,4.6903230952545846e-05,0.004182622530802537,2.451273284288088,2.5-3.0
1893,89.73582835099681,2.9683014422502283,124.36740500530328,2.094706572628139,4.8038913448209125e-05,0.005974475004828134,2.231099112952055,2.5-3.0
1894,26.740170968674136,2.0376165353649274,33.17195427742813,1.5207710581007832,7.110349198447485e-05,0.002358641785074477,2.436776800543818,2.0-2.5
1895,51.90619640593523,0.6208136160736215,inf,inf,7.105672853499623e-16,0.0012441719912059024,2.1073424255447017e-08,0.5-1.0
1896,68.72261075935417,0.9539375968497811,inf,inf,6.169248420905871e-16,0.001776330865976338,0.0,0.5-1.0
1897,8.678948895029848,1.777477605532228,6.223934319592006,0.7940650009499376,0.00010438233437647256,0.000649668793284856,2.03115507916297,1.5-2.0
1898,96.20075864412101,2.8372451183627727,143.14239366851484,2.1557682753366043,4.7505136987600286e-05,0.006799999019955805,2.349824163285393,2.5-3.0
1899,49.875774005902976,2.954763206536197,69.62740948385564,1.8427802373729745,4.7985532715864994e-05,0.0033411083357084833,2.244080132964366,2.5-3.0
1900,24.53372202999956,2.3420243874411417,25.28919177328138,1.4029349497867547,7.37144961367198e-05,0.0018641800292723163,2.220332543990684,2.0-2.5
1901,76.04307826465036,2.7258079110366165,120.54149759107729,2.0811365827806467,4.6987932778842396e-05,0.0056639957858705325,2.438749510066984,2.5-3.0
1902,81.55809041170546,0.7428218677226321,inf,inf,4.882141941236e-16,0.002006640241047773,0.0,0.5-1.0
1903,63.06197284859213,1.7680696295495442,45.1726105205186,1.65487518912009,0.00010462393173113104,0.00472613611921571,2.038361880075489,1.5-2.0
1904,91.61627731148234,1.6956562227628444,68.4224542050986,1.8351986475838642,0.000103851610116564,0.007105782037326356,2.0931281378953477,1.5-2.0
1905,8.891069340504455,1.0415629429902653,inf,inf,5.965199292310364e-16,0.00026033252179007426,0.0,1.0-1.5
1906,52.75984888050187,1.910194699480087,34.95975068131405,1.5435683267622613,0.00010594674993423466,0.0037038719631963695,1.927606711787565,1.5-2.0
1907,74.28900848748059,1.9073738733763324,49.29608870155338,1.6928124624269492,0.0001059262574852234,0.005221750184815155,1.929839339551689,1.5-2.0
1908,91.68181334584435,2.928766548763287,129.76479565191644,2.113156887165161,4.7886803120114054e-05,0.006214021221305155,2.268545391400624,2.5-3.0
1909,64.14467819739146,0.66752904652348,inf,inf,5.133269761806636e-16,0.001552344714902968,0.0,0.5-1.0
1910,60.23118394011318,1.2479280054520139,inf,inf,5.354866665987849e-16,0.0016672036130903154,0.0,1.0-1.5
1911,38.82280129869577,0.9277182484896815,inf,inf,9.899303880225543e-16,0.001001627151729915,2.1073424255447017e-08,0.5-1.0
1912,57.1610031517343,1.057750907989504,inf,inf,4.1094188080628086e-16,0.0015146684426514043,1.4901161193847656e-08,1.0-1.5
1913,55.47968971565121,1.2958905780021759,inf,inf,5.47689978241176e-16,0.0015534981859243139,1.4901161193847656e-08,1.0-1.5
1914,90.50249884195408,1.4222612185249726,inf,inf,5.876409373628289e-16,0.002604285092595916,0.0,1.0-1.5
1915,82.71012064048008,2.893625906762233,119.31155055134265,2.0766824897548957,4.7744732984554606e-05,0.005696498123047043,2.300646865751426,2.5-3.0
1916,73.71954904485254,1.3210001275135608,inf,inf,3.9913908995477897e-16,0.0020735125507660747,0.0,1.0-1.5
1917,92.37848452716288,1.7097053778856326,68.4275219946463,1.835230812924307,0.00010400708929001703,0.007116947389991782,2.082604909544865,1.5-2.0
1918,6.616252308545367,0.9147019884611682,inf,inf,3.374706043115363e-16,0.00020214486511724802,0.0,0.5-1.0
1919,76.96176071535612,1.0514817161110641,inf,inf,1.4420070129600208e-15,0.002033797434771968,0.0,1.0-1.5
1920,46.36166520199529,1.0419089876191054,inf,inf,7.383624069757675e-16,0.001225833707097128,0.0,1.0-1.5
1921,75.18047975569971,1.922251080660129,49.498085469278585,1.6945884012324028,0.00010604881559624726,0.005249213338298811,1.9180513020562346,1.5-2.0
1922,29.61775047568481,1.2519578715416155,inf,inf,3.771573895381483e-16,0.0008271741803235762,1.4901161193847656e-08,1.0-1.5
1923,46.733827860822096,1.1945993036962792,inf,inf,9.692899359217406e-16,0.001279932992404219,0.0,1.0-1.5
1924,82.45907224676958,1.8090225076404667,57.71933951026128,1.7613213527629312,0.0001050364048481576,0.006062631912368063,2.0068497121224214,1.5-2.0
1925,3.5180208572354266,0.5410634468366458,inf,inf,4.639199950069113e-16,0.00013083909896916446,0.0,0.5-1.0
1926,29.112654613688004,2.658581285250099,48.03095793340266,1.68152124833045,4.663672506134627e-05,0.002240006579573188,2.4873054202461122,2.5-3.0
1927,48.84617948578516,0.6286275949896645,inf,inf,6.407302042496742e-16,0.0011734628022407772,0.0,0.5-1.0
1928,85.1502163307065,1.5284327427995583,70.3715390188637,1.8473970491102605,0.0001018380399585521,0.00716649960254785,2.214065307833885,1.5-2.0
1929,27.003319462069143,2.9713936732514403,37.378216552887615,1.572618575809067,4.804114746119863e-05,0.0017956924132538894,2.228111171826559,2.5-3.0
1930,82.30744043702514,0.9199665063981362,inf,inf,3.4413573322189247e-16,0.0021095806750019807,1.4901161193847656e-08,0.5-1.0
1931,24.454444321739732,0.6125574570493979,inf,inf,9.452790763993527e-16,0.0005920923341926005,0.0,0.5-1.0
1932,30.315094653549647,1.7146714979526698,22.40287697210951,1.350303793909211,0.00010403270643230426,0.002330631923278498,2.0788729666363492,1.5-2.0
1933,55.381809120929226,2.0764794720249995,66.96977294282445,1.8258788264881343,7.149959189637423e-05,0.004788311434804793,2.4118117609429714,2.0-2.5
1934,65.39052031341875,1.4558515284258338,inf,inf,3.329507230143691e-16,0.001898301226941173,2.1073424255447017e-08,1.0-1.5
1935,88.00699938076573,1.0502594595076427,inf,inf,4.955296239489383e-16,0.0023241601614527032,0.0,1.0-1.5
1936,87.9467069942294,2.2274786939907703,96.900070231252,1.9863240918189196,7.283271103158936e-05,0.0070574948140934915,2.3073673834615596,2.0-2.5
1937,25.016175016220433,1.9743657127940617,16.038346990478956,1.2051596052257347,0.00010643248167266111,0.001707001072123931,1.8765269253344588,1.5-2.0
1938,74.5602167053922,1.3676229216856277,inf,inf,9.032162335851922e-16,0.0021197769451867304,0.0,1.0-1.5
1939,63.49930213047315,2.0391557505533884,78.61416935880935,1.8955008300056022,7.115481048707348e-05,0.005593776322324778,2.43580284465449,2.0-2.5
1940,38.614353290833705,2.600077642403462,65.95285046937606,1.8192335704110973,4.63366556603682e-05,0.0030560345220192317,2.5266294142654018,2.5-3.0
1941,77.60418654789535,1.7868110830964221,55.00126949725921,1.7403727136631832,0.00010481640342589446,0.005765035252561065,2.0239859091437538,1.5-2.0
1942,89.75193722297632,1.469518693239799,inf,inf,5.384244544932116e-16,0.0026110760162527786,0.0,1.0-1.5
1943,47.91945734059713,2.039307996113429,59.33007805003604,1.773274919661871,7.115024661231059e-05,0.0042213496847877,2.435706443323224,2.0-2.5
1944,91.6105344963588,1.7624807166162277,65.82704253868863,1.8184043436538235,0.00010456978929577012,0.006883519968234366,2.042633668040988,1.5-2.0
1945,12.762075596851819,0.746893305534913,inf,inf,4.186971789898362e-16,0.0003314245449346884,2.1073424255447017e-08,0.5-1.0
1946,16.61906877261481,2.757978330576745,25.907241305947537,1.4134211702459498,4.7100167007735664e-05,0.0012202353922198368,2.414182592022444,2.5-3.0
1947,76.42010834507587,0.810628540387685,inf,inf,2.485570820719017e-16,0.001910271962758503,1.4901161193847656e-08,0.5-1.0
1948,30.555168606385287,2.35648797087293,31.22457355991461,1.4944965158423107,7.383563332244066e-05,0.0023054861640194307,2.2088816651700336,2.0-2.5
1949,58.536585018658116,1.5832012025099247,46.77177970374064,1.6699838954763633,0.00010252255167754935,0.0047951622017277035,2.175386470708732,1.5-2.0
1950,49.70711067839632,2.4586118500982916,47.9439147063186,1.680733492066033,7.45721031749084e-05,0.003575278554088599,2.125271941382204,2.0-2.5
1951,14.578543953056078,1.8075396994314068,10.233984864182919,1.0100447703254967,0.00010491452210880158,0.0010736936312944595,2.007996924337317,1.5-2.0
1952,75.42336602053469,2.55158704241082,132.6230929070992,2.1226191518886375,4.608101807232467e-05,0.006111407141059632,2.557265268005995,2.5-3.0
1953,74.14325408798548,1.674728660045321,56.061498499131105,1.7486647020793875,0.0001036138651814606,0.005808748547359626,2.108706849118117,1.5-2.0
1954,14.520342198921266,1.1178940954938186,inf,inf,2.0827985640318348e-16,0.00040596224821433076,1.4901161193847656e-08,1.0-1.5
1955,25.977164165235067,2.4258292840699553,25.527642020981506,1.4070107010333683,7.433081129870018e-05,0.0018974903419623455,2.1526215681048337,2.0-2.5
1956,80.0584687412347,2.5688836165031685,139.29529262958374,2.1439364400453575,4.61762691146831e-05,0.0064321369188721925,2.5465349621611724,2.5-3.0
1957,91.22308919607362,1.7564610761395254,65.77397429153707,1.8180540842302024,0.00010450730031173844,0.006873860483982229,2.0472266335491662,1.5-2.0
1958,87.00901227640772,2.822687856721073,130.5223264527852,2.1156848061256635,4.7440523524954975e-05,0.006192047498615209,2.3620586761915274,2.5-3.0
1959,50.1861933791108,2.2688552925957395,53.95647419688387,1.7320435628148017,7.316634232804457e-05,0.003947797861903509,2.2766896135219845,2.0-2.5
1960,36.739544207819584,2.8315743114440908,54.855153179612614,1.7392174321358205,4.7473481022716116e-05,0.002604165073470525,2.3546125880023077,2.5-3.0
1961,44.52519106276897,0.9886036857510412,inf,inf,7.826180723690989e-16,0.001163296600805887,0.0,0.5-1.0
1962,17.638849463743856,2.8587557541645343,25.96873332455365,1.414450766588377,4.756746485398188e-05,0.0012352668097181337,2.3313990878616337,2.5-3.0
1963,49.59888447461315,2.419133288588246,48.899764741395465,1.6893067697215847,7.430209694188983e-05,0.003633355060250772,2.158150060088005,2.0-2.5
1964,23.088753555933607,2.8569514987208033,34.00721039706429,1.5315710083264236,4.757300077892414e-05,0.0016178250467085765,2.3329604773423025,2.5-3.0
1965,16.194964166764247,1.374929418461889,inf,inf,4.369197899636167e-16,0.000476606723157036,1.4901161193847656e-08,1.0-1.5
1966,38.06228616232434,1.8899810927963705,25.49610863895106,1.4064739009989538,0.00010576965532512957,0.002696714622873912,1.9435787267643625,1.5-2.0
1967,6.39353833976436,2.735802084151428,10.211008424175885,1.0090686344893092,4.672560183477765e-05,0.0004771155139596028,2.4312115051863743,2.5-3.0
1968,47.03541388242204,2.181099932479353,53.3116051436502,1.7268217587683587,7.243051587352578e-05,0.0038613870626002943,2.3407077155014164,2.0-2.5
1969,69.61366347622425,1.2225322809480055,inf,inf,1.4715937590618555e-16,0.0019144054335021778,0.0,1.0-1.5
1970,65.14065118515586,1.2228415382351348,inf,inf,3.7982424906161214e-16,0.0017920140336520536,0.0,1.0-1.5
1971,97.52587366637893,2.8657524483656167,142.84343632908795,2.1548602893001476,4.762836126275572e-05,0.006803398789495246,2.325316521239282,2.5-3.0
1972,88.57945668027098,2.1784078106952545,100.54019016214264,2.0023397023192606,7.241587681745013e-05,0.007280706025984732,2.342608786270134,2.0-2.5
1973,63.3751749179569,0.632252981281773,inf,inf,4.455515530844014e-16,0.0015213634497408977,0.0,0.5-1.0
1974,89.76226523941698,1.1468088220213806,inf,inf,2.819065924248499e-16,0.002423846755259527,2.1073424255447017e-08,1.0-1.5
1975,44.4446689866281,1.8923365875748215,29.732053063831007,1.4732248992320967,0.00010579325558519393,0.003145450688854422,1.9417207567449015,1.5-2.0
1976,79.88741238180438,0.9738532597452833,inf,inf,1.4567737648863815e-15,0.002073368527391425,1.4901161193847656e-08,0.5-1.0
1977,28.447956572408394,1.664604614408355,21.654143995218362,1.3355410204140028,0.00010346324852335162,0.0022404080817377196,2.1162007123477897,1.5-2.0
1978,52.67028378184817,2.169202270797345,60.12995714016474,1.7790908942862678,7.232977352678794e-05,0.0043491861821235815,2.349080918175049,2.0-2.5
1979,97.98679692606684,0.71046524777974,inf,inf,4.573525624634154e-16,0.0023918690564251792,0.0,0.5-1.0
1980,59.87996938390644,1.1344413064626833,inf,inf,4.553988201969582e-16,0.0016146578004700928,0.0,1.0-1.5
1981,50.67912984558669,2.7018054812732806,81.47396750164309,1.911018865471269,4.686688996889817e-05,0.003818431470229092,2.456511485671393,2.5-3.0
1982,78.73075919750772,0.6022176142117068,inf,inf,5.661652929413668e-16,0.001875385228124585,0.0,0.5-1.0
1983,31.23572953885907,0.7787967262056359,inf,inf,4.0004000281173036e-16,0.0007812402747015876,1.4901161193847656e-08,0.5-1.0
1984,83.1044021095487,2.5499889212147426,146.2687023097424,2.165151408365347,4.607272637242329e-05,0.0067389978983662,2.558245838193647,2.5-3.0
1985,1.8545745125166269,2.191049599220629,2.6237814248269804,0.4189276531329909,6.471063752903715e-05,0.00016978656873739938,2.3336489997908716,2.0-2.5
1986,23.825634011136366,1.6785558727147105,17.9920372013207,1.255080340399541,0.00010360667515166354,0.0018640951536338793,2.105866627084044,1.5-2.0
1987,17.724720874982967,2.647678176747435,29.47030997613737,1.4693847038926122,4.6550530953859214e-05,0.0013718585767640086,2.4948361320424377,2.5-3.0
1988,25.735043900986476,1.021321069900509,inf,inf,5.051414643411701e-16,0.0006837689054436843,0.0,1.0-1.5
1989,94.55314911748243,0.5138209998562402,inf,inf,6.456799228705227e-16,0.002205748041336368,1.4901161193847656e-08,0.5-1.0
1990,2.3895037514312767,2.530776118109427,4.851691236179942,0.6858931543771226,4.304916432110382e-05,0.00020886125326156967,2.5698925381126383,2.5-3.0
1991,29.874508213654426,2.094084442852078,35.752152141976964,1.5533021897805326,7.16371915780329e-05,0.002561183772321783,2.4002452607407054,2.0-2.5
1992,57.43907619570666,1.3420642370469544,inf,inf,5.616294820772982e-16,0.0016252743439690936,0.0,1.0-1.5
1993,70.30894641939342,1.9483454531400821,45.666321640606846,1.6595960311926579,0.0001062551032231626,0.004852279719744824,1.8973017266401973,1.5-2.0
1994,77.37839164479074,0.7035598074483519,inf,inf,1.3916196994301718e-15,0.0018869150044476955,0.0,0.5-1.0
1995,38.32863157708605,1.28200512875907,inf,inf,2.8565062180132626e-16,0.0010733535874456646,0.0,1.0-1.5
1996,22.017384256136307,1.9212143391578123,14.51225983647542,1.1617350456626323,0.0001060099051225289,0.001538443288378246,1.9188737960568407,1.5-2.0
1997,85.23525766568837,2.611363395119052,144.54316363986808,2.1599975559603832,4.6405297316837166e-05,0.006707568483824326,2.5192486223372614,2.5-3.0
1998,12.209217051157372,1.2914851004879093,inf,inf,5.343831378122317e-16,0.00036127194357806207,1.4901161193847656e-08,1.0-1.5
1999,6.502189015755421,0.6521663031314369,inf,inf,6.460327198730468e-16,0.00018796351943739368,0.0,0.5-1.0
2000,23.157976441133133,0.7203521320306432,inf,inf,1.338767201672803e-16,0.000575839484872774,0.0,0.5-1.0
2001,49.258688299553825,1.2658922365426362,inf,inf,8.082861694890706e-16,0.001370894033233624,0.0,1.0-1.5
2002,94.21587051855312,2.06558319241598,114.69303103440386,2.0595370301484204,7.140553810343446e-05,0.008189717597725516,2.418890123682591,2.0-2.5
2003,72.88520481572128,2.2631293436617845,78.61693111034272,1.8955160867003384,7.31247745492338e-05,0.005748845363196457,2.280986991102929,2.0-2.5
2004,56.39723423952818,2.2369412233161716,61.79473492319588,1.7909514736128933,7.2906891460343e-05,0.004505262031866109,2.3004287824602296,2.0-2.5
2005,52.12190750747626,2.687301912027092,84.50649237239838,1.9268900757330494,4.6794635366050394e-05,0.003954450496630301,2.4670133029405616,2.5-3.0
2006,69.34173969636204,2.204478660683111,77.47214592299234,1.889145585779641,7.263712582886832e-05,0.005627354011640843,2.3240404707203792,2.0-2.5
2007,62.646667600498304,2.1766184533248847,71.1901285874891,1.852419777384066,7.239700153718137e-05,0.005153951848780588,2.343870277185098,2.0-2.5
2008,33.631134655458524,1.9851226141809726,21.440376478174333,1.3312324069982588,0.00010651980576695125,0.00228382473802544,1.86791648711077,1.5-2.0
2009,9.273007213371553,2.1663931663775244,10.69492936051892,1.029177920423381,7.19991989046431e-05,0.0007700263462991091,2.3510471383553266,2.0-2.5
2010,20.092201922055462,2.326153449746568,20.912137804240704,1.3203984321064066,7.357554204406649e-05,0.001538621874247224,2.2327812702150314,2.0-2.5
2011,78.27083823173393,2.940160063598452,110.11140513738088,2.041832304727428,4.793110584581291e-05,0.00527776141447099,2.2578979228656166,2.5-3.0
2012,63.44532730201126,0.9489902336986024,inf,inf,5.462395282506133e-16,0.0016386131860605428,0.0,0.5-1.0
2013,79.71775948880612,2.10769168822267,94.51837416643373,1.9755162426194606,7.178951631507678e-05,0.006785428364295726,2.391194951979612,2.0-2.5
2014,4.449097220649934,0.8107702359591777,inf,inf,5.03810401010226e-16,0.00015495272480387054,1.4901161193847656e-08,0.5-1.0
2015,90.08197026489731,1.0151708440153746,inf,inf,1.2894006343001065e-15,0.002359629583144102,0.0,1.0-1.5
2016,38.22516471781869,2.8167451594346966,57.54737738836666,1.7600255362766066,4.740793643447235e-05,0.0027282024091982784,2.3669989925057804,2.5-3.0
2017,92.61674382789194,1.5119192720435157,inf,inf,6.096062104283685e-16,0.0027207383637531416,0.0,1.5-2.0
2018,59.45188336132379,1.9178592279540634,39.23421775078128,1.593664998097132,0.00010601127661155149,0.004159269510615919,1.9215345194273847,1.5-2.0
2019,54.73128211280947,1.0291567878215426,inf,inf,2.3763224383907045e-16,0.0014411132727060025,0.0,1.0-1.5
2020,81.80772192126025,1.7750695707240958,58.36554553168906,1.7661565491465827,0.00010469816361157777,0.006110765435355773,2.033001598845309,1.5-2.0
2021,62.54313362673722,0.5609638282567251,inf,inf,6.410777654166312e-16,0.0014769675759831779,2.1073424255447017e-08,0.5-1.0
2022,67.45718203614756,1.9520866619248212,43.729747263476916,1.6407769673426953,0.0001062836203140925,0.004647755854582606,1.8943196348537776,1.5-2.0
2023,15.760144803070652,2.8855597011361236,22.8694448345458,1.3592556220523215,4.767496194886485e-05,0.0010902999122786347,2.307858015601316,2.5-3.0
2024,60.445702190105266,2.2181489134769823,66.98083322632523,1.8259505457619916,7.275096826804936e-05,0.004872920472615894,2.314163573684594,2.0-2.5
2025,35.64994420885479,2.163677472014652,40.850157915366175,1.6111937397335403,7.226998264441437e-05,0.0029522402035651,2.352944073871284,2.0-2.5
2026,7.558773778447425,1.8871969065042795,5.101392922631521,0.7076887753168735,0.00010542812508958899,0.00053783029117834,1.9457737021084272,1.5-2.0
2027,13.319101946361723,1.300857578506162,inf,inf,4.521915961821909e-16,0.00039142709023665573,0.0,1.0-1.5
2028,47.979919930074054,2.4345113441012307,46.89998623203113,1.6711727152235314,7.440830282949611e-05,0.003489748378252171,2.1454237833556133,2.0-2.5
2029,26.250474612038033,1.4713135938767552,inf,inf,3.4791572242074376e-16,0.0007734250342650914,0.0,1.0-1.5
2030,76.5322870832175,1.341450948715052,inf,inf,5.0770244448221e-16,0.002162548202853626,0.0,1.0-1.5
2031,12.239848297579293,1.8686467397760738,8.312038815862444,0.9197075626380898,0.00010546438445371603,0.0008766240572703273,1.9603657365285154,1.5-2.0
2032,1.3818922317347715,2.9370409451326713,2.392668037519981,0.3788824481019635,4.322958665209177e-05,0.00010343405025766038,2.2608244321025124,2.5-3.0
2033,99.69796484520401,2.3352742725058664,103.08172616481733,2.0131816824591757,7.369456740869626e-05,0.0075965632174578995,2.2256421126263817,2.0-2.5
2034,31.297198645792314,2.186563778677259,35.37001767872972,1.5486352768849478,7.246266707137528e-05,0.0025630058153624496,2.336837791106481,2.0-2.5
2035,50.97898372050873,0.8201519670097924,inf,inf,1.1201842328903402e-15,0.0012796726750485187,0.0,0.5-1.0
2036,21.00471243627854,2.520396544736585,19.603733572709782,1.292338791540641,7.494434308972084e-05,0.0014691889347126408,2.072513261701278,2.5-3.0
2037,20.87987597053077,1.5570690829067018,16.98054230098668,1.2299515560236687,0.00010211601210252147,0.0017339852631149337,2.1939610211485254,1.5-2.0
2038,40.23034786686755,2.0711652357026766,48.82337009886841,1.6886277538772954,7.144158944713087e-05,0.0034880191620286823,2.415271638157288,2.0-2.5
2039,78.9799070833627,1.902173194608208,52.553087559938824,1.7205982364604195,0.00010588301359413606,0.005564479284522825,1.9339524610774734,1.5-2.0
2040,3.9002400966966833,2.463645820798514,3.8586412488317015,0.5864344025943702,7.356246473837902e-05,0.0002838511608052368,2.1210314826488075,2.0-2.5
2041,83.730392111191,0.580194019834158,inf,inf,4.3856253718505927e-16,0.001984013219005579,1.4901161193847656e-08,0.5-1.0
2042,99.02673876627142,0.7440183952815783,inf,inf,1.7664085999602598e-16,0.0024360067081148763,0.0,0.5-1.0
2043,55.916221809833935,1.2030333689986694,inf,inf,7.693909439546717e-16,0.0015324331847691647,0.0,1.0-1.5
2044,36.00112757256746,1.0061872195678983,inf,inf,3.317188593865631e-16,0.0009467583477456744,1.4901161193847656e-08,1.0-1.5
2045,23.393579764663595,2.203752841021331,26.177905802761863,1.417934900630211,7.258945220995235e-05,0.0019002398422262167,2.3245621833425414,2.0-2.5
2046,18.295100473860025,0.7918819895322283,inf,inf,1.0541669677219913e-15,0.00046717896706952527,0.0,0.5-1.0
2047,32.33357272063835,0.730946971622048,inf,inf,4.1963725854621273e-16,0.0007993083430503222,0.0,0.5-1.0
2048,85.16571736460257,1.824500017353401,59.10400911699806,1.77161694075158,0.00010518570211998608,0.006216896697077499,1.9948485455771712,1.5-2.0
2049,0.32556663721893253,0.665913551386086,inf,inf,6.12301426386724e-17,0.00010481622803498698,0.0,0.5-1.0
2050,78.59786004414072,2.4853993063551716,74.69943369504614,1.8733173093917201,7.475146637520295e-05,0.005583892206101943,2.1025860899532125,2.0-2.5
2051,66.74313273455536,1.3241441889204792,inf,inf,4.3869253195661306e-16,0.0018793605059266973,0.0,1.0-1.5
2052,1.9016037830180355,1.255948609352103,inf,inf,2.412799305381683e-16,0.00013081840259589992,0.0,1.0-1.5
2053,6.954783367169847,1.9930593343851752,4.436557366836371,0.6470461015293437,0.00010632963656630407,0.0004717375324212703,1.8615558936267427,1.5-2.0
2054,73.50622152030758,2.940399328606044,103.39610272321171,2.0145041693410777,4.793185898131604e-05,0.004955967414946651,2.257673070919066,2.5-3.0
2055,67.31710217728144,1.2077006436123794,inf,inf,1.041523663752382e-15,0.0018451661160782296,0.0,1.0-1.5
2056,31.349267744419095,1.064831662705033,inf,inf,2.787952397790738e-16,0.0008375618502756292,0.0,1.0-1.5
2057,86.12900701553521,1.420790753576215,inf,inf,4.118432741608918e-16,0.0024778874132093984,0.0,1.0-1.5
2058,21.015708132119194,2.447975623382748,20.405692018120156,1.309751327585389,7.447117778561293e-05,0.0015196359181198888,2.1341962772600764,2.0-2.5
2059,42.69088367049498,2.8335669913138184,63.66474465715528,1.8038990015742737,4.7484321792291064e-05,0.0030230772221244047,2.352933240026196,2.5-3.0
2060,11.5004356384092,0.8854574063041651,inf,inf,6.437775427521516e-16,0.00031203406580082593,0.0,0.5-1.0
2061,64.56943970786669,0.5747215672623663,inf,inf,1.094492894949436e-15,0.0015294457481440892,0.0,0.5-1.0
2062,8.70234985271826,1.2644415576496209,inf,inf,4.0893331261282083e-16,0.00026938967189107677,1.4901161193847656e-08,1.0-1.5
2063,17.948197065771897,1.3019035783099762,inf,inf,8.510180926441591e-16,0.0005161405468965267,0.0,1.0-1.5
2064,76.63502756459589,2.3686476808179675,77.73386483637806,1.8906102608533812,7.394342441808838e-05,0.005747908159254619,2.1991774574322056,2.0-2.5
2065,50.02387071088378,2.2015183494236115,55.99710920866653,1.7481656075931709,7.260703801532172e-05,0.004065784237061772,2.326166604670442,2.0-2.5
2066,66.18676226992672,2.3681464488497377,67.15700722575937,1.827091334066686,7.39386241914203e-05,0.004965496719085919,2.1995788565300995,2.0-2.5
2067,73.39531857101636,1.4819173552033233,inf,inf,2.469823649351571e-16,0.00214258065626024,0.0,1.0-1.5
2068,60.65508965448336,1.5713453923800078,48.81772230828929,1.6885775126473843,0.00010237617654338051,0.0049977717574791495,2.183840103129752,1.5-2.0
2069,19.775985934514186,2.8547564154404537,29.171720739449682,1.4649620474147325,4.75566140642451e-05,0.0013873082647959433,2.3348561437767175,2.5-3.0
2070,69.84947883007628,0.6208740070430897,inf,inf,1.1521273214483263e-15,0.0016716960577443896,0.0,0.5-1.0
2071,11.593785718144556,0.5533293317486222,inf,inf,5.133723189761407e-16,0.00029105249388910353,0.0,0.5-1.0
2072,26.98123127461529,0.5421774349077414,inf,inf,7.994425154352516e-16,0.0006409928568491866,2.1073424255447017e-08,0.5-1.0
2073,44.813707854843244,2.5423290114864128,79.26629754850224,1.8990885731951983,4.6024243407036265e-05,0.0036481713723468287,2.562920520749274,2.5-3.0
2074,11.444101731165734,1.7944781244481396,8.104358529699828,0.9087186455834682,0.00010470950070625044,0.0008486033351893111,2.018082572641645,1.5-2.0
2075,10.599065024990251,2.2372193200522323,11.678423237787037,1.0673842104686746,7.270004085935386e-05,0.0008490218465599451,2.300224167148313,2.0-2.5
2076,65.22700043401815,2.1337908159452734,76.09853518314598,1.881376297138518,7.202144314475915e-05,0.005480726325092402,2.3735665086614794,2.0-2.5
2077,74.19574914688708,2.5324366915938503,132.00457369014615,2.120588978887523,4.597465861292323e-05,0.006068865210748936,2.5688961745152272,2.5-3.0
2078,37.06908502347754,1.8247046162165064,25.72903027558556,1.4104234180059732,0.0001051745096682294,0.0027060381434737403,1.9946895808428786,1.5-2.0
2079,38.985441900883686,1.3214660087129755,inf,inf,6.986443300601499e-16,0.0011015088371042685,2.1073424255447017e-08,1.0-1.5
2080,20.76010010774727,0.7801171305232284,inf,inf,8.735659183269814e-16,0.0005255442805137605,1.4901161193847656e-08,0.5-1.0
2081,52.16278034527709,1.527686149417846,43.137661665661646,1.6348565998944016,0.00010181879905288338,0.004392224904747274,2.214585890409531,1.5-2.0
2082,58.03685014258788,0.9877838110246355,inf,inf,4.8638697438360475e-16,0.0015130996313519505,1.4901161193847656e-08,0.5-1.0
2083,93.36065126597491,2.815790924159444,140.59125061642968,2.147958294174285,4.740988499786974e-05,0.006665415023431614,2.3677893547355495,2.5-3.0
2084,4.058004776776247,2.407849537082435,4.14734809123353,0.6177704876807876,7.313070532560493e-05,0.00030329849114270937,2.167421027950027,2.0-2.5
2085,90.87249930780722,1.2114435714639546,inf,inf,7.447634555029916e-16,0.0024906558887904484,2.1073424255447017e-08,1.0-1.5
2086,99.06476706292368,1.7785337853045453,70.53760279677546,1.8484206961902339,0.00010473455799977207,0.007387724651283764,2.0303447765987346,1.5-2.0
2087,34.628401331976164,1.6736597598099616,26.21060435936641,1.4184770349455285,0.00010358057871282658,0.002714909567956108,2.109499381038046,1.5-2.0
2088,72.5807947364143,2.0112053276880384,45.663121315784245,1.6595655944930277,0.00010670870605350614,0.004872652589971611,1.84699101878468,2.0-2.5
2089,82.48446474008182,2.8673066282530097,120.711551586437,2.081748832236507,4.76345593278494e-05,0.0057500415656008864,2.323959418901816,2.5-3.0
2090,65.11265305215244,1.1891188799511299,inf,inf,9.663472091256652e-16,0.0017773522811258956,0.0,1.0-1.5
2091,28.890459156812753,2.035585270410172,35.879376126108404,1.5548448828853176,7.10907352997298e-05,0.002550691230900617,2.4380602419997404,2.0-2.5
2092,62.29066051926946,1.7609506852696304,44.801311531324956,1.6512907278927864,0.00010455028562255625,0.0046839899168651476,2.043801871544539,1.5-2.0
2093,87.69087900554412,2.886373780382111,126.99654638577825,2.103791910672545,4.7714859717132964e-05,0.006059622395357778,2.3071328983500687,2.5-3.0
2094,10.704748305875889,1.0453007610079843,inf,inf,4.106169117135318e-16,0.00030423764810363614,2.1073424255447017e-08,1.0-1.5
2095,47.997328769867195,2.119630141812288,56.50000266112138,1.7520484682744881,7.188906999945105e-05,0.004061732646274525,2.3831752361954317,2.0-2.5
2096,2.2645406232983056,0.7270336322425204,inf,inf,1.9032403154671008e-16,0.0001196267652568723,1.4901161193847656e-08,0.5-1.0
2097,84.49601827198144,1.859251805081636,57.53350524353915,1.7599208343340746,0.00010550842824728726,0.006070269709802876,1.9677337513004765,1.5-2.0
2098,77.84900762338007,2.89925464452104,111.95700331210881,2.0490512654422806,4.7767690035979763e-05,0.005347927431569973,2.2955799829144476,2.5-3.0
2099,4.603374351284383,2.298509296461987,5.004494304563469,0.6993601993311452,7.236139679374654e-05,0.0003621321981245618,2.254169578762292,2.0-2.5
2100,74.58113002141488,0.5785014750131474,inf,inf,8.549582106072641e-16,0.0017671419704116168,0.0,0.5-1.0
2101,69.15570513196539,2.959745879179108,96.2817928411169,1.9835441685759327,4.800600871835128e-05,0.00462210458654915,2.2393216195206844,2.5-3.0
2102,12.625126823312316,1.849430957102136,8.663586684659995,0.9376977251439127,0.0001052908618299725,0.0009121965085665251,1.9754190872172988,1.5-2.0
2103,52.516841525888424,1.9493478297390048,34.09400440620295,1.5326780129444506,0.0001062605237440666,0.0036228467647356397,1.8965029082071312,1.5-2.0
2104,68.93598035252569,2.8635783690086205,101.09391276550606,2.0047250059179924,4.7618061423382125e-05,0.004813896147597902,2.327211269355248,2.5-3.0
2105,33.54854770522135,1.9618810708625338,21.642640009067367,1.3353102357061897,0.00010634874833225449,0.0023016676755698872,1.8865045828390572,1.5-2.0
2106,50.38982988570574,1.051798515148258,inf,inf,4.519373203232645e-16,0.0013345006064453032,0.0,1.0-1.5
2107,97.59322534645572,1.5732453673832922,78.4453811583724,1.8945673775407375,0.0001024063574965145,0.008033305746854626,2.182488304806603,1.5-2.0
2108,63.56818460022535,2.3730470921922135,64.32055293905371,1.8083497692190589,7.397435085201394e-05,0.004758071150109096,2.1956492165169212,2.0-2.5
2109,50.199331949712885,1.491127105466175,inf,inf,5.011481625844894e-16,0.00147145064884959,0.0,1.0-1.5
2110,6.599744150528453,0.921279656495569,inf,inf,1.1881956155168285e-16,0.0002020986336066653,0.0,0.5-1.0
2111,12.117143915544249,1.47289856433386,inf,inf,7.199096741582057e-16,0.00037420559647917965,0.0,1.0-1.5
2112,85.07700610279355,0.757771024954351,inf,inf,4.763758565057435e-16,0.00210021831659407,0.0,0.5-1.0
2113,74.25985847292289,0.749860964913168,inf,inf,2.2019002454552617e-16,0.001830578589552496,0.0,0.5-1.0
2114,83.50948459246169,0.8036520826397069,inf,inf,2.1666563330214227e-16,0.0020835823442978264,0.0,0.5-1.0
2115,57.8085546669629,1.773455069710774,41.2841399621614,1.615783241733723,0.00010467786621007081,0.0043215356795569685,2.034238898794684,1.5-2.0
2116,57.6009420760973,1.303559390613218,inf,inf,5.490738196714752e-16,0.001615400912250355,0.0,1.0-1.5
2117,53.0577447794089,0.9495428119619702,inf,inf,4.968891028041829e-16,0.0013718714954461604,0.0,0.5-1.0
2118,73.5081659692724,2.3468943261996182,75.49862604531342,1.8779390482335825,7.37809225791557e-05,0.005570358283081897,2.216488221930384,2.0-2.5
2119,33.021053560718705,2.0291191422327532,41.16813783922918,1.6145612229742292,7.103864695603358e-05,0.0029245288097983287,2.4421317094495527,2.0-2.5
2120,49.670600658636985,2.54957302229085,87.46234429781674,1.9418211137813182,4.60659784941611e-05,0.0040290384714721395,2.558500725001585,2.5-3.0
2121,46.976781194148764,0.9019367125855342,inf,inf,9.192847193935138e-16,0.0012024561779330246,2.1073424255447017e-08,0.5-1.0
2122,66.16372707900358,2.050778237535943,81.30954557648718,1.9101415338824252,7.126427415271149e-05,0.0057944657471951724,2.4284092088459626,2.0-2.5
2123,21.621076192797005,1.1579754991877382,inf,inf,3.9749134360312157e-16,0.0005962718104870534,0.0,1.0-1.5
2124,2.5074277741608753,1.7379467823438597,2.0403943960019757,0.30971412205932536,9.871245062386525e-05,0.00020141233106855637,2.0612995346121545,1.5-2.0
2125,8.856038870146133,1.6154965898614333,7.0004684040362335,0.8451270997974645,0.00010245866518130312,0.0007172586483214399,2.152139629811796,1.5-2.0
2126,17.924224640130937,1.9582716444614465,11.591415285569818,1.0641364655742975,0.00010629033035334196,0.0012320553599659936,1.8893859025244153,1.5-2.0
2127,85.72447058167981,1.9259317681153223,56.330692835502326,1.7507450928434656,0.0001060792463399258,0.005975517441795945,1.9151300363859611,1.5-2.0
2128,71.68370100070356,2.7960322069416064,109.15920826646887,2.038060377064269,4.73194854311693e-05,0.005165357565243149,2.383974109552924,2.5-3.0
2129,74.99710071196634,2.061324826938009,91.54811377540825,1.9616494006817264,7.13640396533684e-05,0.006533243221659316,2.4216397118899877,2.0-2.5
2130,44.422888563880555,1.378963653551926,inf,inf,3.21057198107869e-16,0.0012701342020578848,0.0,1.0-1.5
2131,10.277116411439502,2.4860244154150637,9.799188786023427,0.9911901246378144,7.462136003671239e-05,0.0007312287944695687,2.102053183183105,2.0-2.5
2132,46.52731988905163,0.9033473177388789,inf,inf,2.2740369021872833e-16,0.0011914368374589452,0.0,0.5-1.0
2133,86.29868661881456,2.438299902150732,84.16782858199495,1.925146123100552,7.443915189380116e-05,0.006265381776386541,2.142272557561912,2.0-2.5
2134,50.91549385500021,1.9422485859100929,33.176335777744235,1.5208284178733087,0.00010620503498256158,0.003523493901868536,1.9021577608526237,1.5-2.0
2135,63.183692150529026,1.1502732487969847,inf,inf,8.072986889384969e-16,0.0017095295376496923,0.0,1.0-1.5
2136,37.41934166297107,2.381027513209496,37.69940921375387,1.576334544444067,7.402410823269822e-05,0.0027906651479476965,2.1892258853202127,2.0-2.5
2137,15.008670281403747,0.7853738357146346,inf,inf,6.728586100140104e-16,0.0003875829020459003,0.0,0.5-1.0
2138,62.66285974516522,0.5891229116389913,inf,inf,7.016739099581094e-16,0.0014894352331209298,2.1073424255447017e-08,0.5-1.0
2139,48.49775811312432,1.1794154860962143,inf,inf,6.160323655393234e-16,0.0013231915256001747,0.0,1.0-1.5
2140,34.56262075732626,1.7619338897775758,24.851839353107728,1.3953585375901862,0.00010454514551094761,0.0025981391613853415,2.0430512410524493,1.5-2.0
2141,25.851957751586152,2.0769466139427974,31.283261799571342,1.4953120291608688,7.146813155131291e-05,0.0022357562696459264,2.4115069245789766,2.0-2.5
2142,69.59913414815763,1.285716503455395,inf,inf,7.775587452346466e-16,0.001942138914910593,0.0,1.0-1.5
2143,31.79115036167939,1.9469578028017451,20.667929017993746,1.3152969613337282,0.00010623291456708763,0.002195614337647161,1.8984073731830051,1.5-2.0
2144,57.59665098299074,2.9513996838481567,80.547003806894,1.9060493901390485,4.797344003193526e-05,0.0038641168568820904,2.2472797503703794,2.5-3.0
2145,25.974148325584768,2.996277112546486,35.488081968049244,1.5500825275751968,4.813225412060084e-05,0.0017081213795388586,2.2037577476696493,2.5-3.0
2146,75.34116215951533,2.3023267603312556,79.40931309538367,1.8998714393131058,7.343809256844477e-05,0.005831668485895399,2.2512385120591327,2.0-2.5
2147,37.494995273268614,1.2553839151042094,inf,inf,7.361917774150236e-16,0.0010438690130726317,0.0,1.0-1.5
2148,47.84939025291869,1.691802110061688,35.823415576948285,1.5541669912143883,0.00010379868371408323,0.0037184233830298177,2.0960059616766067,1.5-2.0
2149,92.75793041768125,2.519826973801476,86.53298113462601,1.937181665786176,7.49687933507843e-05,0.0064872731807090935,2.0730064788405436,2.5-3.0
2150,71.83818615305294,2.7179280765599834,114.39865150217264,2.058420905150913,4.6949141576726925e-05,0.0053709184855621475,2.4446335964479853,2.5-3.0
2151,73.63317144344254,2.878408086871827,107.10540002554617,2.029811367584198,4.7681074538923224e-05,0.005106900562139256,2.314202397322538,2.5-3.0
2152,33.934185383097606,1.4691466919722205,inf,inf,4.795312163786057e-16,0.000993982125426897,0.0,1.0-1.5
2153,84.03374359522368,1.345091497950575,inf,inf,1.2762159879162866e-16,0.0023758646140495747,0.0,1.0-1.5
2154,38.57584887922951,1.33991508440619,inf,inf,6.918942470336781e-16,0.001094731829232041,0.0,1.0-1.5
2155,98.83058382052988,2.462694127437512,95.09933559447546,1.9781774827769407,7.46038965769916e-05,0.007094780997230863,2.121833975515607,2.0-2.5
2156,89.58995632899047,2.8931302626980187,129.2696869673483,2.1114966971447062,4.7742887607440765e-05,0.006171708135931159,2.301091663822313,2.5-3.0
2157,65.91246648168182,1.908035867285703,43.72302309800426,1.6407101823122414,0.00010593095021936025,0.004631621383234628,1.9293154903311276,1.5-2.0
2158,83.14639263605468,1.6079036925502026,65.43539525982195,1.815812730094616,0.00010283011576705537,0.0067287292698305174,2.1576335282997743,1.5-2.0
2159,54.4043444267162,2.165680135025105,62.24270274464121,1.7940884426191457,7.22996863606106e-05,0.004500127886674276,2.351545568268561,2.0-2.5
2160,73.30863556081333,1.554024529453307,59.63166674032544,1.7754769483028063,0.0001021622281620644,0.006092103943209315,2.1961110245408726,1.5-2.0
2161,12.47743022397103,1.9251433781086564,8.21811624288815,0.9147722799397056,0.00010597187005700765,0.0008708891466047271,1.9157559189261673,1.5-2.0
2162,98.85856262532133,0.9700083162746196,inf,inf,4.724913139812424e-16,0.0025621584475770125,0.0,0.5-1.0
2163,80.02112305859393,0.7479525834047478,inf,inf,7.657919998731427e-16,0.001971266485642754,0.0,0.5-1.0
2164,14.244238080306603,1.5138826360022188,inf,inf,2.9788008865557414e-16,0.00043707341519863985,0.0,1.5-2.0
2165,24.261438870539177,1.1708622220713343,inf,inf,5.819503301765132e-16,0.000668413775006996,0.0,1.0-1.5
2166,57.49720714472548,0.8800117997207566,inf,inf,1.018563381812016e-15,0.0014622606008881987,0.0,0.5-1.0
2167,76.27513948850434,2.9122851028231214,108.92252738975077,2.0371177099603233,4.7820581490178294e-05,0.005208738597157754,2.2837403522016717,2.5-3.0
2168,14.885372643671612,2.2409176626503298,16.31658436768695,1.212629250893474,7.28383127963132e-05,0.0011884724759410163,2.297499269283631,2.0-2.5
2169,96.06376617566592,1.4705562827983392,inf,inf,3.7432163795489096e-16,0.002794957749303837,0.0,1.0-1.5
2170,34.59413380664873,2.9791713874636865,47.68182286259311,1.6783528500046803,4.807413537744061e-05,0.0022922624073394436,2.2205581146632003,2.5-3.0
2171,99.49745281178392,0.7674987337923784,inf,inf,8.104647031649707e-16,0.002460871126274642,0.0,0.5-1.0
2172,75.25857749690536,1.3717349951252416,inf,inf,3.579653861996994e-16,0.002141597826834434,0.0,1.0-1.5
2173,48.55218383676908,2.7098649061246616,77.69028307819062,1.8903667038792242,4.690637755118481e-05,0.0036441697501240337,2.4506008961837065,2.5-3.0
2174,36.270050033272305,2.920228778556989,51.58391788034855,1.7125143244090952,4.78473978512762e-05,0.002468156241548597,2.276447356805813,2.5-3.0
2175,9.648848230885887,2.4820001354526746,9.225309718575895,0.9649809555151644,7.45752077032394e-05,0.0006879793883895104,2.105481123745959,2.0-2.5
2176,8.79004786553631,0.9654798472400759,inf,inf,8.98396094463442e-16,0.00025345200927223786,0.0,0.5-1.0
2177,62.945327446778954,1.91610770896254,41.57757293556649,1.618859134070603,0.00010599740338303097,0.004407114770138632,1.9229229009490802,1.5-2.0
2178,77.3520905611669,0.6781861799997966,inf,inf,2.9108219542861114e-16,0.0018752555673357716,0.0,0.5-1.0
2179,90.75420940290883,0.6586283660386217,inf,inf,8.848605624809758e-16,0.0021893142115178457,0.0,0.5-1.0
2180,36.49893175627042,2.6579692046364873,60.222732497891876,1.779760456952786,4.663983324928752e-05,0.0028087782015181256,2.4877306770668444,2.5-3.0
2181,93.76302147366526,0.5060102924115633,inf,inf,5.719922264553004e-16,0.0021834128584213982,0.0,0.5-1.0
2182,29.68751275525622,0.7425242253597129,inf,inf,6.796956417283673e-16,0.0007370667918196953,2.1073424255447017e-08,0.5-1.0
2183,93.98827199435722,0.7644880216323255,inf,inf,9.94376839374149e-16,0.002323261875109296,0.0,0.5-1.0
2184,91.88354009562458,2.278972972042392,98.18001569895358,1.9920230972074071,7.325413508345594e-05,0.00719209213250697,2.26905566721916,2.0-2.5
2185,15.499882547086873,2.0710888382771895,18.869089086412586,1.2757509349135616,7.133176829385098e-05,0.001345965490628015,2.4153212706555514,2.0-2.5
2186,86.07940235144467,1.0397124763800716,inf,inf,1.3483779161484742e-15,0.0022678487545811127,0.0,1.0-1.5
2187,70.36910711566556,1.525444274755223,58.26754084345117,1.765426689264748,0.0001017968701874287,0.005931453291381499,2.2161479981020413,1.5-2.0
2188,70.24377312128449,2.878881227625423,102.14952666302149,2.009236358554231,4.768288612593833e-05,0.004870784247691355,2.3137840875421114,2.5-3.0
2189,84.04123810769761,1.0263209092462575,inf,inf,1.0470276730450794e-15,0.002207451497448095,2.1073424255447017e-08,1.0-1.5
2190,53.66640932880852,0.6694748016334622,inf,inf,7.799331527030985e-16,0.0013006099284264033,0.0,0.5-1.0
2191,50.67680031365859,2.1168773882246437,59.754174394143426,1.7763682502564202,7.186560569442692e-05,0.004294269935605533,2.385030993815125,2.0-2.5
2192,36.70298652556999,0.7698911766442249,inf,inf,6.184806466061304e-16,0.0009137117994417285,1.4901161193847656e-08,0.5-1.0
2193,86.5250184265688,1.8910262551722776,57.91563013938627,1.7627957859593557,0.00010578869300415735,0.006126818816957857,1.9427544307654685,1.5-2.0
2194,90.10982144471978,1.1374344791539757,inf,inf,6.456171521838043e-16,0.0024279484377714967,0.0,1.0-1.5
2195,16.054479313131832,0.5814629468435881,inf,inf,6.271111686524637e-16,0.00039359998365031307,2.1073424255447017e-08,0.5-1.0
2196,77.21691691960359,2.1462074422957396,89.39404710232415,1.9513085993698538,7.213342929582313e-05,0.006448299176122982,2.365055255842153,2.0-2.5
2197,27.55113232355937,2.379394014754565,27.791564009873372,1.4439129880060393,7.400096567758237e-05,0.002056602574420973,2.190543090819183,2.0-2.5
2198,18.385729502387026,1.2854241731963323,inf,inf,2.8601655482875653e-16,0.0005260327961602717,0.0,1.0-1.5
2199,19.72084282300427,0.8956647120215038,inf,inf,5.287566876605137e-16,0.0005138906435531278,0.0,0.5-1.0
2200,57.33056226515959,2.941376025218304,80.60415249783298,1.9063574160041101,4.793468891976303e-05,0.0038637349756247643,2.25675467480156,2.5-3.0
2201,27.97701842323641,1.1118735118988041,inf,inf,8.271702644708022e-16,0.0007574351092708535,0.0,1.0-1.5
2202,24.227880913025533,1.1157591938051028,inf,inf,4.209552720132642e-16,0.0006590777202343933,0.0,1.0-1.5
2203,9.849596795949578,1.4146699845897996,inf,inf,3.245258299240323e-16,0.0003087180712335591,2.1073424255447017e-08,1.0-1.5
2204,32.47120390068356,1.0999155271633163,inf,inf,7.008624651213624e-16,0.000874037603971724,0.0,1.0-1.5
2205,77.40937490259742,1.1147576685461091,inf,inf,5.366761828476651e-16,0.002075698315797107,0.0,1.0-1.5
2206,2.1598647662926074,2.8111383529317826,3.6172768739811807,0.5583817518471037,4.499495546724413e-05,0.00016275921185747528,2.3716313819705386,2.5-3.0
2207,48.26602614239592,0.7050020700194172,inf,inf,8.277507362182042e-16,0.0011802682646142961,0.0,0.5-1.0
2208,60.28062185860962,2.5862989359691952,103.79037979491267,2.0161571011463004,4.62688694710653e-05,0.004802263535083107,2.5355107831186183,2.5-3.0
2209,4.961920292005761,1.836838313421429,3.481773304929248,0.541800491185877,0.0001043667421899017,0.0003633813368792328,1.9852476617416783,1.5-2.0
2210,29.397225621114544,0.588191700902901,inf,inf,2.8316306893010295e-16,0.000704451838251943,0.0,0.5-1.0
2211,90.64761608772044,0.8775671260446661,inf,inf,8.122330371820547e-16,0.0023001491110189215,0.0,0.5-1.0
2212,99.43369103156819,2.1394721761583666,115.58773134818244,2.062911739875629,7.207570112656001e-05,0.00833106677854871,2.3696820605185684,2.0-2.5
2213,85.0307326874208,1.900208922928083,56.63791477135492,1.7531072556286655,0.00010586682474638385,0.005996076197099656,1.9355049036527683,1.5-2.0
2214,16.969811845408657,1.105021745072113,inf,inf,3.7685130362119604e-16,0.0004678338098069962,0.0,1.0-1.5
2215,76.41567898049324,1.2282998028751773,inf,inf,1.0379195694895717e-15,0.0021035744883577054,2.1073424255447017e-08,1.0-1.5
2216,45.08657244542994,2.818179950497538,67.81651262162342,1.8313354529719041,4.741647672076268e-05,0.003215620092006515,2.3658090826311025,2.5-3.0
2217,17.064434017767972,2.342888372199508,17.598096684992353,1.2454656994105258,7.368550349027651e-05,0.0012967246147042276,2.21965135074968,2.0-2.5
2218,48.088493450552726,2.154845268612939,55.388045809494905,1.7434160427216159,7.22021992199105e-05,0.00399913871793868,2.359086902181949,2.0-2.5
2219,92.28804903124711,2.810205147015334,139.41258853757628,2.14430199101855,4.7384733060900826e-05,0.006606028293182254,2.3723997049406433,2.5-3.0
2220,87.72526581586217,1.0791519972863357,inf,inf,1.1358411301259447e-15,0.0023322468016290605,2.1073424255447017e-08,1.0-1.5
2221,39.15349749633528,1.324198590579258,inf,inf,1.8161409362933126e-16,0.0011068976445267305,0.0,1.0-1.5
2222,6.335219563799699,2.595559087235725,11.03369124049554,1.0427208267827521,4.592530073785977e-05,0.0005067255884684467,2.529557590790257,2.5-3.0
2223,90.05532680065154,1.60078441845674,71.17878714997116,1.852350583575631,0.0001027445245807063,0.007313230645955074,2.162768999095154,1.5-2.0
2224,98.6285443390027,1.6165775604787223,77.21063258270047,1.8876771106211454,0.00010293617922224707,0.007947767513395924,2.1513560864187813,1.5-2.0
2225,51.139427271367765,2.522954766398364,47.63206891658249,1.677899445663202,7.498453895745923e-05,0.0035716687272998623,2.0702964747578982,2.5-3.0
2226,22.527994676614217,2.9984916922247398,30.748401096740434,1.4878225375775647,4.813690476574096e-05,0.0014801328552925992,2.2015638222912166,2.5-3.0
2227,54.379280421418166,2.7189445702114114,86.55218863098965,1.937278054283555,4.6952220153270235e-05,0.004063817415349599,2.443877473366734,2.5-3.0
2228,69.62735518926817,2.427810749614582,68.30774376393377,1.8344699406260356,7.436584103800502e-05,0.005079762814413478,2.1509817755889227,2.0-2.5
2229,48.220724323488895,1.6162084792702425,37.76635817970127,1.5771051077103548,0.00010291990375021474,0.00388690994885099,2.1516236546266643,1.5-2.0
2230,35.25482669706057,2.265282168858473,37.99357364539953,1.579710144870445,7.31279588535176e-05,0.0027783924902388675,2.279373225157922,2.0-2.5
2231,24.77843085878022,1.0638690626302667,inf,inf,6.604129464368998e-16,0.0006655725306035419,0.0,1.0-1.5
2232,29.686010079676617,1.1345572412796139,inf,inf,1.0048620279107074e-16,0.0008068668526393455,1.4901161193847656e-08,1.0-1.5
2233,4.982068882882662,1.010718477969299,inf,inf,2.7807083591620844e-16,0.0001725314020781481,0.0,1.0-1.5
2234,25.50741777680061,2.2043717210841365,28.52676448741748,1.455252516664269,7.260218536248545e-05,0.002071105443107451,2.324117355055226,2.0-2.5
2235,95.31301571976182,2.869794034445585,139.29278828358667,2.143928631932076,4.764547107945785e-05,0.006636670515742674,2.3217829022051584,2.5-3.0
2236,0.8097559055766146,2.389031986666714,2.194718019316741,0.3413787293519447,4.506448210979761e-05,9.890383091754972e-05,2.182753364721112,2.0-2.5
2237,72.74683906570209,1.1666458882025192,inf,inf,4.521207755817063e-16,0.001974595815361758,0.0,1.0-1.5
2238,78.89130393407852,2.150936976095072,91.06634463279975,1.9593579045162746,7.217532486753879e-05,0.00657274300837157,2.3617921715388284,2.0-2.5
2239,40.47100195002603,1.3764254690724027,inf,inf,8.700844375482378e-16,0.0011575786144580262,0.0,1.0-1.5
2240,59.52407860215746,2.5602725128433037,104.12093682788507,2.0175380670183602,4.6127016076489336e-05,0.0048027881269589855,2.5519040426261475,2.5-3.0
2241,22.088250635854312,1.7133459106842712,16.34485338844212,1.213381029359573,0.00010398948012142639,0.0016996928065250306,2.0798697350973305,1.5-2.0
2242,66.80452251245643,1.1241278876558365,inf,inf,8.083747714362751e-16,0.0017961735161531025,0.0,1.0-1.5
2243,70.78257571931233,1.2266138996635019,inf,inf,4.579449208043978e-16,0.0019482635834782746,0.0,1.0-1.5
2244,73.4568367043626,0.713409025311011,inf,inf,3.6778154184345745e-16,0.0017956716921819686,1.4901161193847656e-08,0.5-1.0
2245,49.17267804448734,1.4031428886118273,inf,inf,5.996136641281315e-16,0.00141258779848848,0.0,1.0-1.5
2246,97.04159175475667,1.3483334241456284,inf,inf,6.511865094933326e-16,0.0027447773756989428,0.0,1.0-1.5
2247,86.63155163253028,1.645296565252831,66.65881744561052,1.823857604833041,0.00010327562967940286,0.006884231345379792,2.1304135103621338,1.5-2.0
2248,57.24579964886859,2.1438047347299,66.37880816052191,1.8220294503329726,7.210834999680382e-05,0.0047864663312096115,2.366708511896121,2.0-2.5
2249,68.23626679127621,2.821185139908107,102.45126246888235,2.0105173144198982,4.743292958792095e-05,0.004859563518880105,2.3633108835375074,2.5-3.0
2250,27.478633458699385,2.543628146438137,48.5954475568984,1.6865955862679898,4.601723076052224e-05,0.0022362279241366504,2.5621306209672836,2.5-3.0
2251,94.36279487165619,1.9340201287696033,61.74524717849001,1.7906035335333894,0.00010614431340097395,0.006553906867534246,1.9087040061892904,1.5-2.0
2252,64.51422263055728,1.4036452674194708,inf,inf,3.911891033649057e-16,0.001850529560910424,1.4901161193847656e-08,1.0-1.5
2253,89.49240536167552,0.9264991561699625,inf,inf,7.563655488496259e-16,0.0022967089891365784,0.0,0.5-1.0
2254,28.86244439079685,1.9778102045153994,18.470039038551008,1.2664678133725298,0.000106462908962201,0.0019663740846895543,1.8737710849505482,1.5-2.0
2255,98.23812139389902,0.6597680349839559,inf,inf,4.738219186149049e-16,0.002370081923371482,0.0,0.5-1.0
2256,10.544395456953648,0.6338298374969547,inf,inf,3.247162909444044e-16,0.00027310274436726,0.0,0.5-1.0
2257,53.034908535410885,2.1056096809179583,62.97344874189866,1.7991574780974045,7.176484136025451e-05,0.004519279558870476,2.3925859546937716,2.0-2.5
2258,11.04724163812094,0.9106879476583734,inf,inf,6.797485452423572e-16,0.0003030525866580492,0.0,0.5-1.0
2259,18.97878099432203,2.6212973256749565,32.04960979469739,1.5058227463340454,4.64171146314088e-05,0.0014876504117323909,2.512671761867128,2.5-3.0
2260,76.41507041123238,2.174385293901839,86.9493712000293,1.9392664456217108,7.237988847088835e-05,0.0062933857900719925,2.345442312952654,2.0-2.5
2261,6.609503096879676,1.8111492330580825,4.669569159675431,0.6692768119992488,0.00010450949400374698,0.00048801431009318127,2.0052035297688855,1.5-2.0
2262,38.27103133473814,2.8405541518561717,56.85520417973553,1.7547702235197744,4.751366210344735e-05,0.0027013989602184614,2.3470167532088873,2.5-3.0
2263,19.16555889729019,0.8295506632331924,inf,inf,7.286648469361578e-16,0.0004925185763470539,0.0,0.5-1.0
2264,85.02714034645031,1.274970103449511,inf,inf,4.572454524323513e-16,0.0023652649396498668,0.0,1.0-1.5
2265,8.237549737810745,1.7694637476967976,5.939604808667982,0.7737575501791156,0.00010425398031195934,0.0006192274427836908,2.037295200894225,1.5-2.0
2266,33.657689170920946,2.9133385515686405,48.04905687503228,1.6816848675927216,4.781860888302636e-05,0.002297639057905457,2.282776472158545,2.5-3.0
2267,85.62437756036189,0.6968459809279322,inf,inf,5.686566282399528e-16,0.002084166517071351,0.0,0.5-1.0
2268,68.69139110030223,2.0048248287361807,43.35391193039781,1.6370282910425344,0.0001066653832723141,0.004624361632410033,1.8521157313016348,2.0-2.5
2269,70.33281556641948,2.7987803064487187,106.93644509629458,2.0291257426900344,4.7331954792087486e-05,0.005061510984924361,2.381743676037533,2.5-3.0
2270,99.11883256715925,0.8620586047593671,inf,inf,6.972757989221786e-16,0.0025056449574055112,2.1073424255447017e-08,0.5-1.0
2271,2.342065544410832,2.2602058054918217,2.8721625889866855,0.4582090210511438,6.861731809006058e-05,0.00019708009397487132,2.283174720838708,2.0-2.5
2272,66.48182247310575,2.2266853443975156,73.28970478883522,1.8650429723570632,7.282369312685778e-05,0.005337226970900135,2.3079470341483352,2.0-2.5
2273,74.49575544711597,1.4008227520410061,inf,inf,2.6884404853975985e-16,0.002134250389534796,2.1073424255447017e-08,1.0-1.5
2274,74.81739492772734,1.8389976295836221,51.51039960722506,1.7118949190620893,0.00010532152208028542,0.0054251536895966795,1.983564418492354,1.5-2.0
2275,71.40214623426667,2.8382371362692833,106.18869187750222,2.0260782708256446,4.750856781000242e-05,0.0050448726687177675,2.3489835543336257,2.5-3.0
2276,7.221248855177221,1.6699387767187153,5.543348295446294,0.7437721667104991,0.00010292499701734171,0.0005705491067748961,2.112255852502588,1.5-2.0
2277,8.393845638391639,1.6409050205365792,6.538047146966849,0.8154480480268087,0.00010273048206235591,0.0006716567351543151,2.1336314178545384,1.5-2.0
2278,77.28019930735613,1.9105802844401663,51.193895386429965,1.709218176638869,0.00010595317002466829,0.005424155502103496,1.9273014377493811,1.5-2.0
2279,61.177044870075626,0.5799602967850427,inf,inf,7.355765870409583e-16,0.0014512149186401981,0.0,0.5-1.0
2280,26.267411023141985,2.5238353905587716,24.463312263107152,1.388515258922728,7.497621053894753e-05,0.0018341664507187387,2.069532814749288,2.5-3.0
2281,0.9290393731109847,0.6281865687050493,inf,inf,1.3540697765033844e-16,0.00010597233510949933,2.1073424255447017e-08,0.5-1.0
2282,53.345798774046436,2.946928892588697,74.78122585098187,1.8737925800473199,4.795582955495196e-05,0.0035861957208200537,2.251516952889929,2.5-3.0
2283,9.04237722919261,2.926542600942915,12.868828896888228,1.1095390265655578,4.7775351165209856e-05,0.0006148128196338353,2.270610059987959,2.5-3.0
2284,74.83817669173618,2.5462582085738563,132.02381126327342,2.1206522658092735,4.6051524756579414e-05,0.006079897812848604,2.5605278255437236,2.5-3.0
2285,34.072191457422996,2.7385246183896763,53.635068102816724,1.7294488364016773,4.704078718614116e-05,0.0025230358243387894,2.429143436842174,2.5-3.0
2286,80.74785907839092,2.038874574473572,99.97779369661055,1.9999035485401966,7.115519624076553e-05,0.0071139395302010945,2.4359808529758515,2.0-2.5
2287,9.555574548866886,1.2642578450156572,inf,inf,7.526267916759516e-16,0.00029073852793803256,0.0,1.0-1.5
2288,49.39760768473585,2.0094661131301645,31.106060506914407,1.4928450124444705,0.00010669462488775218,0.003318849457520955,1.8483882803847171,2.0-2.5
2289,9.976498042891746,2.197068273636426,11.27562954595608,1.0521407989493028,7.231868384827596e-05,0.0008154386883242773,2.329354172626692,2.0-2.5
2290,78.0360124644763,0.8541056504703257,inf,inf,3.2293412591234766e-16,0.001970218556048133,0.0,0.5-1.0
2291,55.99831024966997,2.4368893304258474,54.66281567744761,1.7376919984083021,7.442650641344264e-05,0.004068362401594388,2.143446566577745,2.0-2.5
2292,23.46875720218593,1.2594928899430946,inf,inf,5.699122821509089e-16,0.0006606442378276239,0.0,1.0-1.5
2293,96.28530274275228,1.7813686493974372,68.44907498685393,1.835367583502595,0.00010476308263283616,0.007170936098988977,2.0281686441602003,1.5-2.0
2294,68.19949622943075,1.166418902330061,inf,inf,6.095385489693307e-16,0.0018515187614258888,0.0,1.0-1.5
2295,33.63420815243002,1.2055068256614903,inf,inf,4.468381171013091e-16,0.000927138336983468,0.0,1.0-1.5
2296,85.53324046426165,2.691327271263775,138.33138104641887,2.140920712787006,4.6818052792469375e-05,0.006476405900686436,2.4641158828648466,2.5-3.0
2297,37.99822985748058,2.42548407281744,37.334644264582,1.572112017599052,7.434159510129527e-05,0.002775517007168451,2.1529070754389856,2.0-2.5
2298,94.24649989165812,0.6565336215302635,inf,inf,7.20267356061297e-16,0.002272273414849008,0.0,0.5-1.0
2299,29.711576111078596,2.427767688855946,29.16124168068551,1.46480601222444,7.435014632924546e-05,0.0021681425861014595,2.1510174296289755,2.0-2.5
2300,98.43611862265695,2.8124525200269566,148.51146694612115,2.1717599879236644,4.7395014306098254e-05,0.00703870310053105,2.3705481022622745,2.5-3.0
2301,6.248304714130248,2.259797729952311,6.865255833752488,0.8366567258578081,7.249772582986084e-05,0.0004977154351872405,2.2834797449705984,2.0-2.5
2302,73.45707984271661,2.2307400773390715,80.78008265664157,1.9073042932175417,7.285851700863413e-05,0.005885517026197791,2.3049810969462623,2.0-2.5
2303,29.14009332703551,1.160191346703955,inf,inf,7.3981572519123925e-16,0.000797044996881059,0.0,1.0-1.5
2304,42.39021462858838,2.2474836694004416,46.16263368469571,1.6642905783561182,7.298817500231101e-05,0.003369326385946148,2.292644264610142,2.0-2.5
2305,63.61854475812334,1.4476414489872778,inf,inf,4.3207264037047975e-16,0.0018435895304742991,0.0,1.0-1.5
2306,4.583008455570747,2.8071230978198347,7.093477729663105,0.8508592095834631,4.683937009156102e-05,0.0003322540286159362,2.3749317383794724,2.5-3.0
2307,22.353958810205576,2.261188822738041,24.16764646754651,1.383234359306075,7.306669676904576e-05,0.001765850096065721,2.282439597822248,2.0-2.5
2308,10.401684790059251,1.3067833046438933,inf,inf,5.59673319919114e-16,0.0003153275531005205,2.1073424255447017e-08,1.0-1.5
2309,73.96455702412989,2.7090968003161993,118.39022534590976,2.0733158472047024,4.690581971446787e-05,0.005553190566030468,2.45116652612041,2.5-3.0
2310,22.124165167808783,2.4352403040528294,21.63270048789389,1.335110737367194,7.438703890463532e-05,0.0016091925328052862,2.1448179398489726,2.0-2.5
2311,49.83323849967852,1.002662653333359,inf,inf,9.017605390939806e-16,0.0013049773398609488,0.0,1.0-1.5
2312,32.851341128863695,1.0369282156384656,inf,inf,5.210732861796261e-16,0.0008713258097338944,0.0,1.0-1.5
2313,23.61167740965876,0.5324265985128938,inf,inf,7.133211848044975e-16,0.0005618254694104894,0.0,0.5-1.0
2314,93.51777989179463,2.4249686839928066,91.8871795932982,1.963254921393842,7.43476780447283e-05,0.006831598444840663,2.153333230114387,2.0-2.5
2315,50.749453636480055,0.7149115614808617,inf,inf,4.096458858092731e-16,0.0012433653316736716,0.0,0.5-1.0
2316,65.0470191277233,1.1885015769110445,inf,inf,6.129439582406187e-16,0.0017753155042099446,0.0,1.0-1.5
2317,70.43829899207806,2.340928791320529,72.59549776960075,1.8609096874432185,7.373549851317793e-05,0.005352865217853809,2.221195828269244,2.0-2.5
2318,82.11512622037617,1.2642558688884018,inf,inf,9.26122108897286e-16,0.002278827304784869,2.1073424255447017e-08,1.0-1.5
2319,26.321927015885894,1.2146148825077738,inf,inf,3.558490469865383e-16,0.0007308420481650288,0.0,1.0-1.5
2320,7.859473356813529,0.6657218174168249,inf,inf,5.16376095150415e-16,0.00021658099617000303,2.1073424255447017e-08,0.5-1.0
2321,46.72457512496968,0.6259127725805925,inf,inf,9.599947222804843e-16,0.0011221968196549227,1.4901161193847656e-08,0.5-1.0
2322,17.00061321536276,1.9295093240863197,11.161424641420886,1.047719631377533,0.00010605580691054691,0.0011837338966171538,1.9122888361516739,1.5-2.0
2323,2.0431908544324417,0.8463645660297863,inf,inf,2.647241005070368e-16,0.00012048906697411934,0.0,0.5-1.0
2324,91.96842998829197,2.9094709016019062,131.53016368184242,2.119025360570015,4.7809689379588275e-05,0.00628841626967529,2.286310360356609,2.5-3.0
2325,62.6585834862728,0.5647579859577901,inf,inf,1.8152828063048364e-15,0.001480977956531339,0.0,0.5-1.0
2326,41.436473628944626,1.2896457641552421,inf,inf,7.951120999052169e-16,0.0011613765442062272,2.1073424255447017e-08,1.0-1.5
2327,13.64450888603269,0.9597369956752007,inf,inf,8.100436859148065e-16,0.0003697793487355459,0.0,0.5-1.0
2328,76.12486031592385,2.7479095469962447,119.14283882933852,2.0760679438678165,4.7094608632661434e-05,0.005610985366051956,2.4219662935733273,2.5-3.0
2329,53.30052462076945,2.3768677256220716,53.816949346269894,1.7309190758203141,7.400041363225799e-05,0.003982476512050248,2.1925777617721995,2.0-2.5
2330,17.42947624577863,0.7785900764011229,inf,inf,3.350377540399515e-16,0.00044490710896065606,0.0,0.5-1.0
2331,98.22718239176808,0.6390372264414017,inf,inf,7.068346885759853e-16,0.002358500756106241,0.0,0.5-1.0
2332,95.08147099511204,0.7077160115728935,inf,inf,5.813160668684432e-16,0.0023196169539840337,2.1073424255447017e-08,0.5-1.0
2333,92.71411103028719,2.3489365280909347,95.10926211684261,1.978222812314557,7.379765918329818e-05,0.007018840910873725,2.214872711158678,2.0-2.5
2334,82.66492339233446,2.3681874149461466,83.87123054592698,1.9236130149667299,7.394048340649429e-05,0.00620147933046337,2.1995460542986986,2.0-2.5
2335,53.15840210392804,2.0818313507700936,64.0667474702516,1.8066326763630554,7.15479684767708e-05,0.004583845628410797,2.4083125816167508,2.0-2.5
2336,30.04505723860754,1.7227872045808712,22.098989908513627,1.3443724235862857,0.00010412091230181656,0.0023009669902230765,2.0727607136694006,1.5-2.0
2337,65.17082801016919,1.6575415082159228,49.78402873932525,1.697090038686015,0.00010341473965466423,0.005148402371037642,2.121412064212012,1.5-2.0
2338,15.134846322090867,1.9888656721765279,9.638162188269815,0.9839942302115018,0.00010650396106984595,0.0010265024504843496,1.8649175302596672,1.5-2.0
2339,61.68126688598306,0.771259224509226,inf,inf,5.280735904070072e-16,0.0015291991693972746,0.0,0.5-1.0
2340,6.606740867991112,2.486291693980063,6.331995207775555,0.8015405775046865,7.442594740551402e-05,0.00047126474230587025,2.101825279540721,2.0-2.5
2341,1.358528941292736,2.443891797859759,1.8416390999104668,0.265204526906425,6.307445208112633e-05,0.00011616037715803137,2.137609959909895,2.0-2.5
2342,71.55162046297556,2.2020104765648423,80.05998055587646,1.9034154802922367,7.261647707590012e-05,0.005813673742732813,2.3258134668122348,2.0-2.5
2343,34.27107437281267,1.0889360852387564,inf,inf,5.120583049550332e-16,0.0009193267250683447,0.0,1.0-1.5
2344,69.72509641853863,1.0367477171266144,inf,inf,4.159345032247311e-16,0.001836934842968626,0.0,1.0-1.5
2345,77.99468483336202,2.950549363222973,109.11734870011108,2.0378938050864117,4.7971261020977034e-05,0.005234496816409998,2.248087026449564,2.5-3.0
2346,83.53036689331078,2.871484227406055,121.9617383108641,2.086223605701838,4.765230187504592e-05,0.00581175757119465,2.3203007788387646,2.5-3.0
2347,61.58293280663367,2.3701378882804054,62.41581373114857,1.7952946368953142,7.395264055769312e-05,0.004615814237975557,2.1979833618257727,2.0-2.5
2348,84.67372711791488,2.463132114374601,81.4585908783352,1.910936893117319,7.460623655449428e-05,0.006077318900464846,2.1214647005782425,2.0-2.5
2349,65.88697833373273,1.6452616973252805,50.701187833078905,1.7050181341520465,0.00010327189552972444,0.00523600777313066,2.1304390815856014,1.5-2.0
2350,92.72804385754598,2.6926357816238755,149.85078665735494,2.1756590271618883,4.682488530333243e-05,0.0070167458978447825,2.4631711753759817,2.5-3.0
2351,89.68497678748795,2.2261774230775524,98.89224930653194,1.9951622550419794,7.28219698903689e-05,0.007201528401391124,2.3083179703932286,2.0-2.5
2352,4.328179441370416,1.5944282293429723,3.580089148357157,0.5538938412130183,0.00010055362214411801,0.0003599909314661628,2.167341038418437,1.5-2.0
2353,26.764757663858596,2.2035689265431735,29.944541384539313,1.4763176660363868,7.259894136898454e-05,0.0021739420042973007,2.3246943361402748,2.0-2.5
2354,38.882611988462756,0.6991107176318885,inf,inf,8.741993882769653e-16,0.0009515676148194977,0.0,0.5-1.0
2355,25.219910818515746,1.4864391824941445,inf,inf,4.0800183314130944e-16,0.0007464844475960578,1.4901161193847656e-08,1.0-1.5
2356,17.689131406218863,2.6094798466338966,30.093734669394593,1.4784760875627085,4.6347237044155276e-05,0.001394761454266345,2.5204871553853074,2.5-3.0
2357,87.34733944769842,1.6995669644403049,65.08547989019642,1.8134841113496913,0.00010389473844817748,0.006762038909966072,2.0902040365043613,1.5-2.0
2358,2.500150416388469,1.890701281175604,1.8096508392265929,0.2575947885569719,0.00010173682585198791,0.00018410813228329965,1.9430107489989574,1.5-2.0
2359,18.18594421371379,1.901699393260957,12.115343259865247,1.0833357233644418,0.00010582916957001187,0.0012821567162471796,1.9343269790331032,1.5-2.0
2360,76.02430551512789,2.857548812359385,111.85837332112945,2.0486684993942137,4.759261894408816e-05,0.005323632937178071,2.3324438903273594,2.5-3.0
2361,22.331086144986877,1.0021226324329975,inf,inf,8.925762852739508e-16,0.0005933648214636524,0.0,1.0-1.5
2362,25.835311080398593,2.20363591935864,28.90558495979343,1.4609817625794914,7.259689152761987e-05,0.002098455615868524,2.324646200095647,2.0-2.5
2363,96.74716744591201,1.6229044813792584,75.44912653358888,1.8776542163602732,0.00010301179008701951,0.0077721495847270314,2.146763060509267,1.5-2.0
2364,76.26520858135679,1.0886099550608723,inf,inf,8.554593913385779e-16,0.0020328029743043904,0.0,1.0-1.5
2365,44.866512020949614,0.6211112696289642,inf,inf,2.8041828005968136e-16,0.0010767644970976738,0.0,0.5-1.0
2366,13.62017950909541,2.025881634379839,17.085533538684327,1.232628545282194,7.086277139740374e-05,0.001210728257354462,2.4441621801599127,2.0-2.5
2367,26.904658126438854,0.9590338102175828,inf,inf,6.770420908457469e-16,0.0007038109938392667,0.0,0.5-1.0
2368,98.11630712342759,1.9562022650899262,63.468204734306134,1.8025562140062323,0.00010631663476912519,0.006747725942189288,1.8910371470214682,1.5-2.0
2369,79.10780439905885,1.5748208474596501,63.527948662001656,1.802964832052458,0.00010242381124518632,0.006506774622550744,2.1813665209304345,1.5-2.0
2370,6.987886618729244,1.5139038651093086,inf,inf,1.6080621264311572e-16,0.00024134603986543008,0.0,1.5-2.0
2371,70.68427403445116,2.7199667461395762,112.42844224347603,2.050876193322134,4.695904758723081e-05,0.005279532569469622,2.4431162524665835,2.5-3.0
2372,37.603065049987414,0.7248974384241551,inf,inf,6.914178329545699e-16,0.0009261421381961942,0.0,0.5-1.0
2373,71.99045826890747,1.9030419818985784,47.88075930743314,1.680161028961055,0.0001058897625661653,0.005070082234551804,1.9332656365691436,1.5-2.0
2374,29.544611728101554,1.5362086571439353,24.31872956903069,1.385940883282808,0.00010189599622532288,0.0024779811763705993,2.2086324907095385,1.5-2.0
2375,13.01650268533815,0.8784761023323888,inf,inf,7.554736532982158e-16,0.00034776375727177053,0.0,0.5-1.0
2376,1.9699886172345193,1.4881502469859829,inf,inf,1.6599945729908845e-16,0.00013883891554725234,2.1073424255447017e-08,1.0-1.5
2377,29.568573323322845,2.6669860847395035,48.53995549569838,1.6860993738092354,4.6680475680212376e-05,0.002265868212035539,2.481435787152659,2.5-3.0
2378,86.03441040953822,0.9951657591020511,inf,inf,6.654059837106201e-16,0.0022434689552696956,0.0,0.5-1.0
2379,89.12308443678836,2.1991449162664187,99.88929361224258,1.9995189419366937,7.259387323355625e-05,0.0072513507178766185,2.327867959460558,2.0-2.5
2380,68.31722659262792,1.1710532831242901,inf,inf,4.483964686019595e-16,0.0018566880919803509,0.0,1.0-1.5
2381,74.78863506615477,1.7982162435003122,52.66780193179783,1.7215451936411172,0.0001049296489736058,0.005526413968914944,2.0151998015117703,1.5-2.0
2382,19.462871445096397,1.8774995195427497,13.134042514292155,1.118398417745134,0.00010562377998837731,0.0013872672168875886,1.9534090476410597,1.5-2.0
2383,35.42621316954451,0.6787808718617243,inf,inf,1.0382683846288221e-15,0.0008640002409827099,0.0,0.5-1.0
2384,89.92332504060958,2.5201476650170602,83.87442044402664,1.923629532296801,7.49706664885451e-05,0.006288121202029129,2.072728792925692,2.5-3.0
2385,98.62801660365969,1.4463469107832378,inf,inf,8.477543530067566e-16,0.0028534180569174034,1.4901161193847656e-08,1.0-1.5
2386,44.305486937188164,1.0244301062639656,inf,inf,6.917455183534328e-16,0.0011672272072020347,2.1073424255447017e-08,1.0-1.5
2387,77.59746287936962,1.0193777429622202,inf,inf,7.756814781848309e-16,0.002035398113855908,0.0,1.0-1.5
2388,93.3446733605726,2.962950660527519,129.73469693423928,2.1130561416343863,4.801886114852074e-05,0.006229712398230655,2.2362492631688884,2.5-3.0
2389,99.70022614943784,2.8576941697575444,146.67771254865943,2.1663641284821766,4.7593966962486004e-05,0.006980974205173916,2.332318129417223,2.5-3.0
2390,29.57561710364226,1.6729595515295306,22.39973010917786,1.3502427856198367,0.00010356252438576762,0.002319772595666345,2.1100183786474673,1.5-2.0
2391,65.4070636713743,1.176834453974053,inf,inf,3.8776347830320795e-16,0.0017802959212527179,2.1073424255447017e-08,1.0-1.5
2392,38.9979579828078,2.270296271344649,41.89878471956274,1.622201426373405,7.317200896470636e-05,0.0030658182511101467,2.2756055306628697,2.0-2.5
2393,46.50835949653309,0.6321118390327175,inf,inf,1.1965456069057967e-15,0.0011186484484133283,0.0,0.5-1.0
2394,46.191861136280785,2.6474493836400095,76.67940666535951,1.8846787437084085,4.658961302258766e-05,0.0035724638833407284,2.494993151886753,2.5-3.0
2395,27.8515310624754,0.5142088661300799,inf,inf,8.878314505140322e-16,0.0006569008698579362,2.1073424255447017e-08,0.5-1.0
2396,1.9065006951944907,0.6235233711745423,inf,inf,1.0101459794471903e-16,0.00011309009633648756,0.0,0.5-1.0
2397,76.65315137449271,1.3354746570987794,inf,inf,4.087553976838619e-16,0.0021629654369270603,0.0,1.0-1.5
2398,69.59675245421148,1.640350011781496,53.71283398949676,1.7300780671684686,0.00010321506388980216,0.005543973591928245,2.134037707368604,1.5-2.0
2399,84.05970984602664,0.5131101030838374,inf,inf,1.1047925489970938e-15,0.00196117804049173,0.0,0.5-1.0
2400,15.33041829675399,1.214051765646727,inf,inf,4.662246194446425e-16,0.0004363890113568865,1.4901161193847656e-08,1.0-1.5
2401,23.703599992584955,2.9594222293182715,33.0236324797466,1.5188248423714488,4.7992626530624775e-05,0.0015848908602850889,2.239631384670413,2.5-3.0
2402,59.61299952461734,2.4345436992336147,58.266263906656185,1.765417171569775,7.441102528435952e-05,0.0043356524367833575,2.1453968977182534,2.0-2.5
2403,93.66267472464286,0.6464000240763594,inf,inf,3.5884667141777194e-16,0.00225294892485474,0.0,0.5-1.0
2404,47.1774623690034,2.6918025157231242,76.29211970717883,1.8824796815403078,4.681611287840965e-05,0.0035717004879444255,2.4637729318575574,2.5-3.0
2405,20.082738289911028,1.6643851926160451,15.300843367375018,1.1847153693602646,0.00010341953055405333,0.001582406038135025,2.1163628165460366,1.5-2.0
2406,59.4690490727937,2.9733213439424855,82.20614105606171,1.914904261909157,4.805647914428303e-05,0.003950537703192618,2.226244200624772,2.5-3.0
2407,95.75045946085726,1.302583110704047,inf,inf,4.222655518689864e-16,0.002679868900254398,1.4901161193847656e-08,1.0-1.5
2408,86.80755224676805,1.2738208998157297,inf,inf,6.394522396290941e-16,0.002414024482464529,0.0,1.0-1.5
2409,89.89566754880074,2.19782777042251,100.83554817308307,2.0036136635956114,7.258270258675233e-05,0.007318916603219026,2.328810874440512,2.0-2.5
2410,41.05220530507816,1.720190444664646,30.231902295199202,1.4804654753390847,0.00010410764926546307,0.0031473722807763465,2.07471823852098,1.5-2.0
2411,26.229471867035194,1.191039381227737,inf,inf,4.1089608152498813e-16,0.0007243883197422251,1.4901161193847656e-08,1.0-1.5
2412,87.05832062680923,1.8115137126218825,60.85386472391527,1.7842881647348974,0.0001050609696074909,0.006393366032257625,2.004921313203596,1.5-2.0
2413,78.80871183887922,2.092819647961083,94.31301301541609,1.9745716194699197,7.165435586424606e-05,0.006757938197235895,2.401081598648379,2.0-2.5
2414,85.13772262338014,1.2811797736154245,inf,inf,4.474130488800016e-16,0.002371731669201712,0.0,1.0-1.5
2415,39.122689074995584,2.560690871261145,68.43542506694837,1.8352809690954017,4.612306619000472e-05,0.003156451640103968,2.551644434480998,2.5-3.0
2416,28.61579677780015,2.3719295807983753,28.98733232658582,1.462208249533956,7.394777073515213e-05,0.0021435486051100323,2.1965463020513414,2.0-2.5
2417,24.02995631049668,2.382807244553775,24.19758119522112,1.3837719558122699,7.40183384633641e-05,0.001791064754902611,2.187789345687875,2.0-2.5
2418,87.06203749142934,2.150554402083895,100.51948779904558,2.0022502669617754,7.217275331287463e-05,0.007254768196057028,2.362056556880451,2.0-2.5
2419,91.94222936100554,1.0753385094441983,inf,inf,3.0621033252737864e-16,0.002441940507888064,0.0,1.0-1.5
2420,36.71642661970993,2.264845927710492,39.5773930374159,1.5974471838382238,7.312586797990985e-05,0.0028941312182430784,2.2797004230545728,2.0-2.5
2421,87.45414103918314,0.936676446334767,inf,inf,7.793991716628724e-16,0.002249804366845648,2.1073424255447017e-08,0.5-1.0
2422,38.13927565529972,0.8548098456573121,inf,inf,3.6719824274236953e-16,0.0009677791053599832,0.0,0.5-1.0
2423,44.79088245607197,1.7594280069633765,32.246870141868854,1.5084875687052792,0.0001045280803565928,0.0033707034334378803,2.0449639243007627,1.5-2.0
2424,56.648150862440694,0.9309673242871159,inf,inf,6.927454038881739e-16,0.0014578439066623837,0.0,0.5-1.0
2425,22.13011215493158,0.8186109589164193,inf,inf,6.654561266897099e-16,0.0005638127845725479,0.0,0.5-1.0
2426,26.744946100251667,1.9804541247750056,17.092796305694034,1.232813117184771,0.0001064796728255243,0.0018200353583036311,1.8716549030844989,1.5-2.0
2427,26.665113798434415,2.9387300862188233,37.55708874096303,1.5746919203156644,4.791535627099896e-05,0.0017995612875247673,2.259240685262987,2.5-3.0
2428,26.007058440723053,0.6388595446281582,inf,inf,6.074482797140877e-16,0.0006324039482584933,0.0,0.5-1.0
2429,51.552080768512496,1.6106185754793372,40.51090593560421,1.6075719553147805,0.00010285445420507973,0.0041667271193598955,2.1556711351311604,1.5-2.0
2430,10.050183045908634,0.7258248232165239,inf,inf,9.030503484416184e-16,0.0002678178733993279,1.4901161193847656e-08,0.5-1.0
2431,78.03793908211094,1.8468735500819464,53.49616668107388,1.7283226633501705,0.00010539488423744745,0.005638222294498975,1.97741752638481,1.5-2.0
2432,17.47982043990285,1.9365886911289072,11.432826803326886,1.058153624384932,0.00010611641607099425,0.001213210605929451,1.9066615057219638,1.5-2.0
2433,44.3967058595431,1.7263826775493822,32.57613736819426,1.5128995876726528,0.00010417732508681966,0.0033936948526792675,2.0700475433771564,1.5-2.0
2434,64.18224091420429,0.5977204935356207,inf,inf,3.639366820835625e-16,0.0015284112940960643,0.0,0.5-1.0
2435,13.802372308116306,2.252022560639406,15.035869119642475,1.1771285367235753,7.291408787765085e-05,0.0010963266823064682,2.2892752669075893,2.0-2.5
2436,40.91919842142906,1.769708718005402,29.28903280610109,1.4667050304761147,0.00010463179540410351,0.003064564088152045,2.037107721680569,1.5-2.0
2437,56.316183759715784,1.9332183625182857,36.86743712479908,1.566642948258577,0.00010613482591383011,0.0039129190211296275,1.9093413854645993,1.5-2.0
2438,55.03084796648242,2.17038446126876,62.777986250466206,1.7978073805845225,7.234087733263603e-05,0.004541414602534887,2.3482522221019724,2.0-2.5
2439,89.2524009644604,2.765074646055601,138.31867125221316,2.1408808082690225,4.7176617563560115e-05,0.006525407055565457,2.4086444900260604,2.5-3.0
2440,78.50087480382327,1.5864057949241017,62.59464790199327,1.7965372008462066,0.00010256703609874892,0.006420147510952222,2.1730939775670772,1.5-2.0
2441,12.090965096635632,2.782430799195714,18.615677237178996,1.2698788404480277,4.717894686580369e-05,0.0008782680472438191,2.394915981852365,2.5-3.0
2442,83.32235610030348,0.9394616191615133,inf,inf,2.0420874916223396e-16,0.0021451576431649345,0.0,0.5-1.0
2443,54.97935695220749,1.6343992118761714,42.58693064247989,1.6292763404008328,0.00010314052167480331,0.004392438242994043,2.1383883615471566,1.5-2.0
2444,67.81633253348967,0.9422321273763058,inf,inf,8.210137605365917e-16,0.0017482667141459855,0.0,0.5-1.0
2445,15.99762700756001,1.4308917319701915,inf,inf,3.7381669859148114e-16,0.0004773176730941863,0.0,1.0-1.5
2446,47.198075574798324,2.7586870324961423,73.42503655321013,1.8658441713998566,4.714249684476792e-05,0.003461439554036678,2.4136314545136206,2.5-3.0
2447,69.9915807785017,2.9377763423384273,98.59098243404752,1.9938371942695279,4.792147764065062e-05,0.004724625560282986,2.2601352360557962,2.5-3.0
2448,79.74526876606043,1.681095108244699,60.07015151953585,1.7786587274029126,0.00010368691199159961,0.006228488513928167,2.1039800378986437,1.5-2.0
2449,80.58113987118054,1.1914355361893363,inf,inf,1.5247891093023642e-15,0.0021990835581457598,0.0,1.0-1.5
2450,21.713137655128524,1.3067798619137634,inf,inf,9.643777852788183e-16,0.0006196437921822795,0.0,1.0-1.5
2451,83.27257388539802,2.754139592953867,129.86263367018162,2.113484206305324,4.7124661190031624e-05,0.006119732612952502,2.4171603786293114,2.5-3.0
2452,56.842723654225615,1.5963165774784973,45.056402955629146,1.6537565171952384,0.00010268307467774042,0.004626529989403232,2.1659840248624973,1.5-2.0
2453,66.86878129727738,0.9961837567215927,inf,inf,9.124496219434227e-16,0.0017455516852722503,0.0,0.5-1.0
2454,85.15523109953784,2.587484241878937,146.49997284120656,2.1658375441787614,4.6277496364497414e-05,0.006779651960557906,2.5347523330710815,2.5-3.0
2455,40.546801630318164,1.7749985000251236,28.93567706154536,1.461433648809567,0.00010468570910053231,0.003029151871491883,2.0330560773438835,1.5-2.0
2456,91.96375186822227,1.5680034308394215,74.15985686189062,1.8701688828927643,0.00010234049735780514,0.007589556635229524,2.1862150973808783,1.5-2.0
2457,88.12550217669829,2.7583268458346732,137.10037813090693,2.13703865260089,4.714471905569835e-05,0.006463558809411617,2.41391161545159,2.5-3.0
2458,80.77449377766857,2.365360084398961,82.08600954435687,1.9142691437766877,7.391945947546113e-05,0.006067753456016404,2.2018080822030583,2.0-2.5
2459,37.994148007607095,0.5355712350759818,inf,inf,1.0434195159647986e-15,0.0008956237035537724,0.0,0.5-1.0
2460,52.82067364499383,2.916306242624493,75.27063549711416,1.8766255827238554,4.78351351208258e-05,0.0036005810196348825,2.2800557156971157,2.5-3.0
2461,17.311874308661924,1.6365557931472514,13.419718848958544,1.1277434172022032,0.00010306092527119178,0.0013830486414529203,2.136812857765163,1.5-2.0
2462,75.93741308894111,0.9497910613099512,inf,inf,6.531037829673047e-16,0.001960237389569091,0.0,0.5-1.0
2463,89.09346804579347,2.77552406295712,137.25247866291298,2.13752019618155,4.722556469716545e-05,0.0064818258109417175,2.4004104285217664,2.5-3.0
2464,16.08444165325973,1.5488952459100975,13.163859832818144,1.1193832493320206,0.0001019474570027784,0.0013420220342968293,2.199726511721238,1.5-2.0
2465,74.47471758703661,2.2115519479585926,82.8503215435034,1.918294198262878,7.269772645654962e-05,0.0060230300124067895,2.318941996337462,2.0-2.5
2466,69.41705530921638,2.376999581321469,70.07926790364894,1.8455895562441251,7.400407288694597e-05,0.00518615124980545,2.1924716391617087,2.0-2.5
2467,3.6521378848930697,0.9865318036163566,inf,inf,5.004472033652685e-16,0.00014723794224575564,0.0,0.5-1.0
2468,91.69266165016651,2.9588014005549548,127.71894950696422,2.1062553377940834,4.800312228943855e-05,0.0061309083518614315,2.2402253170452773,2.5-3.0
2469,47.91482453761087,1.9071412927234337,31.801431261405373,1.5024466663662763,0.00010591999657677583,0.003368407490344629,1.9300233698853688,1.5-2.0
2470,26.917920365828106,0.6424520933384446,inf,inf,2.104638837652701e-16,0.0006545081258001046,0.0,0.5-1.0
2471,3.018654917788799,1.841823987697138,2.191981930554062,0.34083696975165323,0.00010249992566030913,0.00022467798493053224,1.98135987139805,1.5-2.0
2472,78.18444124871367,0.5459916776756386,inf,inf,8.384929301451411e-16,0.0018383861374176521,0.0,0.5-1.0
2473,33.779274376847845,2.9481254220349773,47.33058767418764,1.6751418968633536,4.795625665075576e-05,0.00226979780993444,2.2503846995118044,2.5-3.0
2474,51.349394132810666,2.1651130612091185,58.76985747820908,1.769154637515447,7.229361322365108e-05,0.004248685345738745,2.3519417807357357,2.0-2.5
2475,19.473921890500655,1.4484103130644228,inf,inf,3.921163206125354e-16,0.0005768828952898604,0.0,1.0-1.5
2476,60.69979680097198,2.497922308699845,57.30093360541951,1.7581616979949444,7.482997239616134e-05,0.0042878272799678156,2.09188035814293,2.0-2.5
2477,39.72353275432815,2.4851587466124663,37.76503774662201,1.577089923116106,7.474314819040847e-05,0.0028226778127121385,2.10279112558996,2.0-2.5
2478,80.6600388996317,2.251182511431531,87.6215830204396,1.9426110951196192,7.302814632600056e-05,0.00639884178613247,2.289899587020408,2.0-2.5
2479,66.6330938249131,1.087981990753457,inf,inf,4.875395647781463e-16,0.0017766916126693351,1.4901161193847656e-08,1.0-1.5
2480,72.1728994910873,0.7329241451692268,inf,inf,1.202861952595532e-15,0.0017723643667546672,1.4901161193847656e-08,0.5-1.0
2481,25.115141698298093,2.6403461827916606,41.898290423900825,1.622196302808459,4.653593074735841e-05,0.001949775941599359,2.499847590710614,2.5-3.0
2482,6.385163134846761,2.7209280713892587,10.28994962993879,1.0124132488641648,4.6644216529386715e-05,0.0004799666386153476,2.442399549838793,2.5-3.0
2483,87.99593214189284,1.3637938877219016,inf,inf,5.626387438406815e-16,0.0024983632645943867,0.0,1.0-1.5
2484,93.56502184725333,1.466332945481524,inf,inf,6.830366853654731e-16,0.0027197528512073474,1.4901161193847656e-08,1.0-1.5
2485,64.35021848948325,1.5079530099705423,inf,inf,5.760116893538852e-16,0.0018908473203490385,0.0,1.5-2.0
2486,92.17604024000428,1.191823947660493,inf,inf,3.425558523404564e-16,0.002514883411486969,2.1073424255447017e-08,1.0-1.5
2487,70.62944917748237,2.84583224959931,104.59767240548014,2.019522020356272,4.754169527854475e-05,0.004972750668346386,2.3425185087985136,2.5-3.0
2488,60.582205006689485,1.8289422782627343,41.942723156988215,1.6226566238799283,0.00010522493298620597,0.004413420233453074,1.991395252320222,1.5-2.0
2489,41.90504601793078,2.273561554079791,44.93266235951436,1.6525621522629592,7.320039799786447e-05,0.0032890887678201156,2.273145095336453,2.0-2.5
2490,35.561079527071804,2.013103976425226,22.35433843168533,1.3493618216108985,0.00010671493153939867,0.0023855416953458487,1.8454653737986866,2.0-2.5
2491,48.9667584706567,0.7239862586393635,inf,inf,4.715430357803056e-16,0.001202527914199269,0.0,0.5-1.0
2492,22.24380822580293,0.6804781934109623,inf,inf,4.826254887285305e-16,0.0005488145240905938,0.0,0.5-1.0
2493,42.76781292916111,0.8690094026821724,inf,inf,7.590831056107706e-16,0.001087372434157848,0.0,0.5-1.0
2494,50.76415214823699,1.7422385145837076,36.906703486411786,1.5671052556644478,0.00010435049599211263,0.003851232814240902,2.0580446322744086,1.5-2.0
2495,3.121226025185919,2.069586267576195,4.148252514178139,0.6178651850786951,6.82881707458094e-05,0.00028327657598492984,2.416296819330353,2.0-2.5
2496,39.35980516271208,2.9894644535114563,53.95535280125245,1.7320345366320686,4.811334660509743e-05,0.002595972590526974,2.2104797869310504,2.5-3.0
2497,28.445595481176444,2.751720307527675,44.4477721875225,1.6478499981315984,4.709957868960581e-05,0.0020934713437238887,2.419030579729223,2.5-3.0
2498,63.41631976755555,2.347567030640173,65.11051695747861,1.8136511435251959,7.378473003227555e-05,0.004804161915969459,2.215956291744318,2.0-2.5
2499,81.17797317002403,1.4585805443285678,inf,inf,2.8366480725857886e-16,0.0023562916441351813,2.580956827951785e-08,1.0-1.5
2500,61.4441316968049,1.3615918096714283,inf,inf,7.783747097533757e-16,0.0017458350712746362,1.4901161193847656e-08,1.0-1.5
2501,66.3945696482139,2.2429581384956765,72.48323740666206,1.8602375825226456,7.295877554074583e-05,0.005288288248419248,2.2959928716075577,2.0-2.5
2502,61.39018505573517,1.3643020837489135,inf,inf,4.5507573281947e-16,0.0017454018911089342,0.0,1.0-1.5
2503,25.624188436276963,2.4139348134046017,25.349802814175707,1.4039745854820387,7.424643646156342e-05,0.0018821325239558582,2.162428345700201,2.0-2.5
2504,37.62960563859556,2.321321568270439,39.236240901277014,1.593687392335974,7.357492544703859e-05,0.0028868034991335026,2.236546865147949,2.0-2.5
2505,84.41993030218977,0.7998623020764424,inf,inf,5.702973090939116e-16,0.002104395132524988,0.0,0.5-1.0
2506,94.60240319020279,2.5097441151492714,88.73234795253103,1.9480819735660126,7.490646145432219e-05,0.00664662620165777,2.081717258224695,2.5-3.0
2507,18.120153910615112,0.7334576010879787,inf,inf,7.695703070170011e-16,0.0004567456919728524,0.0,0.5-1.0
2508,1.0575845903728065,1.294279562655139,inf,inf,2.3297088073229495e-16,0.0001243950248697826,1.4901161193847656e-08,1.0-1.5
2509,96.14606784124568,2.9376813907726533,135.43492912935042,2.131730684820543,4.792189437452086e-05,0.00649029836835745,2.260224249702942,2.5-3.0
2510,85.96086192756029,2.1281461242596054,100.63133576162869,2.0027332374722437,7.197395491793528e-05,0.0072428352234390715,2.377409234006402,2.0-2.5
2511,60.759389974623566,2.6411371914000843,101.22820067858109,2.005301517374958,4.6559775207940835e-05,0.004713162268299059,2.4993089606833467,2.5-3.0
2512,81.69176554963113,2.8168972367097282,122.94486555114456,2.0897103963576407,4.7414460409232824e-05,0.005829364460193196,2.366872957283065,2.5-3.0
2513,59.426001448134315,1.1616633960518454,inf,inf,9.673286150412562e-16,0.0016125858087288503,0.0,1.0-1.5
2514,90.48122621582098,2.489213236401559,85.81405339299306,1.933558416184898,7.477654278258616e-05,0.006416878234888278,2.099332257647135,2.0-2.5
2515,24.33455265909267,1.430776082911383,inf,inf,5.351788161594011e-16,0.0007118335388908585,1.4901161193847656e-08,1.0-1.5
2516,44.41314337394255,0.6620612420109511,inf,inf,1.8512416741619872e-16,0.0010761130061795502,1.4901161193847656e-08,0.5-1.0
2517,67.0577752082892,0.7670187672187829,inf,inf,7.067918648109843e-16,0.001660239105028064,0.0,0.5-1.0
2518,21.563076670214453,0.815606950442911,inf,inf,8.002748958655461e-16,0.0005495244818168626,0.0,0.5-1.0
2519,71.4818376232337,2.07852875222069,86.31760080673594,1.936099360649877,7.152243165116097e-05,0.006173644703991968,2.4104736499932926,2.0-2.5
2520,26.23738935433404,2.104126663725471,31.21119958025598,1.4943104607856168,7.171900679031711e-05,0.002238436234630321,2.3935753929390815,2.0-2.5
2521,71.0021836854583,2.618739381274769,119.87999350054217,2.078746710727738,4.644342034762352e-05,0.005567636929416055,2.514372492948592,2.5-3.0
2522,80.42160613000922,1.2377049971497887,inf,inf,5.674198810723652e-16,0.0022183183071235717,0.0,1.0-1.5
2523,42.41771767554189,2.406411546630752,42.12246891848872,1.6245138185023342,7.420983516109518e-05,0.003125901475019403,2.1685983875536667,2.0-2.5
2524,99.01113448034316,1.1669138193903597,inf,inf,6.386195138404535e-16,0.0026854797486664528,2.1073424255447017e-08,1.0-1.5
2525,63.13679807965739,1.2841195592633916,inf,inf,5.084412091307278e-16,0.0017618907196299564,1.4901161193847656e-08,1.0-1.5
2526,75.65826369363762,2.1395500203777766,87.95056371406906,1.9442386273878518,7.207432058882735e-05,0.0063389771250959,2.36962872025075,2.0-2.5
2527,2.0595096894906795,1.4812979780984175,inf,inf,2.973206083271703e-16,0.00013971968507357912,0.0,1.0-1.5
2528,11.281162618043616,2.995062212786194,15.451679664638442,1.1889756960219706,4.808325846819747e-05,0.000742967107082601,2.2049594840285183,2.5-3.0
2529,71.14867670438335,1.291376646221993,inf,inf,1.9270624696803755e-16,0.00198780990278499,0.0,1.0-1.5
2530,94.31154700754931,1.093577869679478,inf,inf,8.478591228805299e-16,0.0025153028086431287,2.1073424255447017e-08,1.0-1.5
2531,62.822889823045315,2.697973672560315,101.2150659129239,2.0052451622652026,4.684966265679902e-05,0.0047418916938061625,2.459302826295083,2.5-3.0
2532,91.2843703637705,2.682756694842471,148.3747870562402,2.1713601086745857,4.677521176028036e-05,0.00694026208444214,2.4702690339658373,2.5-3.0
2533,5.917541577526409,0.9073016039749588,inf,inf,2.362470182520376e-16,0.0001871348919567584,0.0,0.5-1.0
2534,89.16496186044317,1.3439176175868472,inf,inf,4.47979791790258e-16,0.0025198818719593384,0.0,1.0-1.5
2535,87.73144784836234,1.7753118057109625,62.582640211948195,1.7964538810424058,0.00010470112706340269,0.0065524729647944025,2.032815907685417,1.5-2.0
2536,62.88678867346448,0.665681799995371,inf,inf,4.3129752543504863e-16,0.0015213932970293696,2.1073424255447017e-08,0.5-1.0
2537,42.94731379833563,1.4270144374262372,inf,inf,3.8810020978924333e-16,0.0012420543591391143,0.0,1.0-1.5
2538,70.49479406648207,2.4255593930991965,69.24549936350448,1.8403915515254579,7.435032525494321e-05,0.0051484254001175215,2.1528447862156255,2.0-2.5
2539,24.391716083681303,2.420970258817587,24.037122539125818,1.3808824774665303,7.429340395200644e-05,0.001785799654643153,2.156635366078239,2.0-2.5
2540,66.76461258201341,0.8719263055999169,inf,inf,4.717454423615343e-16,0.0016935453410197765,0.0,0.5-1.0
2541,69.42591483274863,1.2587235884163477,inf,inf,8.746503571990477e-16,0.0019252855847230264,0.0,1.0-1.5
2542,53.99023843770217,1.1709964038213103,inf,inf,2.4173483741865794e-16,0.001469061623948946,2.580956827951785e-08,1.0-1.5
2543,26.007480854005927,2.2115728436164526,28.95815945994223,1.4617709552532645,7.266503316514467e-05,0.00210424561755825,2.318926896306418,2.0-2.5
2544,0.2106924487851658,0.829714577189528,inf,inf,2.751536818437513e-17,0.00010867895519547608,0.0,0.5-1.0
2545,19.577823979041632,2.9648978086454596,27.203700756352244,1.4346279889141897,4.800719162098137e-05,0.001305973275010038,2.2343780860960156,2.5-3.0
2546,83.37755341168044,0.7900221866597739,inf,inf,5.666757594930558e-16,0.0020737620848633254,0.0,0.5-1.0
2547,21.227439728620446,1.8218373765820886,14.76646599540366,1.1692765696288447,0.00010511340077307926,0.0015521534581769117,1.9969165533671078,1.5-2.0
2548,7.4330934063782,2.25834227442445,8.134251223813404,0.9103175813253954,7.266329004112345e-05,0.0005910614559433168,2.284566964770009,2.0-2.5
2549,24.663469248856952,2.8706452853013382,36.04947215128533,1.5568989100134958,4.763419121982594e-05,0.0017171874498281155,2.32103676545459,2.5-3.0
2550,51.91727964662546,2.035361528116768,64.43766429751068,1.8091397899550223,7.111518487626035e-05,0.004582496409511873,2.4382014824352796,2.0-2.5
2551,58.627376476089225,2.6386833771398983,97.82020091069425,1.9904285504737758,4.65466926896849e-05,0.0045532068306333206,2.5009782674822842,2.5-3.0
2552,87.71471751167374,1.8273784625058995,60.776096191847046,1.7837328007655078,0.00010521324475124531,0.006394450283658031,1.9926113598484743,1.5-2.0
2553,85.47563417646016,1.0522989311936213,inf,inf,4.80161377917618e-16,0.0022585371006945444,2.1073424255447017e-08,1.0-1.5
2554,96.87400031517784,1.5524250901615575,78.87359448821209,1.8969316332797361,0.00010214522862079887,0.008056561341142606,2.1972393293596717,1.5-2.0
2555,88.42682194913756,2.0174382041670436,55.460009330851975,1.7439799383095886,0.00010675077636120088,0.005920399053067893,1.8419815013454897,2.0-2.5
2556,45.02576008260048,1.8274438900523204,31.201247304049723,1.4941719557632644,0.00010520584063911129,0.003282553451611356,1.9925604894054132,1.5-2.0
2557,14.187896934633715,2.4563996709906135,13.727392592753882,1.1375880543441321,7.448645635046393e-05,0.0010225048291658439,2.127132032454589,2.0-2.5
2558,95.57803981145362,1.848826801202555,65.44889820986593,1.8159023398798526,0.00010541400010829712,0.006899230162982734,1.9758913019174345,1.5-2.0
2559,22.876220026007367,1.45844154183031,inf,inf,6.333501825715798e-16,0.0006748216647780453,0.0,1.0-1.5
2560,62.21196887400308,1.7879686256496785,44.065378742061846,1.6440975072365485,0.00010482572595526815,0.004619185316130474,2.0230954570610855,1.5-2.0
2561,26.446670739338696,1.7989859990599357,18.626963895648846,1.2701420727802977,0.00010490722204140922,0.001954103037358146,2.0146058124606885,1.5-2.0
2562,81.68249423825543,0.5249455424975455,inf,inf,3.5982364989092764e-16,0.0019110807032649438,1.4901161193847656e-08,0.5-1.0
2563,20.077407951137992,1.3205720172615247,inf,inf,3.4902485281876756e-16,0.0005766528493157494,0.0,1.0-1.5
2564,42.078454634007414,1.9323489750012508,27.561190997817587,1.4402979807466254,0.0001061240483463665,0.0029249051659358347,1.9100324247138178,1.5-2.0
2565,21.96999179874114,2.2811660869740606,23.473364304960818,1.3705753390391282,7.322766725481238e-05,0.001718899710674661,2.267394120652451,2.0-2.5
2566,86.05657120238442,1.568837917632748,69.3615477746116,1.8411187756802814,0.00010235025754520681,0.007099172278465663,2.1856223912522097,1.5-2.0
2567,61.942287487915216,2.3655375937629577,62.945135362892096,1.7989621718277027,7.391872148300151e-05,0.00465282392959945,2.201666175717868,2.0-2.5
2568,63.08210482856672,1.7583736441128823,45.437103540072115,1.6574106387976626,0.00010452369898768468,0.00474925413329476,2.0457682611018124,1.5-2.0
2569,31.449730188321933,1.4238243942649498,inf,inf,3.636897449187595e-16,0.0009128164467476673,0.0,1.0-1.5
2570,17.64917505207384,1.1060263944455078,inf,inf,7.261568500796306e-16,0.00048555123594587365,0.0,1.0-1.5
2571,85.73374701038546,2.49404518495632,81.09908118667731,1.9090159338928283,7.480721858681156e-05,0.006066796693521347,2.0952015366902277,2.0-2.5
2572,76.46001468940756,2.8050479560583015,115.84078703946571,2.063861499524134,4.736081377600084e-05,0.005486313942641507,2.376631832587902,2.5-3.0
2573,73.4445386046495,2.323351183378937,76.4674332685064,1.8834765127594482,7.360146641776913e-05,0.005628115221764976,2.2349665336777913,2.0-2.5
2574,99.71388221633114,1.0512546191465382,inf,inf,8.942911541281756e-16,0.0026332270917920064,0.0,1.0-1.5
2575,55.95325562712702,2.264824975802625,60.297768515169906,1.7803012401753016,7.313548954544911e-05,0.004409906818855119,2.2797161353743576,2.0-2.5
2576,17.85567952205834,1.7626767977811788,12.848459924582736,1.108851074255693,0.00010449187761082147,0.0013425597019270437,2.0424839179418504,1.5-2.0
2577,60.95407778272226,2.8119021387975285,91.99750460809001,1.963776047458224,4.7390704904956914e-05,0.004359826592874407,2.371001972298989,2.5-3.0
2578,28.72967936764892,0.5150545719521472,inf,inf,8.241293838752542e-16,0.0006772633829945782,0.0,0.5-1.0
2579,51.29390562209871,2.4324655511808713,50.19529518708266,1.7006630125624773,7.439511222534845e-05,0.0037342846186275073,2.1471228134062934,2.0-2.5
2580,45.932332369298045,1.6659107332148657,34.91889457160388,1.5430604867789082,0.00010350342648253596,0.003614225237143426,2.115235503363821,1.5-2.0
2581,56.352752396253855,2.639221565111515,93.99630247570008,1.9731107701317876,4.654913772793762e-05,0.004375446829858247,2.500612546243908,2.5-3.0
2582,92.13762366546824,2.01457131470097,57.86938570200887,1.7624488722435576,0.00010673192298526968,0.006176510817951677,1.8442860959422847,2.0-2.5
2583,81.0200791938112,0.5190062309683864,inf,inf,5.371929520965798e-16,0.0018930280322381453,1.4901161193847656e-08,0.5-1.0
2584,41.51495547186818,2.2293399192714336,45.704191486866684,1.6599560306200436,7.283713648027994e-05,0.003328962433049757,2.306006233123972,2.0-2.5
2585,81.73326859355953,1.83307997948334,56.45445863837794,1.7516982471569602,0.00010526668947934796,0.005942773967210824,1.9881752678785871,1.5-2.0
2586,86.05220192314204,1.0981429111463137,inf,inf,7.848150447842735e-16,0.0022979316245555883,2.1073424255447017e-08,1.0-1.5
2587,77.39772280113573,0.8047603522779516,inf,inf,9.28797996824099e-16,0.0019320117968396038,0.0,0.5-1.0
2588,55.13885894279424,1.495686039750199,inf,inf,5.537589339735464e-16,0.0016169182814459557,2.1073424255447017e-08,1.0-1.5
2589,89.93453147741859,1.9022556780171922,59.838940011815275,1.7769838918233705,0.00010588434175900397,0.006336006774707585,1.9338872582974314,1.5-2.0
2590,49.19609063866002,1.695809858184639,36.744590334288475,1.5651934097902414,0.00010384424564464802,0.0038157142647858118,2.0930133388565295,1.5-2.0
2591,10.595535578065117,0.5426028655598534,inf,inf,5.375416001405751e-16,0.0002685197586776128,0.0,0.5-1.0
2592,27.212488490602183,0.8697510287314038,inf,inf,5.100469231555248e-16,0.0006971389800681771,2.1073424255447017e-08,0.5-1.0
2593,65.75129723631096,2.2019992770571664,73.57230053571107,1.866714336229314,7.261545735324835e-05,0.005342486251931298,2.325821504688157,2.0-2.5
2594,37.91264042228922,1.8643483634078544,25.748892667118987,1.410758556915056,0.00010554339530677758,0.0027176255574775255,1.9637386627932638,1.5-2.0
2595,42.28194174384959,2.3570666200000723,43.18224225363716,1.6353051894826676,7.384993358319987e-05,0.003189005722404752,2.208421460398676,2.0-2.5
2596,40.22088843865619,1.5363576317255718,33.089294097564164,1.5196875023426066,0.00010191978037118485,0.003372453587061283,2.208528213531425,1.5-2.0
2597,19.20365990376398,1.1422582778135149,inf,inf,2.8111282539292164e-16,0.0005304011002715315,0.0,1.0-1.5
2598,9.353203351369299,2.495404170331721,8.878750896793706,0.9483518715458064,7.465694234676281e-05,0.0006628603938131963,2.0940380957461184,2.0-2.5
2599,4.908082975988959,1.0453889378740586,inf,inf,3.8980388423235465e-16,0.0001724517722955243,0.0,1.0-1.5
2600,67.25074795976569,0.6514323973302234,inf,inf,5.287390969749612e-16,0.0016211433570188227,0.0,0.5-1.0
2601,32.41100089610427,1.4214581602625251,inf,inf,3.710036513227865e-16,0.000939691787985367,0.0,1.0-1.5
2602,45.68574776619953,1.628187935989201,35.52423761963586,1.5505247663704278,0.00010306155657440697,0.0036611832251987777,2.142918498595158,1.5-2.0
2603,93.51933358149861,1.0227937806843677,inf,inf,4.060822103104651e-16,0.0024537805827352533,0.0,1.0-1.5
2604,62.66652012324555,2.8889903737747757,90.63048240597708,1.9572742916523966,4.772456356067539e-05,0.004325300218118726,2.3047981916973344,2.5-3.0
2605,81.06540575971974,1.0785983005935198,inf,inf,6.170244179368688e-16,0.002155361477754468,2.1073424255447017e-08,1.0-1.5
2606,76.23290000145631,0.8049139542465393,inf,inf,3.1290200820679437e-16,0.0019030942714608017,1.4901161193847656e-08,0.5-1.0
2607,95.37102160318838,2.153854402288193,109.88766597227216,2.0409489490132198,7.220238357537674e-05,0.007934151408732869,2.3597735196329648,2.0-2.5
2608,6.68205817615034,0.8578352392738569,inf,inf,7.813658586532408e-16,0.0002008989461048643,0.0,0.5-1.0
2609,38.41418124497654,1.1997765282215265,inf,inf,4.993643619782194e-16,0.001055485538757456,2.1073424255447017e-08,1.0-1.5
2610,94.96119397321672,1.5344088925078596,78.18615262249615,1.8931298429299723,0.00010191585718622332,0.007968408764614578,2.2098916937008863,1.5-2.0
2611,46.44333079870261,1.184851340847631,inf,inf,3.4101636353852945e-16,0.0012691846813474787,2.1073424255447017e-08,1.0-1.5
2612,94.78000944320635,2.134457572485443,110.5208464450109,2.0434442023844466,7.203088514590748e-05,0.007960914396509058,2.373111506099866,2.0-2.5
2613,18.48613779236954,0.8501075122554392,inf,inf,1.152907140194987e-15,0.00047818620105398864,1.4901161193847656e-08,0.5-1.0
2614,6.024569461905682,2.1104284816496532,7.293327933423833,0.8629257413944135,7.101023902779243e-05,0.0005179009598605018,2.3893630512890383,2.0-2.5
2615,89.54663130142389,0.7895673617665695,inf,inf,8.725452966546445e-16,0.002226566601180896,0.0,0.5-1.0
2616,41.12531074098344,1.9502305955957742,26.68808610235171,1.4263174301010764,0.00010626404173695958,0.002835983895459873,1.8957993077183526,1.5-2.0
2617,50.82751484496484,2.9469255740954297,71.25201912277899,1.852797175788709,4.795553103388253e-05,0.003416928414269219,2.25152009132686,2.5-3.0
2618,93.62757183553437,2.46732091410239,89.86474141300697,1.953589328959675,7.463431623201886e-05,0.006706993528726964,2.11792899116164,2.0-2.5
2619,21.942936110391454,2.8658306216301974,32.16395339826354,1.5073694242035414,4.7609345394250565e-05,0.001531304766582508,2.3252483126535832,2.5-3.0
2620,96.81970504340308,1.8650892295957198,65.7156206694062,1.8176686140679168,0.00010556164048445534,0.006937048723316699,1.963157534779107,1.5-2.0
2621,39.65500244851948,0.89632198375885,inf,inf,3.6562048031488056e-16,0.0010154479089587458,0.0,0.5-1.0
2622,24.741829501865766,1.4255520814924965,inf,inf,2.2316264196997854e-16,0.000722512292456019,0.0,1.0-1.5
2623,23.370420558802728,2.4408557485172455,22.777783808628023,1.3575114666041452,7.442926711162652e-05,0.0016953337553032568,2.1401431402116113,2.0-2.5
2624,51.84488200597659,0.8298981754732808,inf,inf,7.303867371020886e-16,0.0013041859426237703,0.0,0.5-1.0
2625,46.69660389559104,2.1602988241732106,53.60599279337428,1.7292133436407076,7.224934521083845e-05,0.003872997878698216,2.3552987306734567,2.0-2.5
2626,88.61004425421369,1.3061404072640486,inf,inf,7.854569240761675e-16,0.0024824853428456195,0.0,1.0-1.5
2627,5.080210826358689,2.793942464115003,7.892209347907712,0.8971985967822896,4.686732161243709e-05,0.0003698867137410731,2.385665765488967,2.5-3.0
2628,4.397582116851018,1.3761917652601905,inf,inf,6.961820105861009e-16,0.00017551817068269554,0.0,1.0-1.5
2629,15.278476606131509,1.3062856203410684,inf,inf,4.938366542371083e-16,0.0004443847468320691,0.0,1.0-1.5
2630,60.566437403285256,1.1805643029218258,inf,inf,7.510603683024641e-16,0.0016505592256553382,0.0,1.0-1.5
2631,78.13446066910006,1.8496926522481694,53.47993392184178,1.7281908619894004,0.00010542083129830468,0.005637899091818964,1.9752145227987696,1.5-2.0
2632,47.984360513415524,2.8815899020482223,69.68262382724518,1.8431244952177495,4.769204058178109e-05,0.003323306523413963,2.3113854262244535,2.5-3.0
2633,61.37555675111106,1.8509612740319517,41.98173258112757,1.6230603578980294,0.0001054303784544823,0.0044261499542031495,1.9742226772484694,1.5-2.0
2634,64.2553339108548,2.353503897772648,65.74686671921238,1.817875060599352,7.382946116507402e-05,0.004854055743171388,2.211252385645798,2.0-2.5
2635,1.929501318522775,1.8012937876400168,1.6542502186446264,0.2186012007169621,9.5044435585097e-05,0.00015722727834760182,2.012824238631164,1.5-2.0
2636,24.627645248634966,0.706964887980202,inf,inf,7.660177053492216e-16,0.0006092983319537057,2.1073424255447017e-08,0.5-1.0
2637,99.77580919818514,1.966595399110699,64.19866875561284,1.8075260224911938,0.00010639469283672645,0.0068303976427801765,1.882738976464582,1.5-2.0
2638,33.078767626362804,1.9858299962108255,21.080832313173826,1.3238877536886473,0.00010652450644578937,0.00224562525762729,1.8673498373319097,1.5-2.0
2639,94.66270131170525,1.9905829264670758,60.17222817334202,1.7793960936832849,0.000106567981880867,0.0064124329217081074,1.8635411893297782,1.5-2.0
2640,49.227612216345726,1.2462438432570275,inf,inf,4.292120911374016e-16,0.0013638336506389627,2.580956827951785e-08,1.0-1.5
2641,22.25564201675564,1.1671060966226572,inf,inf,2.3929811240489257e-16,0.0006144004446971477,2.1073424255447017e-08,1.0-1.5
2642,0.24152285261147544,1.3230948604805046,inf,inf,2.7282470749042275e-17,0.00012183919424669997,0.0,1.0-1.5
2643,21.755047601665645,0.5772036908581417,inf,inf,3.583389204548358e-16,0.000524540707502878,0.0,0.5-1.0
2644,32.15030803137275,0.9028557437830277,inf,inf,6.341835807622774e-16,0.0008270467709284643,0.0,0.5-1.0
2645,43.930243170883244,1.217491523302011,inf,inf,4.872972936112196e-16,0.0012102042111588726,0.0,1.0-1.5
2646,44.71716367831401,1.7806677102955328,31.807938851639086,1.50253552781967,0.00010474612464617636,0.0033317583276917433,2.028706872587219,1.5-2.0
2647,54.83445517489057,2.778879395283784,84.3226284463408,1.9259441356050733,4.7238745854226956e-05,0.0039832952149371015,2.39774637646115,2.5-3.0
2648,47.414865990893006,2.2522152033276006,51.485150798437516,1.7116819891149697,7.302970997817084e-05,0.0037599456309922825,2.28913204517114,2.0-2.5
2649,3.286381242791525,1.7900207213111183,2.447035944873167,0.388640348814566,0.00010220047629731672,0.0002500882390826921,2.021516147419707,1.5-2.0
2650,26.69672144515959,2.291727718620022,28.33464634603388,1.4523177964402116,7.33273536301602e-05,0.002077704632601153,2.2593585908973934,2.0-2.5
2651,96.20190173330492,1.6111263250704604,75.5601766220488,1.8782929644151152,0.00010287038607925515,0.007772904541326869,2.1553038743286383,1.5-2.0
2652,2.7414911689276567,0.6182372941831114,inf,inf,4.3037456052622386e-16,0.00012235177245058362,0.0,0.5-1.0
2653,73.40583853993358,2.2161557626283157,81.43500209114679,1.9108111118634885,7.273641051165988e-05,0.005923289742119533,2.3156096524393455,2.0-2.5
2654,47.6372592356426,2.2633964403400415,51.383573238399144,1.7108243020276463,7.312107719723192e-05,0.003757222225434604,2.2807869021552474,2.0-2.5
2655,70.69227420199789,2.138252661947562,82.24525907552773,1.9151108729845738,7.206209438062841e-05,0.005926765621859915,2.3705172815798137,2.0-2.5
2656,33.25014181966497,2.6311531693118284,55.75011378488276,1.7462457581075754,4.649799063000032e-05,0.00259226826839093,2.5060716840768684,2.5-3.0
2657,37.01379678009838,2.454240336959758,35.7918259904582,1.5537838553430914,7.453777178181021e-05,0.0026678429573310366,2.12894568964062,2.0-2.5
2658,51.67798929817855,2.5724018103832513,89.73760245885062,1.9529744622017278,4.6191832421375894e-05,0.004145144294675277,2.544325828689246,2.5-3.0
2659,90.96583995618064,0.6150172877166278,inf,inf,2.53554587683907e-16,0.0021724193048701925,1.4901161193847656e-08,0.5-1.0
2660,32.838834469766255,2.999639742135054,44.78142722257223,1.6510979308019693,4.8148244224534714e-05,0.002156147094635635,2.2004247833008517,2.5-3.0
2661,8.586382690140159,1.9707467037649369,5.531961607770891,0.742879157411404,0.00010624316864288405,0.0005877331300203628,1.8794210074065547,1.5-2.0
2662,3.8256650511749424,1.9821328661128852,2.4888495242284057,0.3959986399702736,0.00010550453692283708,0.00026258491652434134,1.870310865906805,1.5-2.0
2663,88.15680822468832,2.0330162651989863,109.55612874093575,2.039636677687859,7.110089212500032e-05,0.007789538491241919,2.4396804144701054,2.0-2.5
2664,31.373568529459185,1.1751840051887257,inf,inf,5.769355029730381e-16,0.0008598332266807682,1.4901161193847656e-08,1.0-1.5
2665,11.95257599366213,1.2574470130047013,inf,inf,1.299659879160813e-16,0.0003517587651312623,0.0,1.0-1.5
2666,59.64225678980636,2.692196574485206,96.41749758196296,1.9841558556219103,4.68204110983852e-05,0.004514306873865067,2.4634884267736465,2.5-3.0
2667,84.48953632744278,2.0008065034097777,53.4311265330874,1.727794330872891,0.0001066387222584049,0.005697827062315596,1.8553413209269953,2.0-2.5
2668,59.95473322543503,2.901148054538351,86.13782596940426,1.9351939064165273,4.777441531049536e-05,0.004115184271805491,2.2938691362678894,2.5-3.0
2669,15.1711672716612,1.0209737330780757,inf,inf,4.065718410201938e-16,0.00041334585268830865,1.4901161193847656e-08,1.0-1.5
2670,40.57325470756147,1.963645360347284,26.148816894065856,1.4174520439489005,0.0001063658512010131,0.0027813411668367463,1.8850956410875717,1.5-2.0
2671,26.648930631723022,2.0000026848343984,16.864155538894106,1.2269645990692128,0.00010661862323545475,0.001798033045585458,1.8559863847810791,2.0-2.5
2672,1.6572026178860333,0.592522983483776,inf,inf,1.361922001904614e-16,0.00011003287594078218,0.0,0.5-1.0
2673,96.56853167364537,2.0651297924410197,117.59010139670497,2.0703707648547187,7.140150810728673e-05,0.008396110578213498,2.419183326102528,2.0-2.5
2674,45.92168397449466,1.4608481134298907,inf,inf,5.673476138100757e-16,0.0013376467368239689,0.0,1.0-1.5
2675,13.472188298158795,1.5749506603243124,10.862378926101336,1.0359249487645126,0.00010221621817155531,0.0011103112941724788,2.18127405607122,1.5-2.0
2676,88.49056280544632,0.9639368397129662,inf,inf,3.8445041266298965e-16,0.0022907773488326532,2.9802322387695312e-08,0.5-1.0
2677,98.51298965228088,1.986362614078932,62.75292149138769,1.7976339494049267,0.00010653824957026433,0.006685586411112666,1.8669231492668255,1.5-2.0
2678,81.60057501325407,2.1834430205485074,92.33658541230423,1.9653738103925833,7.245872151801343e-05,0.006690590928314414,2.3390500549059228,2.0-2.5
2679,25.36459100670725,2.730037457420698,40.13954074299233,1.6035723991946849,4.699063702690126e-05,0.0018861825894804672,2.435569695274444,2.5-3.0
2680,19.054286828293876,2.6045152487568473,32.50381741330006,1.5119343697226448,4.632743795917445e-05,0.001505818584650993,2.5237387461829326,2.5-3.0
2681,52.511230028743796,2.950483119303398,73.47248797896417,1.8661247464898159,4.796943462896923e-05,0.0035244337091346494,2.2481498897331207,2.5-3.0
2682,58.34970242704751,2.939539203422156,82.11722339413359,1.9144342562734111,4.7927622573400646e-05,0.003935683289609661,2.2584811426878484,2.5-3.0
2683,87.8401441987401,2.2514273572316847,95.40596921189204,1.9795755478140096,7.303072401472676e-05,0.006967567006871206,2.289717656072173,2.0-2.5
2684,96.72429424690179,1.2018413329899125,inf,inf,3.756731701789299e-16,0.0026448198185383153,2.1073424255447017e-08,1.0-1.5
2685,91.0386988185139,1.8503859440330113,62.28775840345831,1.7944027018722823,0.00010542808117635411,0.006566878849252936,1.9746725233510363,1.5-2.0
2686,34.20793016666992,0.7087591127702332,inf,inf,6.68183438817177e-16,0.0008405316031750502,1.4901161193847656e-08,0.5-1.0
2687,58.5599306919301,1.915605374217034,38.691571391669854,1.5876163682033524,0.00010599262788593735,0.004101021328839442,1.923321006953546,1.5-2.0
2688,12.385640618904702,1.2639944317124094,inf,inf,7.180707165168325e-16,0.00036359714721085517,0.0,1.0-1.5
2689,51.88765303679772,1.8411615601141125,35.684095150129124,1.5524746887267387,0.00010533759686870454,0.0037588768295487964,1.9818766964715477,1.5-2.0
2690,7.077000288597446,2.3751957365547307,7.2247471135116,0.8588226501651158,7.361665829788343e-05,0.0005318617395440031,2.1939227372418673,2.0-2.5
2691,11.12968065848663,0.6515812513171871,inf,inf,5.435094542970001e-16,0.0002872989481847897,0.0,0.5-1.0
2692,12.194264371832276,2.6901403802379944,19.81245349307091,1.296938260118224,4.672084153932933e-05,0.0009256545001550979,2.4649715731630217,2.5-3.0
2693,30.14323625189047,0.5947508109906803,inf,inf,1.066953821786509e-15,0.0007230479146721341,2.1073424255447017e-08,0.5-1.0
2694,30.967962216552316,1.7247964355641088,22.750439430238448,1.3569897895770717,0.00010414465824289544,0.0023693367393378757,2.071244930267909,1.5-2.0
2695,70.5040352264679,1.046090814062681,inf,inf,5.725391726704923e-16,0.0018613895695553744,1.4901161193847656e-08,1.0-1.5
2696,7.603372013348686,0.5975633688966615,inf,inf,4.38838771151982e-16,0.00020789030177828486,0.0,0.5-1.0
2697,11.114411548487857,1.6992852828962521,8.322544818042408,0.9202561425702007,0.00010364507194357505,0.0008625907564196331,2.0904147864992715,1.5-2.0
2698,65.63206121756578,1.154957265011019,inf,inf,5.377296667179449e-16,0.001777391350809883,1.4901161193847656e-08,1.0-1.5
2699,67.27889540931407,0.7000154215405114,inf,inf,1.15581160770456e-15,0.001640116667045401,1.4901161193847656e-08,0.5-1.0
2700,71.04369175367442,2.5610652507654694,124.20367158937142,2.0941344342257087,4.61327824801758e-05,0.005729860964671663,2.551412009844606,2.5-3.0
2701,72.01392086889092,1.113847381387688,inf,inf,4.837291005771695e-16,0.0019310838159544786,0.0,1.0-1.5
2702,66.29241796807823,2.8455376477915633,98.19199669174452,1.9920760913077367,4.754013531928292e-05,0.004668060809996115,2.342770239382565,2.5-3.0
2703,55.259360312344455,2.021649585287399,34.587124672271564,1.5389144593583821,0.00010677632755639464,0.0036930861532403275,1.8385948983324996,2.0-2.5
2704,74.13621489282619,1.3879563835513868,inf,inf,1.2079094608128494e-15,0.002117683271182691,2.1073424255447017e-08,1.0-1.5
2705,8.15278373264735,0.6514427914060368,inf,inf,7.963899884419755e-16,0.0002220740997905213,0.0,0.5-1.0
2706,21.18112252201151,2.6386546184236845,35.38577985379812,1.5488287712983235,4.651738511711286e-05,0.0016460539491285006,2.5009978038661718,2.5-3.0
2707,74.1453328346864,0.7719864831540897,inf,inf,8.4605908809437e-16,0.0018371275039537553,0.0,0.5-1.0
2708,19.255212979194138,2.4406491656367653,18.776142860300634,1.2736063809793419,7.441386282092086e-05,0.001397205319112424,2.140315361202794,2.0-2.5
2709,53.075238744398035,1.8214128260502331,36.899963069152165,1.5670259315012973,0.00010515134290912945,0.003880080670018632,1.997246161784698,1.5-2.0
2710,26.03013919932119,1.6389447622524085,20.12345693504722,1.303702588652981,0.00010315444345840998,0.0020758240005940764,2.1350660124169725,1.5-2.0
2711,43.12750193515703,0.701463625037217,inf,inf,7.941023385927151e-16,0.001054814263549371,0.0,0.5-1.0
2712,83.4177901753605,1.5506766853499823,67.993278508847,1.8324659825474476,0.00010212161455521864,0.006943583380226105,2.1984717821501483,1.5-2.0
2713,66.06400193010393,0.5411866264074203,inf,inf,3.428043252339535e-16,0.001552620282487443,0.0,0.5-1.0
2714,44.51885899255357,2.407896126699046,44.17100482711436,1.6451372789483925,7.422126358020666e-05,0.0032784277918758357,2.167382866876121,2.0-2.5
2715,27.352980050517463,2.267929962380583,29.44146659552272,1.4689594401246437,7.313718595270706e-05,0.0021532660171171584,2.2773852076044188,2.0-2.5
2716,80.50184175551549,0.8399396969091903,inf,inf,5.839360260906368e-16,0.0020256492506187515,0.0,0.5-1.0
2717,65.70225355875844,1.773927454266516,46.90733933967765,1.6712407997587806,0.00010468442059374,0.004910467640368101,2.033876939390544,1.5-2.0
2718,43.99488385763235,0.9451125591071498,inf,inf,9.022139984566581e-16,0.0011380845008219335,0.0,0.5-1.0
2719,86.92723617813772,2.2801150701749986,92.82229390446233,1.9676522968748669,7.326296509919466e-05,0.006800436478749812,2.2681906935196436,2.0-2.5
2720,69.24604930421361,0.9725339890338076,inf,inf,8.478216544983318e-16,0.001797509894974315,0.0,0.5-1.0
2721,98.05772027102557,0.9319399113291306,inf,inf,5.730968097883686e-16,0.0025191989495557234,0.0,0.5-1.0
2722,66.43863715684037,1.2108888412511036,inf,inf,6.843916540471744e-16,0.001822528523545554,0.0,1.0-1.5
2723,89.99013688818359,2.9289420775314614,127.35863732455898,2.105028403678843,4.788745823459474e-05,0.006098881425694717,2.268382243993731,2.5-3.0
2724,55.0409236464806,2.5461660686672873,97.11544870687827,1.9872883210972856,4.6048413993631345e-05,0.0044720123872316,2.560584059912261,2.5-3.0
2725,71.0001237530651,1.5081010088451499,inf,inf,4.99281809249923e-16,0.0020854776054142258,0.0,1.5-2.0
2726,84.24315860320972,2.4861354017170223,80.03204317093595,1.9032639043178792,7.475650692936566e-05,0.005982915989879365,2.101958550642861,2.0-2.5
2727,9.045712975057596,1.4036222266658156,inf,inf,7.714180397964855e-16,0.00028701973888300124,0.0,1.0-1.5
2728,47.42232860888173,0.9690081768289983,inf,inf,6.674942913589266e-16,0.0012327107370938392,0.0,0.5-1.0
2729,60.56026460115954,2.742705943716125,95.07186881190889,1.9780520308482485,4.7068410902034895e-05,0.004474881786463283,2.4259550122302653,2.5-3.0
2730,5.7783517276306595,0.5916132499657174,inf,inf,6.979266653043077e-16,0.0001713241998994604,0.0,0.5-1.0
2731,78.9224065049724,2.482838638437859,75.11244057939467,1.8757118734559604,7.473495803351507e-05,0.005613525094495956,2.104767415680155,2.0-2.5
2732,71.5546031495526,2.8994732796048686,102.89379793680715,2.0123891978625563,4.7768310976427715e-05,0.00491506293739112,2.295382594162106,2.5-3.0
2733,93.62358245632343,0.7104585518270099,inf,inf,6.181897381514426e-16,0.0022855713891803365,2.1073424255447017e-08,0.5-1.0
2734,37.203695847269834,2.64815749990837,61.7428763807684,1.7905868578509245,4.658952005099651e-05,0.0028765709771480085,2.4945070407101024,2.5-3.0
2735,46.91563308808293,2.450231154954823,45.46206895589948,1.657649196362207,7.451507057851126e-05,0.0033876092768939958,2.132307800911918,2.0-2.5
2736,91.18944975364371,0.6059274429452015,inf,inf,7.441572048826349e-16,0.002173180998826559,0.0,0.5-1.0
2737,41.1490755337228,1.6104135498487755,32.34491905066196,1.5098060685729728,0.00010284413456012101,0.0033264852071825,2.155819410522198,1.5-2.0
2738,83.43518045829876,1.150334119098496,inf,inf,3.6473685334183815e-16,0.002255243646570953,0.0,1.0-1.5
2739,42.14088756641282,1.4606139628116253,inf,inf,5.027555524755277e-16,0.0012284637988601381,0.0,1.0-1.5
2740,33.77581103809951,1.4545110648369703,inf,inf,6.6951033798202295e-16,0.000986079310713714,0.0,1.0-1.5
2741,27.725418165920544,1.4863175702420859,inf,inf,3.0708678016222985e-16,0.0008185916231410972,0.0,1.0-1.5
2742,21.349394695603863,0.5244027930089452,inf,inf,5.997947582409392e-16,0.0005088931812288334,0.0,0.5-1.0
2743,43.1430907029779,1.1781487038286247,inf,inf,4.457402272992448e-16,0.0011779791246676634,0.0,1.0-1.5
2744,16.158129557844525,1.225085195146885,inf,inf,9.41991820004148e-16,0.00045941976548670503,0.0,1.0-1.5
2745,82.79853903822006,2.1234328970173832,97.21382218175827,1.9877280187378938,7.19315031192658e-05,0.0069927363535028965,2.380605133645483,2.0-2.5
2746,97.44303760306306,2.2398475355761325,106.56844627567874,2.0276286339879404,7.293602004773518e-05,0.007772678334018894,2.2982884473128795,2.0-2.5
2747,9.743958566071164,2.3761070194897087,9.893740881776967,0.9953605319541736,7.380346561773822e-05,0.0007301923649990375,2.1931898487140384,2.0-2.5
2748,5.481924847143826,2.09249320651955,6.747678050140846,0.829154353054188,7.065729169870498e-05,0.0004767726562777506,2.401297321119558,2.0-2.5
2749,0.3737648292742035,2.7352965013582806,4.354141755442724,0.6389025640262508,1.7302438026394525e-05,7.533726788168439e-05,2.4315948607639335,2.5-3.0
2750,93.20632578716375,1.8904572156938926,62.40633544248481,1.795228681157495,0.00010578413780472538,0.006601600388335731,1.9432032408773066,1.5-2.0
2751,7.380434730455709,1.2834407652591457,inf,inf,3.2292595095556244e-16,0.00023819526849578078,0.0,1.0-1.5
2752,68.01799664553876,0.6004481222172254,inf,inf,7.697824976821557e-16,0.0016203725120946277,0.0,0.5-1.0
2753,30.38366119725674,2.3171151390052294,31.765493567921478,1.5019556077323364,7.353435079204282e-05,0.002335854947105918,2.239815701141783,2.0-2.5
2754,19.82207446099532,1.9058406519447744,13.17412209314887,1.1197216840132773,0.00010587293891298968,0.001394783023600218,1.931052358213772,1.5-2.0
2755,24.633584975493072,0.9084189449650122,inf,inf,6.59589034868685e-16,0.0006384621897289731,0.0,0.5-1.0
2756,68.96615159169247,1.7786308755248323,49.10620615969495,1.691136382766204,0.00010473279985637665,0.005143030461429301,2.030270276432134,1.5-2.0
2757,1.7981383286547192,2.8608096685245563,3.0298513793369914,0.48142132595548864,4.4446284840732484e-05,0.00013466563743109812,2.3296180848071426,2.5-3.0
2758,86.48173710027089,2.0137612558255054,54.33906309497272,1.735112146113687,0.00010672637065314755,0.005799410988818829,1.844937150569037,2.0-2.5
2759,56.78017117004703,1.27270936749031,inf,inf,4.957556929864257e-16,0.0015812081880195344,2.580956827951785e-08,1.0-1.5
2760,23.55930889462409,2.516765300880479,22.027340872212864,1.3429620725376081,7.492781047159862e-05,0.0016504604220664632,2.0756556157413524,2.5-3.0
2761,20.833859317156033,1.4869298197634682,inf,inf,6.555360454462495e-16,0.0006208276472080876,0.0,1.0-1.5
2762,65.4732524325815,0.5374660995102163,inf,inf,4.612453866897963e-16,0.0015374747926802932,2.1073424255447017e-08,0.5-1.0
2763,62.93307306060314,0.6993452878109094,inf,inf,3.294165339342372e-16,0.0015343893892536848,1.4901161193847656e-08,0.5-1.0
2764,31.81157369140314,2.9038213522451106,45.65007663033126,1.6594415108977456,4.777896861192296e-05,0.0021811135784524753,2.291448082689982,2.5-3.0
2765,33.40195827564679,0.7341690543944414,inf,inf,4.795773298403698e-16,0.0008258757732968121,0.0,0.5-1.0
2766,46.34408423023191,2.4584598951573207,44.705044025299365,1.650356526907513,7.457015137583023e-05,0.0033336619002297284,2.1253997775135827,2.0-2.5
2767,91.04720558598703,0.5767363558194722,inf,inf,7.33019652673496e-16,0.002155221501877706,0.0,0.5-1.0
2768,53.83078291169184,1.5594551966087027,43.646418839164745,1.6399486159180463,0.00010222431899361026,0.0044617254423434975,2.192273928215177,1.5-2.0
2769,84.00700874905624,1.205082065602312,inf,inf,7.160353515815811e-16,0.0022995479773614182,2.1073424255447017e-08,1.0-1.5
2770,64.08516821301747,1.3601207620412945,inf,inf,1.1395775541314966e-15,0.001819894228464272,0.0,1.0-1.5
2771,56.21129635023379,0.7272178602603175,inf,inf,9.685097062806402e-16,0.0013801769379531987,0.0,0.5-1.0
2772,48.96599161227846,1.5049978884740616,inf,inf,5.10744418308614e-16,0.001440174789825609,0.0,1.5-2.0
2773,68.06286310184723,2.398204725504411,67.89152572663608,1.8318155686863724,7.415732764653488e-05,0.0050346541177333035,2.175299759141245,2.0-2.5
2774,49.15279884886571,1.8119565466662184,34.35366196847625,1.5359730379875727,0.00010505875003334593,0.0036091527854762093,2.004578390307634,1.5-2.0
2775,72.59760543180565,0.8303963777154948,inf,inf,5.823764876211464e-16,0.0018233391096011836,0.0,0.5-1.0
2776,18.206322160081566,2.5137680983936423,17.057272029044054,1.231909575631861,7.489294430586554e-05,0.0012774693240811944,2.07824551709248,2.5-3.0
2777,32.23148169541462,2.678278404612188,52.55425019078863,1.7206078442418244,4.674068454362851e-05,0.00245642162959458,2.473460413617249,2.5-3.0
2778,87.31784741608854,1.6405328584475631,67.37869798940655,1.8285226145186626,0.00010321981712633951,0.006954816884677403,2.13390386577539,1.5-2.0
2779,39.52262968957757,1.3979599613817726,inf,inf,2.282966781716106e-16,0.001136400419479774,0.0,1.0-1.5
2780,84.30724999720928,0.5444681460739136,inf,inf,4.2778523772864834e-16,0.001981232992817222,2.1073424255447017e-08,0.5-1.0
2781,93.79557837447695,0.6763869775694002,inf,inf,7.635178534700041e-16,0.002271816255440438,0.0,0.5-1.0
2782,57.846848389917625,1.4383000812347995,inf,inf,6.086670959667325e-16,0.0016735283734552835,0.0,1.0-1.5
2783,10.186396090254469,0.7833088529948308,inf,inf,7.539148244788808e-16,0.00027450231015694113,1.4901161193847656e-08,0.5-1.0
2784,75.69320342235171,2.923619837847422,107.43342297786405,2.031139413176558,4.786594063731312e-05,0.005142401846721792,2.273316706386147,2.5-3.0
2785,66.5862980440954,2.1103408218085096,78.82305458137282,1.8966532608027407,7.181145285455309e-05,0.005660398067922118,2.389421787729971,2.0-2.5
2786,29.07880650990403,1.2821053149017299,inf,inf,1.5913146814549423e-16,0.0008181160113953451,0.0,1.0-1.5
2787,86.29786567828127,1.9624290385980356,55.645546428236635,1.7454304114552823,0.0001063631662666445,0.0059186365067448185,1.8860670204464112,1.5-2.0
2788,48.2721450999754,0.9205202243135417,inf,inf,9.84189354687825e-16,0.0012406504015677292,0.0,0.5-1.0
2789,5.700054785086161,2.7932964707787384,8.824021869700175,0.9456665758009394,4.69555468817289e-05,0.00041433677258810765,2.3861879249951894,2.5-3.0
2790,6.797618691697638,1.7519590252889226,4.971035367225315,0.6964468530074672,0.00010385787306244384,0.0005162811601582057,2.0506561664803016,1.5-2.0
2791,22.833316310232433,2.249025585515374,24.86453479700621,1.3955803382119942,7.296841815949527e-05,0.00181432577240927,2.2915009544377134,2.0-2.5
2792,60.98327730690757,0.9550963067896461,inf,inf,3.700967988988446e-16,0.0015775490183873695,0.0,0.5-1.0
2793,81.51795229312677,1.6843962484635726,61.28587830807059,1.7873604144953217,0.00010372440953467538,0.006356841540318592,2.1015247734188427,1.5-2.0
2794,9.904113087763221,2.284587487452391,10.613309765434558,1.0258508399534043,7.307255658852974e-05,0.0007755416784263119,2.2647971705685452,2.0-2.5
2795,2.2307948497007124,1.4686250761200619,inf,inf,1.7194788384645563e-16,0.00014152003441163472,0.0,1.0-1.5
2796,62.250282877571294,0.6626498715015173,inf,inf,4.3228261878847903e-16,0.0015050135292930423,0.0,0.5-1.0
2797,40.946425909034666,1.6729136007581156,31.001876350411976,1.491387979768772,0.00010357974318072293,0.0032111663904962,2.110052432883761,1.5-2.0
2798,44.16290468808336,2.560015174270046,77.27593492595749,1.8880442680961074,4.612171988903125e-05,0.003564099024818018,2.5520636687435267,2.5-3.0
2799,82.07033478097296,1.6552457165175554,62.77582301709713,1.7977924152032116,0.00010339104687468104,0.006490458060157371,2.123102959435995,1.5-2.0
2800,91.90165293753937,2.9493295156293438,128.6551503047774,2.109427176509628,4.7966939384950775e-05,0.006171193796230989,2.24924398944064,2.5-3.0
2801,96.72398996507405,1.8990029148398477,64.46727367825746,1.8093393042808348,0.0001058571724659172,0.006824323308166784,1.9364577679567052,1.5-2.0
2802,77.91574891443578,2.7067778846796453,124.88186860806478,2.0964993884536236,4.689459765645527e-05,0.00585628498296151,2.4528711973875423,2.5-3.0
2803,0.3264716468771578,0.5813883399592121,inf,inf,5.0762729856682363e-17,0.00010279177899003879,0.0,0.5-1.0
2804,15.050616162715968,2.078391390897333,18.241477261726644,1.2610600061764599,7.139245473581919e-05,0.0013023038397222944,2.4105634103890914,2.0-2.5
2805,58.727514850799764,1.7758809672357847,41.88265398377988,1.6220341938757417,0.00010470283739403722,0.00438523270969443,2.0323795513987912,1.5-2.0
2806,95.52852451253304,1.3946230260145733,inf,inf,4.704025972733688e-16,0.0027311049823674667,0.0,1.0-1.5
2807,8.144662583472861,2.755259885630086,12.79327420006071,1.106981708281665,4.694557613594627e-05,0.0006005876279869871,2.4162926508899076,2.5-3.0
2808,51.49352358564347,0.7299829768201656,inf,inf,4.539709427108529e-16,0.0012658622560295146,0.0,0.5-1.0
2809,39.647558986086985,1.7151284237023396,29.28423857901719,1.4666339363977767,0.00010405111284231596,0.00304705761288662,2.0785292801947532,1.5-2.0
2810,40.68321615072886,1.2662101188045947,inf,inf,3.5046618609508616e-16,0.0011343390012505772,0.0,1.0-1.5
2811,26.85574512845047,2.9000629626764907,38.62297046977781,1.5868456720591986,4.7759953462625464e-05,0.001844631272224946,2.294849999439424,2.5-3.0
2812,27.0756151386488,2.454162255655514,26.189812983338065,1.4181323972188828,7.452736758559414e-05,0.0019518578192072018,2.1290112342166463,2.0-2.5
2813,23.836418525132864,1.0017966883814442,inf,inf,5.014662092097866e-16,0.0006319104372436174,2.1073424255447017e-08,1.0-1.5
2814,10.316108728731244,0.8193374095221735,inf,inf,8.199883467974679e-16,0.0002797837310346136,0.0,0.5-1.0
2815,55.407014751989855,0.559413906739413,inf,inf,1.0149762222344407e-15,0.0013088338095311178,0.0,0.5-1.0
2816,44.594760683351055,0.9489300385603179,inf,inf,7.080525445482059e-16,0.0011544718170775673,2.1073424255447017e-08,0.5-1.0
2817,71.29351544802586,2.822480327434121,106.96305249612763,2.0292337882639133,4.7438900906164105e-05,0.005074209647984627,2.3622317287926613,2.5-3.0
2818,63.99361962616052,2.682104515831364,104.06364894765169,2.017299050178563,4.677017841035812e-05,0.004867075427314546,2.470734810525279,2.5-3.0
2819,95.27980872800657,2.499830045313977,89.84658560031588,1.9535015774592652,7.484427284519714e-05,0.006724502366879401,2.0902439937135373,2.0-2.5
2820,33.96194425525189,1.50078775575729,inf,inf,6.219525401292512e-16,0.00100207736580729,2.1073424255447017e-08,1.5-2.0
2821,88.24910738161422,1.7045803948187603,65.56489249132764,1.81667135342055,0.00010395032081458255,0.006815491608647123,2.0864496044321035,1.5-2.0
2822,38.476871442985285,1.9380478464174882,25.128218427980915,1.4001616985279248,0.00010616765466681464,0.002667804016454166,1.9055008107092826,1.5-2.0
2823,66.06874054391845,2.525535162589828,118.04962052040331,2.0720645953439307,4.5935234032045e-05,0.005422636945998828,2.5730245452476654,2.5-3.0
2824,80.49784845252891,0.5106421497695242,inf,inf,5.679624064366077e-16,0.0018772317105802767,0.0,0.5-1.0
2825,39.67796516645608,0.9532177763066914,inf,inf,8.821873435455343e-16,0.0010294662541476638,1.4901161193847656e-08,0.5-1.0
2826,44.61577469483662,1.9534946537252693,28.903786175852098,1.4609547357523607,0.00010629038938657261,0.003072194687377554,1.8931968908526746,1.5-2.0
2827,63.125235390716796,0.8533519193559655,inf,inf,9.228910302904713e-16,0.001594771959353302,0.0,0.5-1.0
2828,11.078112767647808,2.8453380658892833,16.467056865145558,1.216615985238709,4.745779185127214e-05,0.0007814901571091397,2.342940733444625,2.5-3.0
2829,53.17608379252404,0.6115620700010295,inf,inf,5.628341488821921e-16,0.0012716830878668785,0.0,0.5-1.0
2830,9.494133182685427,2.9340970903573664,13.450653074691283,1.1287433713160524,4.7816597078088066e-05,0.0006431644585096595,2.2635784598094677,2.5-3.0
2831,22.487000943622437,1.0363796879231915,inf,inf,9.475559911867717e-16,0.0006021023327017598,0.0,1.0-1.5
2832,62.30581077734456,0.9846200829004534,inf,inf,2.9356762700054957e-16,0.0016226161616565515,0.0,0.5-1.0
2833,97.21641722521281,1.5611180973527965,78.72825232630646,1.8961306107273528,0.00010225476263151665,0.008050338754020616,2.1910971091892346,1.5-2.0
2834,99.93619523314548,2.0946285105863502,119.4555878216934,2.077206469727317,7.16726638972097e-05,0.008561700196587847,2.399885243578245,2.0-2.5
2835,26.068642441289867,2.9489334941464977,36.518162941013706,1.5625089220756303,4.7954639209214045e-05,0.0017512153284196031,2.2496193081147937,2.5-3.0
2836,14.63180495678068,1.6907362406042974,10.989397106235808,1.0409738670716155,0.00010365377814941335,0.0011390925296455715,2.0968011415175347,1.5-2.0
2837,51.858933633741586,2.7452547348542864,81.29689455164782,1.9100739563586209,4.707939559808478e-05,0.003827408659492811,2.424004168865684,2.5-3.0
2838,44.13748597338113,2.726218239840718,69.96216994418081,1.8448632710777793,4.6985499301138864e-05,0.0032872074870184662,2.438441679924922,2.5-3.0
2839,37.94344578016863,2.9611738157898286,52.7949350790349,1.7225922601713806,4.800768270945995e-05,0.0025345624919408446,2.2379538222087123,2.5-3.0
2840,76.84704857218412,1.399724752749208,inf,inf,2.8045928768601045e-16,0.0022008317696927244,0.0,1.0-1.5
2841,70.96891834267598,1.6863273029301702,53.29596619626318,1.726694339889637,0.00010374464717052016,0.005529171208643293,2.100087171377357,1.5-2.0
2842,56.18262396619076,0.5540449365522094,inf,inf,6.822746783767637e-16,0.0013254006283633718,0.0,0.5-1.0
2843,62.14591749956312,1.45952162026267,inf,inf,4.4163032845620994e-16,0.0018060616649135121,0.0,1.0-1.5
2844,58.185429749061036,1.3840454142562844,inf,inf,5.411373303097822e-16,0.0016623116200185021,1.4901161193847656e-08,1.0-1.5
2845,67.68745019882972,0.8110101333405269,inf,inf,1.2208786468506577e-15,0.001692874632829301,0.0,0.5-1.0
2846,92.78067886959201,2.58112753060622,160.23143414596635,2.2047477198440895,4.62434952614771e-05,0.007409661565668675,2.538807670159686,2.5-3.0
2847,94.66683122092456,1.1979574452834105,inf,inf,1.3717798969717837e-15,0.002586353813000565,2.1073424255447017e-08,1.0-1.5
2848,97.94954567316569,0.8268990234241431,inf,inf,8.841114322766782e-16,0.002456120108251011,0.0,0.5-1.0
2849,85.97195280242687,0.7886651611808105,inf,inf,7.108813186569721e-16,0.0021374489527180227,0.0,0.5-1.0
2850,10.474192864123,0.5611334067647534,inf,inf,3.636272014938426e-16,0.0002670271294133719,1.4901161193847656e-08,0.5-1.0
2851,45.167296801874244,2.3880217717930208,45.31992050591334,1.6562891394112744,7.407909332626628e-05,0.003357258620696523,2.1835718762667446,2.0-2.5
2852,78.15815978739721,1.8299458650032727,54.07865041187088,1.7330258448050504,0.00010523681980837047,0.005691065188873916,1.9906145588169162,1.5-2.0
2853,29.433332660531384,1.8090438440937628,20.611590650996625,1.3141115087270017,0.00010501311633939116,0.002164487366973016,2.0068332013364274,1.5-2.0
2854,60.6723341223832,1.5343720910258705,49.962164767367966,1.698641247279256,0.00010190870815799352,0.005091579668219289,2.209917430791088,1.5-2.0
2855,5.524100569728163,2.9095233801820837,7.996961420899438,0.9029250008902271,4.7519654088250444e-05,0.00038001284047822504,2.2862625009169637,2.5-3.0
2856,20.363350969590886,1.4450370962828667,inf,inf,3.443522760468035e-16,0.0006015464404052978,2.1073424255447017e-08,1.0-1.5
2857,40.02204459386054,1.6871687567993263,30.04848291063415,1.4778225502098987,0.00010374072001573279,0.003117251252529629,2.099460426578581,1.5-2.0
2858,7.019333760133872,2.225019744666162,7.853422953816549,0.8950589874385992,7.230953015870253e-05,0.0005678773239280445,2.3091629299978234,2.0-2.5
2859,42.43274712693209,2.8226985953665964,63.66529591860303,1.8039027620349437,4.7436002589149e-05,0.0030200271420337903,2.362049720510521,2.5-3.0
2860,23.011129789576433,2.6463358455269264,38.2588831474146,1.5827322879601073,4.6562725945626304e-05,0.0017814378909788067,2.495756780546256,2.5-3.0
2861,86.17746582826108,2.703903765322568,138.35274820654996,2.1409877902864083,4.6880765543262854e-05,0.0064860827509373485,2.4549778276885217,2.5-3.0
2862,31.881196116452482,0.9581579984756543,inf,inf,3.665414433527783e-16,0.000830790129155061,1.4901161193847656e-08,0.5-1.0
2863,38.07259420101372,2.8614237736636294,55.91054939533211,1.7474937597991635,4.760410406104633e-05,0.0026615716115256606,2.3290848416765515,2.5-3.0
2864,80.20293179360169,2.559641766434375,140.33382694392213,2.1471623687072974,4.6125689616859734e-05,0.0064729945443614606,2.552295207192751,2.5-3.0
2865,55.966794779817285,1.3244564151931277,inf,inf,7.023045231065413e-16,0.0015774267745760776,0.0,1.0-1.5
2866,5.008702886303906,2.5135064917984256,4.757350611280282,0.677365159604298,7.43850636838692e-05,0.0003538758281865779,2.0784714102159034,2.5-3.0
2867,21.757735735937224,2.882120405215797,31.60830291647123,1.499801178731146,4.7678409791278764e-05,0.001507033619258387,2.3109148649217897,2.5-3.0
2868,61.08717809017985,2.358303510037503,62.33408318730751,1.7947255762363732,7.386483112809646e-05,0.004604296528155186,2.2074372151908177,2.0-2.5
2869,19.93645782777075,2.346701545497845,20.504337199733275,1.3118457353328057,7.373310017205515e-05,0.0015118483487095303,2.2166406200125404,2.0-2.5
2870,24.831245693950578,2.5963186322048797,42.53572818036679,1.6287538720065178,4.630124126899284e-05,0.0019694570130314604,2.5290664509399696,2.5-3.0
2871,62.293454769109324,2.696917904078947,100.42428182610585,2.0018387346026185,4.6844337521115394e-05,0.004704308953177717,2.46006979363482,2.5-3.0
2872,49.45851616732494,2.4529504978151198,47.853328934824596,1.679912155022729,7.453410261468171e-05,0.0035667049292823338,2.130028099838584,2.0-2.5
2873,26.910106609153406,0.6943106506154463,inf,inf,9.09701328242952e-16,0.000662205793137152,0.0,0.5-1.0
2874,55.91997290792793,1.021616104250933,inf,inf,8.652879600314503e-16,0.0014696583018873257,0.0,1.0-1.5
2875,63.374788697726345,0.8020039092554699,inf,inf,1.0474078378726739e-15,0.001582174845086739,0.0,0.5-1.0
2876,3.9372462497650362,1.6649270434836165,3.1315520565168677,0.495759635475332,0.00010120956169545309,0.0003169430110665669,2.1159624843282394,1.5-2.0
2877,27.384689190144172,0.6641021366448403,inf,inf,9.0090979808416e-16,0.0006689095248515805,0.0,0.5-1.0
2878,30.771046693299308,1.87652835543048,20.764150841170917,1.3173141751504749,0.00010564521847542675,0.0021936332520722177,1.9541728515323975,1.5-2.0
2879,87.87209102341475,2.810732601111873,132.7031559145332,2.122881251274152,4.7386977414296455e-05,0.0062884014521278455,2.3719655383394804,2.5-3.0
2880,5.132365500493174,2.9538334426569914,7.258291079756983,0.8608343807558874,4.7683948969490266e-05,0.0003461039814528384,2.2449656045139426,2.5-3.0
2881,34.71342029754395,0.593711782803424,inf,inf,3.9043999687973587e-16,0.0008304005842672396,0.0,0.5-1.0
2882,19.455031724889594,2.206393143514891,21.74818855071472,1.33742308955774,7.259121550741815e-05,0.0015787274419808964,2.3226630506442807,2.0-2.5
2883,69.51404924640259,0.8575315560118661,inf,inf,5.280734400697331e-16,0.0017571502571812558,1.4901161193847656e-08,0.5-1.0
2884,81.12342068012363,2.655311076694123,134.0130834873943,2.1271471999245373,4.6634904500064556e-05,0.006249687350193813,2.489574018464199,2.5-3.0
2885,5.743722548423113,0.577918358531735,inf,inf,3.0369089767123374e-16,0.00017012855503428746,0.0,0.5-1.0
2886,86.33019397320459,0.7580267957783972,inf,inf,8.709089441078894e-16,0.002131201130199285,0.0,0.5-1.0
2887,69.59604464100461,1.3090389721544191,inf,inf,5.033403318605206e-16,0.0019525405875949638,0.0,1.0-1.5
2888,21.69788440156101,0.5132016488270779,inf,inf,4.670405914383405e-16,0.0005155389894415558,0.0,0.5-1.0
2889,91.58327495070544,2.1553697397707685,105.42587980154713,2.0229472339824928,7.22154333758226e-05,0.007613375598896108,2.358723264768769,2.0-2.5
2890,29.3042320038017,1.0141653638868786,inf,inf,8.378451697763131e-16,0.0007748632147956453,0.0,1.0-1.5
2891,78.84651066349775,2.2997866141198484,83.22689627583812,1.9202636990855464,7.341845590729486e-05,0.006110390214528623,2.2531896556614157,2.0-2.5
2892,7.495961457811617,2.873784785882238,11.009589017103918,1.0417711072610059,4.7491515879425695e-05,0.0005228620716317415,2.3182792922116997,2.5-3.0
2893,45.6048967453947,1.675971269140847,34.46404308691576,1.5373662245727988,0.00010361837871483585,0.0035711082686244577,2.1077851299975148,1.5-2.0
2894,50.57552768217539,1.6753513839322862,38.232271039696236,1.582430096363627,0.00010361421335878061,0.003961406688697815,2.1082449893048727,1.5-2.0
2895,89.6585654045148,2.991117132158619,122.78114752274712,2.089131688015349,4.812304462910159e-05,0.005908602641849466,2.208852852483777,2.5-3.0
2896,83.6525642182487,1.2842952359844273,inf,inf,4.543455367308477e-16,0.002332143661159154,0.0,1.0-1.5
2897,54.63842504283938,2.714647714645862,87.18178898303144,1.9404257765592425,4.6931155234155596e-05,0.004091542072354045,2.4470678236965098,2.5-3.0
2898,5.153608747571425,2.2828622443956315,5.6246915869071366,0.7500987142009171,7.242982945462634e-05,0.00040739545237455547,2.2661074194174327,2.0-2.5
2899,42.997753551781926,0.5226548781724953,inf,inf,9.345386044793345e-16,0.0010091321126133117,1.4901161193847656e-08,0.5-1.0
2900,37.52926335372606,1.2440733882553163,inf,inf,2.169206066143332e-16,0.0010420851447965034,0.0,1.0-1.5
2901,99.54944175783746,2.302480889741756,104.91063000254093,2.020819495033917,7.34409327721557e-05,0.007704734525101109,2.2511200185293165,2.0-2.5
2902,68.07189109013532,0.6127988110323721,inf,inf,1.1379691761240357e-15,0.0016262829016879669,0.0,0.5-1.0
2903,40.50560471911675,2.6436967792321147,67.39634748280112,1.8286363607631042,4.6568026798429455e-05,0.003138514915695346,2.4975626742703256,2.5-3.0
2904,36.48160967020225,2.780691669768574,56.054162262761174,1.7486078663624807,4.7242245524750365e-05,0.0026481244963015597,2.3963034035242177,2.5-3.0
2905,76.75793455926991,2.3986678899931038,76.5430055957095,1.8839055115598082,7.416145989885196e-05,0.005676541040023812,2.174922375124375,2.0-2.5
2906,9.57797758504164,2.5277269452511986,17.230589539426003,1.2363001369569937,4.576044634382801e-05,0.0007884794680914277,2.5717170600000587,2.5-3.0
2907,81.70178172032595,1.9935649388611263,51.85622839005469,1.714800926452753,0.0001065884364826101,0.005527274305981066,1.8611504854509604,1.5-2.0
2908,67.09005378954929,2.521171694088556,62.544924503455924,1.7961920726293266,7.497567554417041e-05,0.004689347966505745,2.07184182830924,2.5-3.0
2909,43.529811177080546,1.6688547548719437,33.03579663496487,1.5189847839761164,0.00010353548808767423,0.003420377328966233,2.113058171865867,1.5-2.0
2910,71.03305365977417,1.520838420195024,inf,inf,3.650795075226237e-16,0.0020925872978451673,2.1073424255447017e-08,1.5-2.0
2911,39.78144597640688,2.257402498714013,43.06839441571953,1.6341586816211875,7.30677617556939e-05,0.003146911182368052,2.285268401468966,2.0-2.5
2912,14.317281513807123,1.6632721965328252,10.932349929073153,1.038713524395787,0.00010332658705284631,0.0011296024066385552,2.1171848690176844,1.5-2.0
2913,41.6939915073009,1.2765812523146887,inf,inf,6.569853550778769e-16,0.0011649964944160447,0.0,1.0-1.5
2914,5.136676305431632,1.161822160711686,inf,inf,6.015400011643276e-16,0.00018183681995669835,0.0,1.0-1.5
2915,8.711486585500094,1.5929667813928623,6.986090881614518,0.8442342310478294,0.00010215012972228805,0.0007136300898086167,2.168390522997198,1.5-2.0
2916,43.90181755436514,1.4550564629200617,inf,inf,1.68326487200055e-16,0.0012776308307863571,0.0,1.0-1.5
2917,82.50744905605204,2.3853314132447805,82.89862867457747,1.9185473464249443,7.406586658735827e-05,0.006139958771686207,2.185749393614535,2.0-2.5
2918,20.3671571589072,2.4602376712239353,19.64334037653381,1.2932153420935872,7.455216567557131e-05,0.001464453566172988,2.1239035664756214,2.0-2.5
2919,50.08167483319465,2.4957324038940634,47.33568036016421,1.675188623653492,7.48142934887885e-05,0.0035413854829568067,2.0937569818479926,2.0-2.5
2920,97.89484378722685,2.612026159118798,165.94170963970583,2.2199555601633287,4.640933696291219e-05,0.0077012447188708425,2.518812178150407,2.5-3.0
2921,82.74515199672383,1.4056334034068345,inf,inf,2.3547962462094755e-16,0.0023724674755715917,0.0,1.0-1.5
2922,90.19249507161871,1.4235769038790276,inf,inf,1.32375915762626e-15,0.0025961735437080454,2.580956827951785e-08,1.0-1.5
2923,67.49680265556024,2.595188356326345,115.58816896848006,2.0629133841307628,4.631763764755728e-05,0.005353770926626684,2.52979715730016,2.5-3.0
2924,58.90720068267261,0.9502991573362227,inf,inf,1.2343410808393388e-15,0.0015224306421898746,0.0,0.5-1.0
2925,58.184413127166,2.2548581405105033,63.073713260842865,1.7998483994287606,7.305488104854403e-05,0.00460784261956085,2.287165223175867,2.0-2.5
2926,60.12359050125632,1.8118745292414329,42.020699693869254,1.623463279641959,0.00010506112635464334,0.00441474204004812,2.004641906174418,1.5-2.0
2927,46.49746550106536,2.166197577820835,53.18473914806668,1.725787033524918,7.230082067849181e-05,0.0038453002879767326,2.3511838868415595,2.0-2.5
2928,36.06257249544223,2.2422928891523877,39.39942573315243,1.595489891806777,7.294022815249487e-05,0.0028738031020534155,2.2964842313430904,2.0-2.5
2929,23.868886836136816,2.172235291337728,27.22710903189198,1.4350015305008044,7.231866086179253e-05,0.0019690280643244445,2.3469533610683575,2.0-2.5
2930,6.5305613764130355,1.08758780823181,inf,inf,4.220532063269763e-16,0.0002084746137877494,1.4901161193847656e-08,1.0-1.5
2931,36.91331599691956,0.5587332102575294,inf,inf,1.0081121165055512e-15,0.0008751453958446052,0.0,0.5-1.0
2932,76.99000587868146,2.881498399190888,111.79828258909396,2.0484351321031014,4.769416923404828e-05,0.0053321262098802,2.311466564436099,2.5-3.0
2933,55.268626044919955,2.743940271045433,86.70560105247043,1.9380471531579972,4.707364821276121e-05,0.004081548962020011,2.425010949139276,2.5-3.0
2934,16.39878116090093,1.7618512430554572,11.80921418480755,1.072220999513914,0.00010446763415546839,0.001233680667122043,2.043114346528262,1.5-2.0
2935,81.42029843508601,2.1531187494182324,93.8588543309594,1.9724752487814505,7.219478969407923e-05,0.006776120249350832,2.360282957107745,2.0-2.5
2936,4.146347215347291,0.7277158831742482,inf,inf,3.5855725341729807e-16,0.00014678848288113275,0.0,0.5-1.0
2937,93.11272915305642,1.645974539925014,71.6158770793974,1.8550093150952183,0.00010328417567982397,0.0073967868297331605,2.1299162326079077,1.5-2.0
2938,65.18051734773618,1.9698844732805214,41.87008569979737,1.6219038498071847,0.00010641724304908056,0.004455699086401169,1.8801103113294437,1.5-2.0
2939,55.61108764654684,2.2496303956488184,60.47332605682147,1.7815638556309066,7.301138426925546e-05,0.004415241246774572,2.291052164458637,2.0-2.5
2940,41.26083956416623,1.0476543847917357,inf,inf,1.1444710834543573e-15,0.0010936523498951778,0.0,1.0-1.5
2941,82.50310290128719,0.7315193821511891,inf,inf,1.0259235441492871e-15,0.002024535201674676,1.4901161193847656e-08,0.5-1.0
2942,0.6782291041631527,2.902947912400178,2.374496226234864,0.3755714836983374,3.059411369424142e-05,7.264560751197662e-05,2.29223981780925,2.5-3.0
2943,1.5913393803840825,2.621357774039639,3.4713796011842026,0.5405021070985243,4.083953907302885e-05,0.00014176954285987755,2.512631510096125,2.5-3.0
2944,52.03147603952829,0.9464554637080473,inf,inf,9.387535022009701e-16,0.0013445544670811298,0.0,0.5-1.0
2945,29.706971222309576,2.5565213444338672,52.1157074820015,1.7169686377839974,4.609199636889589e-05,0.0024021170000228533,2.55422615401312,2.5-3.0
2946,40.15518017418491,2.5308226341853732,71.53643229736748,1.8545272769898753,4.59579705753372e-05,0.003287669250587017,2.5698646541835144,2.5-3.0
2947,53.659839019428176,0.9538360140878881,inf,inf,5.860494176181621e-16,0.0013887130124291235,2.1073424255447017e-08,0.5-1.0
2948,4.377348754772692,2.511488892081606,4.182503335233477,0.6214362959519258,7.419179260344946e-05,0.00031030742001087776,2.080212694327019,2.5-3.0
2949,98.30609557517522,1.4553432035531528,inf,inf,1.12975658044467e-15,0.0028500371572219535,0.0,1.0-1.5
2950,67.76409845456092,1.3354920891826736,inf,inf,4.033227901264447e-16,0.0019129958047899875,1.4901161193847656e-08,1.0-1.5
2951,9.889318998199103,0.9012835695826633,inf,inf,4.296433326263347e-16,0.00027513183958423646,0.0,0.5-1.0
2952,73.86101990389481,1.9785890966025337,47.23593631158513,1.6742725283706326,0.00010648151843627056,0.005029754223216554,1.873147739862425,1.5-2.0
2953,53.290074944188746,2.0325632840845085,66.25830589409073,1.8212403275578055,7.108942513544392e-05,0.004710264876459305,2.439965740595304,2.0-2.5
2954,68.69467083120169,1.7785295950369409,48.915741795450856,1.6894486438828642,0.00010473173073290855,0.00512303029832164,2.0303479918763636,1.5-2.0
2955,73.77090021818631,0.7496233182006785,inf,inf,8.611118148815675e-16,0.001818466473840642,0.0,0.5-1.0
2956,99.13657964241169,2.489389879855703,94.01320614751131,1.9731888637501909,7.477796389958757e-05,0.007030116135383084,2.099181413643559,2.0-2.5
2957,11.84001833352153,1.2919690935010992,inf,inf,6.082550498483725e-16,0.0003516242007252368,0.0,1.0-1.5
2958,99.62168582986051,1.1612594713777353,inf,inf,4.54657644206387e-16,0.002698482445910885,0.0,1.0-1.5
2959,47.68581415841287,2.1028093224260456,56.7249599243573,1.7537741977321761,7.173695777279206e-05,0.004069276054756941,2.3944533362214773,2.0-2.5
2960,20.09424017198783,0.961935007260641,inf,inf,5.087305600966488e-16,0.0005312450740517483,0.0,0.5-1.0
2961,37.360917193187746,2.7758832640331765,57.56149065193722,1.7601320321986915,4.722023002786804e-05,0.0027180668293314515,2.400125699049322,2.5-3.0
2962,36.43184873727496,2.120353240030638,42.87744998690021,1.6322289490366546,7.188633886642672e-05,0.0030823028994865728,2.382687108116013,2.0-2.5
2963,89.53521142491219,2.4730880937108046,85.666295414823,1.9328099865146304,7.467204739161761e-05,0.006396877671079978,2.1130490480994775,2.0-2.5
2964,52.428923704888476,1.351621640020248,inf,inf,5.565408189367925e-16,0.0014876278424400598,0.0,1.0-1.5
2965,6.671674712539866,1.5710016844085266,5.465166126130514,0.7376033678530088,0.00010148398476496363,0.0005546268358822243,2.184084524216032,1.5-2.0
2966,71.48753941127377,1.1285044221373322,inf,inf,4.45492224005928e-16,0.001923519165158537,2.1073424255447017e-08,1.0-1.5
2967,49.777445205102744,1.1276655665010487,inf,inf,3.664675309236842e-16,0.001341703384086361,0.0,1.0-1.5
2968,81.46039133839324,1.5375762782104738,66.94035050789732,1.825687982046962,0.0001019547234234638,0.006824884921902395,2.2076749308504446,1.5-2.0
2969,4.645792936464465,2.467788501775275,4.545145605266543,0.6575478005504832,7.391790475314293e-05,0.00033596763993925854,2.117533852479057,2.0-2.5
2970,86.50042808550636,1.7576935235112483,62.3254083488207,1.7946651326320253,0.00010451976570704647,0.006514237078214738,2.046286964562925,1.5-2.0
2971,89.28617545184542,2.583210534259323,154.0031017551636,2.187529467989619,4.625461660835963e-05,0.007123354428183289,2.537482087963572,2.5-3.0
2972,0.82343771400607,0.7793388328978114,inf,inf,1.0094570273698077e-16,0.00010921768233376128,0.0,0.5-1.0
2973,47.69205967435048,1.2229892140627108,inf,inf,1.0526520226418523e-15,0.0013145454365764398,0.0,1.0-1.5
2974,12.157676161994557,0.5916514840214833,inf,inf,1.0346992536455828e-15,0.00030620870192583753,2.580956827951785e-08,0.5-1.0
2975,52.94198952789658,2.783242742896265,81.21189922867815,1.9096196670582024,4.7258722431174325e-05,0.0038379706037566007,2.3942673368742944,2.5-3.0
2976,8.919334613674689,0.6575510854619494,inf,inf,5.869880542208797e-16,0.00023885324341902682,0.0,0.5-1.0
2977,88.70447547119957,1.8550410886393305,60.53714220946817,1.7820219152668553,0.0001054704802396928,0.006384881461171186,1.9710309825223158,1.5-2.0
2978,18.36424714203,2.1833625885444174,20.824182223860486,1.3185679554503353,7.238357642116861e-05,0.0015073287854091464,2.3391070052441614,2.0-2.5
2979,66.81960030151893,1.0103237367348303,inf,inf,5.405717004343862e-16,0.0017499780295981468,0.0,1.0-1.5
2980,65.35732128562847,2.9500198599155185,91.46507924012167,1.9612553149618654,4.796867381985553e-05,0.004387458551976636,2.2485893973995603,2.5-3.0
2981,32.081837803005,2.951730719709397,44.86739829444584,1.6519308870252793,4.7969413984026084e-05,0.0021522628031724585,2.2469652964781868,2.5-3.0
2982,21.446993922037805,1.0956516446106148,inf,inf,6.524915057882072e-16,0.0005832026271431935,0.0,1.0-1.5
2983,91.52403964316126,0.8488838415514037,inf,inf,6.595324693136457e-16,0.0023070061135608898,0.0,0.5-1.0
2984,3.979655952194372,2.1243695178414184,4.91553201860232,0.6915705293378673,7.011868342412882e-05,0.000344670633473545,2.3799709600035692,2.0-2.5
2985,25.412088404303233,1.786592393368399,18.02461228663977,1.2558659317224592,0.00010477987812264686,0.0018886166786020783,2.0241541059050876,1.5-2.0
2986,32.67142192778611,2.0106842510571483,20.56319605056844,1.3130906161234608,0.00010669708024145924,0.0021940329790283587,1.84740967211869,2.0-2.5
2987,58.41701473648118,2.045164610201031,72.04960007961509,1.8576315745504468,7.120973672149311e-05,0.00513063305255826,2.43198900118462,2.0-2.5
2988,36.91910450455039,2.8903201246036843,53.36490838880118,1.7272557682123615,4.772563876107746e-05,0.0025468743402819174,2.3036093259898704,2.5-3.0
2989,11.136336022419368,2.421130340426091,11.00554345766627,1.0416114930354932,7.418614794177241e-05,0.0008164588751300354,2.1565032977928027,2.0-2.5
2990,57.03354958202449,1.2815075025313498,inf,inf,5.430722980932699e-16,0.0015914535997625867,0.0,1.0-1.5
2991,72.4085000582034,2.3685148594636063,73.45307720958057,1.8660099946415445,7.3942056219411e-05,0.005431271564519543,2.1992838356512387,2.0-2.5
2992,70.47828448138634,1.6230188994286074,54.96291618852958,1.740069767191738,0.00010300978051962678,0.0056617179332990744,2.146679889900021,1.5-2.0
2993,48.95890247206259,2.9386405753172586,68.93727530334645,1.8384541142313988,4.792310638272265e-05,0.0033036883780973108,2.2593246756048853,2.5-3.0
2994,30.6856028650776,1.693480542594425,22.959354911607385,1.3609596815366931,0.00010379805908928769,0.0023831364777669507,2.0947531764186156,1.5-2.0
2995,1.0265064703491533,0.5273597516107618,inf,inf,4.305198585064388e-17,0.00010403525086134265,0.0,0.5-1.0
2996,53.279879422648946,2.792408717254141,81.30661852429441,1.910125899488111,4.730106895929388e-05,0.0038458899696646514,2.386904903750142,2.5-3.0
2997,62.85424731014275,1.192015722033528,inf,inf,5.854105619418242e-16,0.0017171301542154365,1.4901161193847656e-08,1.0-1.5
2998,44.12579762824501,2.5538838796856336,77.50054242975678,1.8893047421634173,4.608794248508295e-05,0.003571840542065361,2.555852781836074,2.5-3.0
2999,95.92148581219276,2.028860935588639,119.51927589182266,2.077437953303834,7.106236066564896e-05,0.008493321889921905,2.442293846412662,2.0-2.5
3000,20.223500337931245,2.3607040897120672,20.63142139774631,1.314529149637367,7.384063218523074e-05,0.0015234371988894844,2.2055248933462406,2.0-2.5
3001,81.41053932048551,2.3469893820226906,83.6088658407525,1.9222523322423966,7.37823177733273e-05,0.006168855908129891,2.216413071286856,2.0-2.5
3002,71.877921841244,2.763774322594453,111.47928720693658,2.0471941831926492,4.7169666750300975e-05,0.005258440827112289,2.4096625328563417,2.5-3.0
3003,89.93256742614447,2.583169438964523,155.1216774856313,2.190672492556041,4.625442367521419e-05,0.0071750637916303235,2.5375082712043575,2.5-3.0
3004,92.45536540190965,2.113321380837281,109.2335814584863,2.0383561731680144,7.184150940412724e-05,0.007847505369596343,2.3874224216988384,2.0-2.5
3005,23.671879669775088,1.3166354074330417,inf,inf,6.908986854892107e-16,0.0006750234435204133,0.0,1.0-1.5
3006,92.18090547805275,1.7345394433916113,67.30551692082733,1.8280506640764727,0.00010427610289504675,0.0070183570078405,2.0638805223477306,1.5-2.0
3007,40.322826567213646,1.1969899499273073,inf,inf,4.648902724806551e-16,0.0011065733711108337,0.0,1.0-1.5
3008,67.90799421387871,1.341805487295232,inf,inf,6.217356098958135e-16,0.0019198384291181376,0.0,1.0-1.5
3009,95.28963428413269,1.6514054488646992,73.05257076698524,1.8636355036415828,0.00010334771991422156,0.007549816622640241,2.1259280760728334,1.5-2.0
3010,59.535814445003666,1.5578907129230908,48.31640813904538,1.6840946411889517,0.0001022071356245994,0.004938281679560909,2.1933802953890043,1.5-2.0
3011,58.292876192692255,1.223668549994461,inf,inf,8.75650162978185e-16,0.0016048160382578242,1.4901161193847656e-08,1.0-1.5
3012,7.085583517864857,1.261349420739653,inf,inf,6.469070443064843e-16,0.0002299774082351578,0.0,1.0-1.5
3013,59.66505050591786,1.278770486539423,inf,inf,7.72616323649352e-16,0.001663419177301151,1.4901161193847656e-08,1.0-1.5
3014,24.111561564701447,0.9787275271440903,inf,inf,9.650374771337442e-16,0.0006355779059674774,2.1073424255447017e-08,0.5-1.0
3015,38.8256385755366,1.9571253262813961,25.10679466471392,1.3997912707262892,0.00010631583124084855,0.002669249744572362,1.8903006606512598,1.5-2.0
3016,37.785703380530364,0.7313264037093277,inf,inf,5.72023467928107e-16,0.0009319642499572069,0.0,0.5-1.0
3017,97.33526515991599,1.1207663763618503,inf,inf,8.443303058978619e-16,0.002612127576569161,0.0,1.0-1.5
3018,63.779532848260914,0.9265826643218675,inf,inf,5.124090353315973e-16,0.001638703502366748,0.0,0.5-1.0
3019,72.49652516071565,2.2667224448763665,78.03130652585666,1.892268878634357,7.315385296823814e-05,0.005708290724512039,2.2782922769872442,2.0-2.5
3020,17.27649380355799,1.199997925926405,inf,inf,3.9512525058443583e-16,0.0004863261239666826,0.0,1.0-1.5
3021,30.428462082781515,0.7491815739561815,inf,inf,6.682967136620428e-16,0.0007562457464072295,0.0,0.5-1.0
3022,87.74638914237653,2.5532062932955015,154.1339319578567,2.1878982574066232,4.6090727599759815e-05,0.007104145071749487,2.5562698700967674,2.5-3.0
3023,12.024018702880468,1.5944621685415876,9.588332393166741,0.9817430810578978,0.00010241004437394491,0.0009819415458563394,2.1673166584821297,1.5-2.0
3024,95.3117719686409,2.510769395615956,89.34837246599872,1.9510866459801803,7.491286839400577e-05,0.006693342867763971,2.080833275751021,2.5-3.0
3025,42.74070755573016,1.3019353167096734,inf,inf,9.775438039871146e-16,0.0012009458851905933,0.0,1.0-1.5
3026,38.9947094991733,1.3662855803544434,inf,inf,9.421444613153788e-16,0.0011132298958387017,2.1073424255447017e-08,1.0-1.5
3027,51.46416670976836,1.8975593503397832,34.33067889838793,1.5356823918005926,0.00010584017880185626,0.003633565192994492,1.9375980309935676,1.5-2.0
3028,44.32557352470051,0.674162401625016,inf,inf,1.4695398888245003e-15,0.001077016685994521,0.0,0.5-1.0
3029,47.05323142027653,2.9422775954667673,66.12617096377795,1.820373375608151,4.7936997960652656e-05,0.0031698901226363927,2.2559061584576043,2.5-3.0
3030,42.39858604500143,0.8334323330439606,inf,inf,2.469106370470226e-16,0.001069259729495055,1.4901161193847656e-08,0.5-1.0
3031,70.17611232267078,2.7829034180027565,107.66121706324854,2.032059285017709,4.725894953940213e-05,0.005087956024542682,2.394538486379741,2.5-3.0
3032,27.629354174611652,2.1484916872685726,31.9696680452044,1.5047381268289468,7.212182210791768e-05,0.002305710711605412,2.3634807233731436,2.0-2.5
3033,16.64936026738353,2.4104620498487344,16.519393092416507,1.217994087690401,7.41856176101692e-05,0.0012255013791060815,2.165279630491553,2.0-2.5
3034,43.45372062953062,1.0249375825264735,inf,inf,4.3982588686518774e-16,0.0011451360275276,0.0,1.0-1.5
3035,8.829936660418314,2.730109485017861,14.059883286436898,1.1479817155439187,4.684526783161696e-05,0.0006586389982344114,2.43551541378267,2.5-3.0
3036,44.73767324150963,1.839666310943177,30.793764286241508,1.4884627811025457,0.00010532092398571356,0.0032432277076252227,1.983042985435026,1.5-2.0
3037,49.433761250421384,1.5333545372219204,40.73787367604312,1.6099983571417922,0.00010188993869074308,0.0041507794512432705,2.2106288811896415,1.5-2.0
3038,78.4337845195821,0.9818275155104343,inf,inf,1.0343162271660887e-15,0.0020395053341155634,1.4901161193847656e-08,0.5-1.0
3039,10.904511406652862,0.9283698908205447,inf,inf,5.629460748680905e-16,0.00030088767196655077,0.0,0.5-1.0
3040,39.6877416209525,2.656733569242463,65.52742587563047,1.8164231078315087,4.663515829054161e-05,0.003055881878081759,2.4885882553386525,2.5-3.0
3041,78.0555982539677,2.924045051285084,110.76070434420983,2.044385708827158,4.7867719220891117e-05,0.005301862296256771,2.2729234136710588,2.5-3.0
3042,33.825532044988535,1.5456789151309618,27.672680799144302,1.4420512335854696,0.0001020284245413245,0.002823400024771654,2.2019892988066765,1.5-2.0
3043,83.62206085431363,2.3087990191262664,87.80276134884929,1.9435081744449403,7.34894839541814e-05,0.0064525796212790785,2.2462525392396446,2.0-2.5
3044,71.83918536301131,2.24642471060335,78.26322953283999,1.893557765099962,7.298812820242448e-05,0.005712286630678699,2.293428765188218,2.0-2.5
3045,4.172146572610114,1.734587194236021,3.1517991901618374,0.4985585395970922,0.00010251473561832216,0.00032310586070148265,2.063844371632242,1.5-2.0
3046,38.527857497862136,1.700798545076166,28.696897020529143,1.4578349392525631,0.00010389182634649327,0.002981373041940014,2.089282342694482,1.5-2.0
3047,76.63676537995376,1.8828848364228437,51.52148834927371,1.7119884004026158,0.00010571763090691421,0.005446729689083399,1.9491707558490148,1.5-2.0
3048,52.65395500617298,1.366577648010995,inf,inf,5.475604390405706e-16,0.0014991383882432352,1.4901161193847656e-08,1.0-1.5
3049,67.28793005737413,2.3640038115068474,68.43592295440405,1.8352841287015245,7.390812055245868e-05,0.005057970443832868,2.202891836175448,2.0-2.5
3050,99.00268459414426,1.5448918940153928,80.98364912351992,1.9083973421842164,0.00010204994629239762,0.008264377043617582,2.202542484334281,1.5-2.0
3051,67.52550737172773,1.7614813558085147,48.55074519736493,1.686195900209416,0.00010455680162144507,0.005076310634174212,2.043396757185817,1.5-2.0
3052,54.60489814904464,0.9544586851606514,inf,inf,1.6160499109638627e-16,0.0014132173760027333,0.0,0.5-1.0
3053,84.61160338468497,2.9392772315027518,119.08676471022146,2.075863496724405,4.792786006462382e-05,0.005707573794580276,2.2587271281287,2.5-3.0
3054,43.021049010449886,0.6943772396042063,inf,inf,1.2704483114413203e-15,0.0010505161658889825,0.0,0.5-1.0
3055,1.0415124088784977,2.292310010513313,2.1588438866570008,0.3342212381588019,5.2465108854164974e-05,0.00011326397951260813,2.258913944187219,2.0-2.5
3056,27.247515257878884,2.1516946602229368,31.46649989125126,1.4978484377828163,7.214915442528433e-05,0.00227028135987708,2.3612683339622147,2.0-2.5
3057,59.47267428344608,1.361281512395813,inf,inf,1.0145651533396266e-15,0.0016899796344997525,0.0,1.0-1.5
3058,94.82477805534468,2.9415053652945335,133.30138186979633,2.1248346515542686,4.7936760194750244e-05,0.0063900363763212545,2.256632990843719,2.5-3.0
3059,60.71354687927699,0.5912706631755476,inf,inf,7.071031871222495e-16,0.00144404171889841,0.0,0.5-1.0
3060,28.370685602895694,1.1819723025550242,inf,inf,5.438399863903676e-16,0.0007803759908543784,2.580956827951785e-08,1.0-1.5
3061,99.32077598051026,1.3441739144140645,inf,inf,7.620985742246426e-16,0.0028064194752252442,0.0,1.0-1.5
3062,40.01564594802629,2.105002867124565,47.54293164952129,1.677085958207357,7.175141049081256e-05,0.003411272404721447,2.392990946541322,2.0-2.5
3063,22.78036623205516,1.975360445748779,14.598687709317716,1.1643138183723434,0.00010643555703653512,0.00155381945834365,1.8757311984912701,1.5-2.0
3064,55.29195894705694,2.2788561463093653,59.092619530297476,1.7715332423461834,7.324848138527496e-05,0.00432844464167213,2.2691441087364823,2.0-2.5
3065,34.40553085658464,2.651152243235484,57.00201549303201,1.755890211848405,4.660323569257224e-05,0.002656478362973425,2.4924468227534433,2.5-3.0
3066,11.15641428259081,0.5483525675307078,inf,inf,3.7612827341518295e-16,0.000281116648181453,0.0,0.5-1.0
3067,71.27821439909627,1.9015779465943015,47.4439455444166,1.6761807987566244,0.00010587736536927138,0.005023239956966011,1.934422971492945,1.5-2.0
3068,69.14607208326868,1.5026713543095185,inf,inf,3.976321151513024e-16,0.0020286780846608386,0.0,1.5-2.0
3069,97.21865963881908,2.223258604640119,107.38626942526041,2.0309487553481462,7.279802378739719e-05,0.00781750819605995,2.3104470181581673,2.0-2.5
3070,13.684216442460073,1.8172485407818144,9.556587888648354,0.9803028582129055,0.00010499685008014044,0.0010034116258220971,2.0004772870634095,1.5-2.0
3071,91.05404535267722,1.370626010556974,inf,inf,1.2699349075563525e-15,0.0025890639124787535,0.0,1.0-1.5
3072,79.71835166954567,0.517205056282526,inf,inf,1.3790561909499669e-15,0.0018619260119477502,1.4901161193847656e-08,0.5-1.0
3073,25.309060012443506,1.276774612625489,inf,inf,1.05979399282704e-15,0.000713645398187258,0.0,1.0-1.5
3074,47.92774650232878,1.6150402910612234,37.563595738333824,1.5747671579969649,0.0001029056500954071,0.003865506239374306,2.1524702744464848,1.5-2.0
3075,63.01441309537205,1.342643486689466,inf,inf,5.63481117496012e-16,0.0017824180152800754,0.0,1.0-1.5
3076,31.494664437773334,1.4480855710287197,inf,inf,3.8816934002654796e-16,0.000919231976636548,0.0,1.0-1.5
3077,10.755284846038037,2.1276943672369533,12.680096884725844,1.103122571869142,7.172618300493796e-05,0.0009094949496741895,2.3777160584023003,2.0-2.5
3078,83.70811288723806,1.3387022961475714,inf,inf,5.635976204164789e-16,0.00236319329877124,0.0,1.0-1.5
3079,16.46954398043019,2.6273189038274776,27.728435592375686,1.4429253678553875,4.643524231355337e-05,0.0012875766257077227,2.5086482572536895,2.5-3.0
3080,49.07195711964684,1.403356692298598,inf,inf,3.216850753646351e-16,0.0014097862721045762,1.4901161193847656e-08,1.0-1.5
3081,43.77010655817701,1.5863408757689688,34.9119271835906,1.542973823093692,0.00010255250785472936,0.003580305686718914,2.1731404507581042,1.5-2.0
3082,90.30281787921294,1.5834339699020892,72.13415171515916,1.858140928933375,0.00010253191609402823,0.007396052791172602,2.1752200611626478,1.5-2.0
3083,55.892895845849566,2.758062472347908,86.97665148512452,1.9394026837440554,4.7141116686841635e-05,0.004100176476691013,2.414117179907355,2.5-3.0
3084,42.44045251135805,2.0120106711901724,26.692068114587812,1.4263822244415794,0.00010671014676767001,0.0028483145060403106,1.846343928558991,2.0-2.5
3085,97.68067554402482,2.91161767154371,139.5369516018148,2.1446892309193775,4.781847855607352e-05,0.006672444727951249,2.284350516707895,2.5-3.0
3086,35.25450004398544,0.5111494567695012,inf,inf,4.905417078634928e-16,0.0008272244059105067,0.0,0.5-1.0
3087,72.64890855517052,2.888862378599094,105.07202407338629,2.0214870984461233,4.772463819219262e-05,0.005014524333023714,2.3049125417162664,2.5-3.0
3088,23.39570303626074,0.9874847795610399,inf,inf,1.0448084819460518e-15,0.0006185559441675007,0.0,0.5-1.0
3089,75.72187769480185,2.743351426749267,118.82324336103807,2.0749014025649695,4.707275170630208e-05,0.005593337031671653,2.4254614825606207,2.5-3.0
3090,75.12519272446796,0.6099139708977557,inf,inf,5.686970986377218e-16,0.0017929487510738662,1.4901161193847656e-08,0.5-1.0
3091,82.81551549074264,2.640684247144646,138.00088549145755,2.139881873088338,4.655929407982485e-05,0.006425223810873007,2.4996174488143112,2.5-3.0
3092,48.47277772621139,2.081406904846845,58.43875276090057,1.7667009383567358,7.154189007604576e-05,0.004180818826201564,2.4085906363027214,2.0-2.5
3093,22.21537706703409,2.213449345946601,24.71715875968949,1.3929985470839956,7.266713014854487e-05,0.001796124992492602,2.317569942393625,2.0-2.5
3094,63.198434777401104,1.477941660434075,inf,inf,8.195878864492238e-16,0.0018443313882972427,0.0,1.0-1.5
3095,91.022438021414,1.4702966083186366,inf,inf,5.545187625331142e-16,0.0026484280774972074,0.0,1.0-1.5
3096,30.98202270369622,0.8917049841599505,inf,inf,7.818201657879581e-16,0.0007954877746213078,0.0,0.5-1.0
3097,2.01606115479539,0.8512701813158681,inf,inf,8.13464063772513e-17,0.00012033558332810378,0.0,0.5-1.0
3098,18.49971037247603,2.060529231899922,22.648018351551503,1.355030208263366,7.127109443248808e-05,0.0016141490546421502,2.422152380911891,2.0-2.5
3099,93.29173438919408,1.3550274155888107,inf,inf,5.2258077226566045e-16,0.002643011788124262,0.0,1.0-1.5
3100,0.6056872711031169,0.5719787222983117,inf,inf,1.2932864604825824e-16,0.00010327402222168154,1.4901161193847656e-08,0.5-1.0
3101,5.386062041535267,0.9237048860400044,inf,inf,8.543845859697312e-16,0.00017704044687386007,0.0,0.5-1.0
3102,9.833241643138113,0.9250213147739632,inf,inf,6.839434575248045e-16,0.0002753284337041455,0.0,0.5-1.0
3103,89.18404274645496,0.9831026407700658,inf,inf,6.257237456458512e-16,0.0023189274336377613,0.0,0.5-1.0
3104,38.33163948125724,1.6354202623753817,29.680452589566972,1.4724705191020322,0.00010314038271114066,0.0030612532391278034,2.137642594619733,1.5-2.0
3105,69.16109598563804,2.7762161380030888,106.50827340391446,2.0273833444330656,4.7227804735941384e-05,0.005030151939082331,2.3998617383919467,2.5-3.0
3106,70.58751160053451,1.9546482330136543,45.698427361544994,1.6599012547754328,0.00010630345979764903,0.004857900935843783,1.8922768385877842,1.5-2.0
3107,43.400422945204994,2.350734260220886,44.485461269626995,1.6482180981259333,7.380299517136279e-05,0.0032831602832781278,2.213448932857557,2.0-2.5
3108,73.23827201356595,0.763759923199979,inf,inf,1.7325068392500913e-15,0.001811285597086523,0.0,0.5-1.0
3109,46.12258649108723,2.2312429200079062,50.71501098603499,1.7051365238996097,7.28557185882733e-05,0.003694878568599754,2.304612691157935,2.0-2.5
3110,54.18444023026001,2.662685445524391,89.13161717521741,1.9500317862933447,4.667003185463604e-05,0.004159775412822622,2.48444625644508,2.5-3.0
3111,30.681420673634165,2.986837455342581,42.1219063809391,1.6245080185435168,4.810076685335606e-05,0.0020260959982484426,2.2130608964979537,2.5-3.0
3112,0.1940616015079777,2.280672748088432,8.297501644010884,0.9189473471288229,1.1576675228747457e-05,9.60574817427121e-05,2.267768094805701,2.0-2.5
3113,59.33080951286595,2.01791182384213,37.20383567135488,1.5705877174364486,0.0001067522594088946,0.003971593516594363,1.8416007094398812,2.0-2.5
3114,26.5630942062947,2.905212922167511,38.09576857999837,1.5808767398642756,4.77808263508355e-05,0.0018202473032225175,2.290185260995442,2.5-3.0
3115,27.516362659378256,0.8227102576333901,inf,inf,8.441142329179026e-16,0.0006971185455678868,2.1073424255447017e-08,0.5-1.0
3116,87.87982557689047,2.4823621093463997,83.6581437514664,1.9225082240093874,7.47323249335356e-05,0.006251967582171018,2.1051730576556924,2.0-2.5
3117,36.185049124305934,2.298535787720073,38.23705151455416,1.5824843961477766,7.339545084400446e-05,0.0028064256348561264,2.254149263642438,2.0-2.5
3118,10.235379996400507,2.315475593936717,10.763672153648429,1.0319604612925946,7.334187798332801e-05,0.0007894279297454284,2.2410874413990447,2.0-2.5
3119,63.03699014726056,1.3867748009570497,inf,inf,7.090965745214029e-16,0.0018013175705572913,0.0,1.0-1.5
3120,53.844055999948395,0.6990871050349924,inf,inf,4.838071509571435e-16,0.0013138410423140232,0.0,0.5-1.0
3121,5.756910599965948,0.8536895849597305,inf,inf,8.746073458155607e-16,0.00018158065839017062,0.0,0.5-1.0
3122,34.891111321779164,2.1924278223913136,39.285387107523526,1.594231036921745,7.251837553635573e-05,0.002848912455354499,2.332667179916104,2.0-2.5
3123,61.12076959412265,1.2801448307582035,inf,inf,3.5867336976405304e-16,0.0017043342639148481,0.0,1.0-1.5
3124,27.971924372545764,2.872573248263256,40.835866769805406,1.6110417782261865,4.764594313570363e-05,0.0019456633860113178,2.319344457399328,2.5-3.0
3125,98.61526190212552,0.8046509027543048,inf,inf,1.4697120675323865e-15,0.002460109103587001,0.0,0.5-1.0
3126,79.8967559788545,2.5357545368401477,141.855518497765,2.1518462354897108,4.599358948445811e-05,0.006524444483891157,2.56689964010027,2.5-3.0
3127,50.42120181889349,1.6931962296830507,37.71697945700854,1.576536905229667,0.00010381564872906428,0.003915612690430132,2.0949654405068427,1.5-2.0
3128,91.55294189821177,1.2355736383129652,inf,inf,4.35326042418601e-16,0.002523284685992833,0.0,1.0-1.5
3129,3.4740744395466483,1.1369034318459896,inf,inf,5.141452526218572e-16,0.0001493961895210225,0.0,1.0-1.5
3130,22.45392846046197,1.3835661971460778,inf,inf,5.178072863760275e-16,0.0006514377831896011,2.1073424255447017e-08,1.0-1.5
3131,91.48325866311534,1.4198564940046583,inf,inf,4.770357122428262e-16,0.0026309817450664717,1.4901161193847656e-08,1.0-1.5
3132,50.87176583574903,1.0653032899347732,inf,inf,5.358475057806455e-16,0.0013513786496367123,2.1073424255447017e-08,1.0-1.5
3133,17.020712358234004,1.0474611871157509,inf,inf,1.3857570396168842e-15,0.00046295665147709644,2.1073424255447017e-08,1.0-1.5
3134,57.009036691115156,2.9278491651416916,80.73465368364762,1.9070599866823346,4.788158871607543e-05,0.0038657034828151996,2.2693976127724027,2.5-3.0
3135,73.02308859066473,1.5533922765156905,59.422704359993375,1.773952412898409,0.00010215418349077607,0.0060702778447089024,2.196557137507323,1.5-2.0
3136,60.341601685344024,2.0576106825194405,73.83767121689466,1.8682779909214164,7.132650101098479e-05,0.0052665827307005995,2.4240302476020923,2.0-2.5
3137,4.58794042522711,2.2565697200160537,5.125488958183992,0.7097353022569555,7.194047055430852e-05,0.000368730087472669,2.2858896015440484,2.0-2.5
3138,3.6729612251793164,1.3297829136071777,inf,inf,2.3338094695168012e-16,0.00015976208435976966,1.4901161193847656e-08,1.0-1.5
3139,40.708723644275835,2.8374424363802344,60.57930842073112,1.7823243110771494,4.750082300864068e-05,0.002877567007279005,2.3496570314025833,2.5-3.0
3140,1.6260853140882991,1.2345775743093497,inf,inf,1.4476364473809297e-16,0.00012731483180838024,1.4901161193847656e-08,1.0-1.5
3141,8.408008913538668,0.979841462073358,inf,inf,8.36716233074082e-17,0.00024543930119616,1.4901161193847656e-08,0.5-1.0
3142,64.2564472723235,0.6112420560868224,inf,inf,6.484212471969026e-16,0.0015349557590543055,0.0,0.5-1.0
3143,43.84510997504236,1.157427971391448,inf,inf,4.071514490573112e-16,0.001191243742342923,2.1073424255447017e-08,1.0-1.5
3144,8.551954791506478,0.6535969355810827,inf,inf,7.111657260709015e-16,0.00023071332283176803,0.0,0.5-1.0
3145,87.64543906443755,2.068836632240359,106.47753336396535,2.027257981808967,7.143509105695704e-05,0.007606232291375046,2.4167830853058443,2.0-2.5
3146,36.84868771072277,1.9386042559624077,24.058345191137487,1.3812657518868945,0.00010617113246044532,0.002554301754067376,1.9050581377474052,1.5-2.0
3147,88.31716467309835,0.5563395165286429,inf,inf,8.296654850582497e-16,0.002080921025880064,0.0,0.5-1.0
3148,60.92395165347463,2.8749643817782147,88.78921241360212,1.9483602036858167,4.766577835035585e-05,0.004232206918809423,2.3172409385089363,2.5-3.0
3149,62.09677480405461,2.321516113248605,64.72430381029413,1.8110673877593053,7.358576823907662e-05,0.004762787619619888,2.2363954729956372,2.0-2.5
3150,42.403059790764644,1.8755426638198565,28.623438850634397,1.4567218091630043,0.00010564598703225296,0.003023951449632607,1.9549479200569844,1.5-2.0
3151,67.19946377807715,2.862219051029874,98.62160090238794,1.993972048057521,4.761214722470571e-05,0.004695586181700664,2.32839377815526,2.5-3.0
3152,24.353265418540282,1.8245331490946863,16.91168506146998,1.2281868823723343,0.00010515144939839485,0.001778288195982751,1.9948228041603784,1.5-2.0
3153,25.742708394016788,0.9403792008759013,inf,inf,6.2412788069554175e-16,0.0006713013819692985,0.0,0.5-1.0
3154,87.49086820663462,2.449313534543954,84.81158468658623,1.9284551779858625,7.451397310118804e-05,0.0063196481400054185,2.133076354758187,2.0-2.5
3155,20.37372959652808,2.8879638951721853,29.506504154172525,1.4699177585854741,4.770023455048579e-05,0.0014074671689189128,2.305714824272652,2.5-3.0
3156,38.604786455894434,0.6498364972908334,inf,inf,7.474266828617717e-16,0.0009341618888746903,1.4901161193847656e-08,0.5-1.0
3157,74.47198895920586,1.759687969160779,53.59894165572554,1.7291562143641097,0.0001045392424173128,0.005603192755059297,2.0447655685674286,1.5-2.0
3158,33.00015160316244,1.0660143843923058,inf,inf,4.0256530590046684e-16,0.0008811037592557296,0.0,1.0-1.5
3159,36.59801740425277,2.7599147444828924,56.90354305663299,1.7551393082586888,4.7144671094123375e-05,0.00268269882149525,2.4126756760202497,2.5-3.0
3160,90.91773999091973,0.7394751612789836,inf,inf,6.591648135381175e-16,0.00223458156819327,0.0,0.5-1.0
3161,20.64690883420115,2.5167263080165028,19.30841744702638,1.2857466796732877,7.492040746142103e-05,0.001446594502566427,2.0756893316955014,2.5-3.0
3162,24.117905474937274,1.0153718316581688,inf,inf,4.249644088812523e-16,0.0006411423871140285,0.0,1.0-1.5
3163,88.67313808640938,2.1031969372372497,105.4289986681605,2.0229600817436633,7.174971551792664e-05,0.007564500661780383,2.3941951037109055,2.0-2.5
3164,27.523512531107553,2.2299862341047065,30.304256525837303,1.4815036336459113,7.28243414879357e-05,0.0022068875257755796,2.3055331540441117,2.0-2.5
3165,33.0604705404368,2.4013964087202746,32.92889849386262,1.5175772033496764,7.416776602229502e-05,0.0024422628388647053,2.1726972019272726,2.0-2.5
3166,88.19889291550157,0.6326023430959653,inf,inf,3.5783376204733234e-16,0.00211506308702144,0.0,0.5-1.0
3167,32.11324473389908,1.7079265059038375,23.823669551781258,1.3770086565316215,0.00010396189690073377,0.002476753877739433,2.0839401622335565,1.5-2.0
3168,99.69782396339646,0.8140570054447709,inf,inf,4.341346963150302e-16,0.002492471585338531,0.0,0.5-1.0
3169,82.12808565072639,0.8163813849064876,inf,inf,1.9903644553255662e-16,0.0020552418101932378,0.0,0.5-1.0
3170,84.66702479430833,0.9047013314970573,inf,inf,5.812865345119005e-16,0.002162257769614483,0.0,0.5-1.0
3171,22.56772770952642,0.8698725797014912,inf,inf,9.873428515540562e-16,0.000581396394164321,0.0,0.5-1.0
3172,21.706438623669566,2.8374122045771104,32.323863620126396,1.5095232657354627,4.748480294020369e-05,0.001534892294267721,2.3496826405365683,2.5-3.0
3173,75.25762710697646,1.9010322074123858,50.10688954406343,1.6998974441358778,0.00010587311254080853,0.00530497235576849,1.934854300551667,1.5-2.0
3174,82.67295916764007,1.1342917226200084,inf,inf,4.2991912575921113e-16,0.0022264332205936895,0.0,1.0-1.5
3175,22.45427995505174,1.7137757941962766,16.610903528012404,1.2203932559648127,0.00010399621230871062,0.0017274710499386883,2.079546535392574,1.5-2.0
3176,20.598249449408044,0.6374253137353898,inf,inf,9.38143794706727e-16,0.0005047107786778863,0.0,0.5-1.0
3177,24.35570256539872,1.0400464039447253,inf,inf,5.697554894802192e-16,0.0006509660293485691,0.0,1.0-1.5
3178,13.761125686590137,2.0676213408512685,16.80559261271598,1.2254538315269858,7.126462958391735e-05,0.001197644332483422,2.4175707903359567,2.0-2.5
3179,42.12003437322205,2.236363279161159,46.17479535744891,1.664404979362357,7.289603474527412e-05,0.003365959486732518,2.3008538897839976,2.0-2.5
3180,50.291279371152854,2.039351508999153,62.262713849351016,1.7942280463836218,7.115193782392037e-05,0.004430112744557569,2.4356788889340275,2.0-2.5
3181,62.81665491014713,2.961546643845339,87.37419161015774,1.9413831706607843,4.801249025493458e-05,0.004195052523215485,2.2375963957695983,2.5-3.0
3182,5.535346525769047,2.948970140665933,7.835594613958903,0.8940719590385113,4.7704500468325984e-05,0.00037379312693121503,2.2495845832811745,2.5-3.0
3183,19.219516041264228,2.5849844893752696,33.17497469263205,1.520810600237168,4.622219156461298e-05,0.0015334200353940262,2.5363506486179954,2.5-3.0
3184,11.707169591200394,1.6643394747033151,8.94760673748116,0.9517068878636723,0.00010325830248791444,0.0009239146830417308,2.1163965903014708,1.5-2.0
3185,27.00094047403291,2.392832769581142,27.030031440091282,1.4318465508504166,7.409796128416531e-05,0.002002870223157655,2.179669613808238,2.0-2.5
3186,18.578530747491396,1.1229148131228956,inf,inf,1.876376784081221e-16,0.0005116932174084119,0.0,1.0-1.5
3187,93.62727266574336,2.66211145073773,154.04434772552224,2.187645767588689,4.667037602066118e-05,0.0071893076322076055,2.4848469376641695,2.5-3.0
3188,37.334320449372285,1.1093215826303977,inf,inf,5.576767784876453e-16,0.0010049794438843848,0.0,1.0-1.5
3189,13.889772752234597,2.976962764421801,19.192395543263785,1.2831291855895492,4.803389643819251e-05,0.0009218855399259602,2.2227084138412048,2.5-3.0
3190,66.64416345428906,0.5341185627551865,inf,inf,1.0001432877385686e-15,0.001563642783755146,0.0,0.5-1.0
3191,97.2906179050957,2.490539050114629,92.20525615605001,1.9647556786946723,7.478526610035816e-05,0.006895594617481887,2.098199778867243,2.0-2.5
3192,79.44125247397331,1.7516548194624046,57.43765968017572,1.759196736096851,0.00010445606558208581,0.005999711946433961,2.0508877300930326,1.5-2.0
3193,64.82095923999705,2.540786235034524,114.74111781003256,2.0597190764716817,4.602016220515849e-05,0.005280404853218898,2.5638570072778397,2.5-3.0
3194,37.81614991906079,1.8028086120169058,26.568909233016882,1.4243737251364472,0.00010496254512380377,0.002788740334260781,2.0116542129531867,1.5-2.0
3195,40.32972495084215,2.5836692129303334,69.5664470457629,1.8423998232825836,4.624911507683912e-05,0.003217386614906323,2.537189763156046,2.5-3.0
3196,30.213282451286815,2.2709793963793703,32.45644480332258,1.511300946578967,7.316748630066288e-05,0.002374756480515326,2.275091232352452,2.0-2.5
3197,80.62211382736379,2.0979284888957306,96.17472807868434,1.983060967070417,7.170109411423887e-05,0.006895833229381078,2.397698305882532,2.0-2.5
3198,80.33390094889495,2.8784035525215232,116.85106614317549,2.067632679227054,4.768133639113194e-05,0.005571614992435159,2.3142064052223486,2.5-3.0
3199,48.939467701962315,0.7947698528720868,inf,inf,5.449611454675707e-16,0.001221669524476322,0.0,0.5-1.0
3200,86.19330340813319,2.815539590525939,129.81746979308775,2.113333140262609,4.74085398639835e-05,0.006154456691727074,2.367997392043728,2.5-3.0
3201,65.21989023654746,1.8044500296601007,45.770667629451346,1.6605872472682874,0.00010498966733109843,0.004805447167938372,2.0103858683512437,1.5-2.0
3202,68.55612176623744,2.2686564617967533,73.70659586786992,1.8675063538135133,7.316897668389868e-05,0.005393036194505717,2.2768391162074657,2.0-2.5
3203,26.87771365742201,2.170575012075081,30.682017198386124,1.4868839090360377,7.231413489723262e-05,0.0022187435306033057,2.3481185811011556,2.0-2.5
3204,24.156518708121165,1.4794825522816255,inf,inf,5.210123200857069e-16,0.0007147805564372489,0.0,1.0-1.5
3205,22.77287444297489,1.8168505159884327,15.88354529186769,1.2009474457514926,0.00010507152668480505,0.0016689083529837856,2.000785938307197,1.5-2.0
3206,91.25107263393156,2.9318717130281384,128.94037695044054,2.1103889355141203,4.789903101422088e-05,0.0061761191145344825,2.265655154405851,2.5-3.0
3207,80.02475535515667,1.720630351878138,58.90279119206293,1.770135874932934,0.00010412520894635316,0.006133265440396963,2.074386740693104,1.5-2.0
3208,89.92605645877663,2.7915415325254025,137.28180942369255,2.1376129947000435,4.729971444757114e-05,0.006493390384586539,2.3876046038596113,2.5-3.0
3209,82.27390203511656,0.5210888677653174,inf,inf,2.947828618201798e-16,0.0019231653776329125,1.4901161193847656e-08,0.5-1.0
3210,80.4918417219148,1.9355831450460554,52.62672311317361,1.721206328820765,0.00010615605845984117,0.0055866454953519325,1.9074612117085332,1.5-2.0
3211,43.60563176221671,2.22263551144512,48.19801668340803,1.6830291676750866,7.278235834531212e-05,0.003507965321785135,2.3109009475698543,2.0-2.5
3212,76.56172577536418,1.488136530295162,inf,inf,6.47471651713298e-16,0.0022379131064598342,2.1073424255447017e-08,1.0-1.5
3213,16.66470873342987,0.7030977000825387,inf,inf,7.873665056452061e-16,0.0004191734785804042,0.0,0.5-1.0
3214,65.57750152810874,2.4801906125268065,62.5036157085853,1.7959051411339482,7.471676211985181e-05,0.004670067786529001,2.107020360451041,2.0-2.5
3215,4.276255319178334,2.3824571324957464,4.426796465640767,0.6460895545333682,7.300693199599532e-05,0.000323186828527148,2.1880720610007613,2.0-2.5
3216,96.57746570657017,1.4531353226776003,inf,inf,7.438045827785169e-16,0.002798592346079089,0.0,1.0-1.5
3217,87.94493089277546,0.7439483622368612,inf,inf,9.35454045576584e-16,0.0021639179650870303,0.0,0.5-1.0
3218,16.495641934746352,2.598665474140983,28.256811477907036,1.4511231541269751,4.628113880973077e-05,0.0013077574143294092,2.527546193821289,2.5-3.0
3219,76.87101296727597,2.4400874150443794,74.8997500947971,1.8744803686656657,7.445078975402417e-05,0.005576345546936691,2.1407835796126404,2.0-2.5
3220,82.36488382055263,2.5856168604504974,141.86055646075755,2.1518616590749144,4.626726346750407e-05,0.006563499741416606,2.535946755066023,2.5-3.0
3221,4.200602827312561,2.5470905110160897,7.72361693227644,0.8878207259664914,4.510107107373392e-05,0.00034834339620889445,2.5600195852520065,2.5-3.0
3222,56.61105298408104,1.157794064167174,inf,inf,6.220937744674866e-16,0.001535240349425305,2.580956827951785e-08,1.0-1.5
3223,42.01008733699766,2.061576855917077,51.290478624957814,1.7100367517701447,7.135427122313366e-05,0.0036597947229695792,2.4214772401048874,2.0-2.5
3224,61.874757366773224,1.664450017070009,47.07316368792589,1.6727733873024937,0.00010349362858299514,0.004871772518944736,2.1163149269939465,1.5-2.0
3225,88.63670576049786,1.4759059285568992,inf,inf,4.710721235301053e-16,0.0025825136773084266,0.0,1.0-1.5
3226,72.2954358453485,1.5259482203955774,59.84322519305006,1.777014991370439,0.00010180381252852348,0.006092268478655482,2.2157969996309084,1.5-2.0
3227,21.115377783564384,2.183105014511673,23.934964328617067,1.3790327845693224,7.240044979141737e-05,0.0017329021831334055,2.339289359426311,2.0-2.5
3228,55.47096425084399,2.9953020695884067,75.80232860174502,1.879682547101117,4.813678098247209e-05,0.0036488800898635794,2.204722329008264,2.5-3.0
3229,56.17442778355321,1.681653889141168,42.30502141479145,1.6263919192262533,0.00010368815214710701,0.004386529497043516,2.1035646438062408,1.5-2.0
3230,1.1388936969245367,1.4164424866333165,inf,inf,1.762872593509891e-16,0.00012852794051946087,0.0,1.0-1.5
3231,13.185543843409276,2.0697508113169336,16.087424661176687,1.2064865260779847,7.127019538168268e-05,0.0011465538987901628,2.416190045796666,2.0-2.5
3232,35.94805849326899,2.073048550720723,43.58049296093889,1.639292138461974,7.145420970509525e-05,0.0031140096830823546,2.414047164304633,2.0-2.5
3233,17.801458839393757,1.5179367927866898,inf,inf,5.589539490513841e-16,0.0005383517441384499,0.0,1.5-2.0
3234,23.72632074541885,2.1149343625692802,28.041596460383545,1.4478027351932794,7.180772895262042e-05,0.002013603358025982,2.3863385014079563,2.0-2.5
3235,67.61118167074952,2.1416697531771716,78.4959664009513,1.8948473406329396,7.20918691553108e-05,0.005658920938997055,2.3681750277533293,2.0-2.5
3236,96.12993716094297,2.36652597796591,97.62342808087574,1.989554053991141,7.392894094577872e-05,0.007217196649515538,2.2008757579844573,2.0-2.5
3237,45.80604917239791,0.9175677080670209,inf,inf,7.614086735538254e-16,0.0011769856076076818,0.0,0.5-1.0
3238,64.60682991192795,2.1313986899695068,75.48694836365252,1.877871868932027,7.200000254410685e-05,0.005435060474229844,2.3751970179031305,2.0-2.5
3239,76.14078423748562,1.544630893713202,62.29634586493038,1.7944625728672008,0.00010204374915576317,0.00635695269076162,2.2027258934338514,1.5-2.0
3240,67.29586848269633,2.6985200102767726,108.38489865106538,2.034968775842718,4.68528308365439e-05,0.005078139321734322,2.458905577118964,2.5-3.0
3241,65.70128458384504,2.0459553130420347,80.98870487799917,1.9084244540489101,7.121908787844702e-05,0.005767941689867833,2.4314857552044398,2.0-2.5
3242,0.11727571355643063,2.5274314907042528,16.57442982241951,1.2194385971530617,5.16311726781051e-06,8.557572482024767e-05,2.571893505372742,2.5-3.0
3243,86.99170826668836,2.525798537623174,155.39739314834114,2.1914437290672986,4.593841813356022e-05,0.007138710423313741,2.572867608275743,2.5-3.0
3244,16.1263724012227,1.0323877352588755,inf,inf,3.5023314797603545e-16,0.0004386187777378347,0.0,1.0-1.5
3245,18.049352221423376,0.6939720444409574,inf,inf,7.993961735374132e-16,0.0004509272028373622,0.0,0.5-1.0
3246,50.98099303886929,2.398793545485879,50.83987591999809,1.7062044819424367,7.415853715286566e-05,0.003770210827260259,2.1748199747538006,2.0-2.5
3247,58.68657306454257,0.6386228016909006,inf,inf,4.790748596106938e-16,0.0014114288775882737,0.0,0.5-1.0
3248,75.55737830075773,2.8704148332690194,110.3866976370454,2.0429167410480136,4.764746802942062e-05,0.005259646646534441,2.321238825260587,2.5-3.0
3249,29.292409396209262,2.2257587750930696,32.33064334410934,1.5096143466782665,7.279270290190473e-05,0.002353434915575195,2.308623610335443,2.0-2.5
3250,94.5177059838205,1.5583829448652486,76.67249361795096,1.88463958803653,0.00010222014050221875,0.007837473070282418,2.1930322842100356,1.5-2.0
3251,62.823588519347,2.1755758138821957,71.43658011629725,1.8539206553965641,7.238800871155777e-05,0.005171151783782421,2.3446045672864226,2.0-2.5
3252,84.41413953941408,0.8299430570293169,inf,inf,6.063562803325997e-16,0.002118918929903711,0.0,0.5-1.0
3253,47.701588940720555,2.095326940536878,57.009802910692,1.7559495396018014,7.166889169130778e-05,0.004085829390149188,2.3994228573241556,2.0-2.5
3254,7.114681679616197,2.8002678046008236,10.910158733449375,1.0378310692464232,4.711731356073279e-05,0.0005140573700413015,2.3805336133381,2.5-3.0
3255,1.211015934868953,0.5002999382743835,inf,inf,1.3337915716188018e-16,0.00010445915439419606,0.0,0.5-1.0
3256,64.02548099777724,2.845276834693107,94.84861209143105,1.9770309802911765,4.753883155534222e-05,0.0045089921934725365,2.3429930334193125,2.5-3.0
3257,42.61368579562234,1.2768077249089171,inf,inf,2.0831090871030027e-16,0.001190485157194313,2.1073424255447017e-08,1.0-1.5
3258,44.04770188608808,1.492320611767881,inf,inf,5.804416555304607e-16,0.0012929135301834958,0.0,1.0-1.5
3259,32.59883753283107,2.848863584986369,48.21106072286819,1.6831466867831675,4.754730968482447e-05,0.0022923062344240913,2.339923785784687,2.5-3.0
3260,17.82964431780867,2.491454789730693,16.9087124982472,1.2281105398156977,7.474817635804218e-05,0.0012638954238064137,2.0974171649686295,2.0-2.5
3261,47.36782388558601,1.4622438142099297,inf,inf,4.812260018689253e-16,0.0013798501470413621,0.0,1.0-1.5
3262,25.479524030341228,2.9489715562646057,35.69299059112314,1.5525829374992313,4.795423835770448e-05,0.0017116301785060225,2.249583241889435,2.5-3.0
3263,89.2753096961711,0.5814859497953366,inf,inf,1.6318004799719137e-15,0.0021156929273127368,0.0,0.5-1.0
3264,17.87394406752787,2.1512237147233213,20.675845516392357,1.3154632785919491,7.209556673114153e-05,0.0014906368001498386,2.3615939651627174,2.0-2.5
3265,96.76775167653057,1.7735531668582356,69.09660149235725,1.8394566871800937,0.00010468380384797922,0.007233295077187914,2.034163737068275,1.5-2.0
3266,86.02833746922401,2.7185952438267407,136.93819646789166,2.1365246037328443,4.69531868149335e-05,0.006429684720856984,2.4441374186521694,2.5-3.0
3267,38.36341325114924,0.5467480913489998,inf,inf,1.5038053481914527e-15,0.0009065539782375262,0.0,0.5-1.0
3268,77.28568951795121,1.3040020239034553,inf,inf,6.544589245231555e-16,0.002164965769386592,0.0,1.0-1.5
3269,58.0711615870703,1.6958064517773057,43.37046461643737,1.637194074656812,0.00010384780904068136,0.004503927727493415,2.0930158842509474,1.5-2.0
3270,46.59316756407896,0.6832134849555813,inf,inf,5.9295718008687e-16,0.0011339736919600168,0.0,0.5-1.0
3271,81.1992464301549,2.1138936776212525,95.90331394098577,1.9818336144847088,7.184565390502934e-05,0.006890236301749439,2.387037994496959,2.0-2.5
3272,83.07915754943383,2.619064577689432,140.23841265870303,2.1468669873878805,4.644596752715157e-05,0.006513508760405402,2.514156554180364,2.5-3.0
3273,20.150664746873847,2.765715832845435,31.254487554822525,1.4949123826521218,4.715133841190613e-05,0.0014736909195881456,2.4081419583511723,2.5-3.0
3274,90.60105452587982,0.8603642294886058,inf,inf,1.1097382874324036e-15,0.0022898556466664985,0.0,0.5-1.0
3275,3.2082888409028287,1.7659733074589883,2.436562015333371,0.38677746951346587,0.00010164872943481744,0.00024767343304777533,2.0399650037685833,1.5-2.0
3276,0.5523160561130003,2.9625319558667464,2.468892555611572,0.39250219016670346,2.677760132651665e-05,6.611102057217152e-05,2.2366511884555136,2.5-3.0
3277,48.36769860907432,0.6788562650768164,inf,inf,5.326104180446111e-16,0.001175615202986583,2.1073424255447017e-08,0.5-1.0
3278,30.133385149029046,2.2622740693789645,32.538515836113284,1.5123977397844257,7.309656656933703e-05,0.0023784537888818817,2.281627455368378,2.0-2.5
3279,42.26695569082125,1.2150540161125805,inf,inf,5.877830241489294e-16,0.0011641775063576962,0.0,1.0-1.5
3280,47.901025765510454,2.771399950437128,73.97878030422466,1.8691071667805177,4.7202590034963555e-05,0.003491990037986953,2.4036714877018333,2.5-3.0
3281,46.83299905781436,2.0205299830020707,29.32996649194783,1.4673115668206316,0.0001067676784120324,0.003131492430247972,1.839495371340881,2.0-2.5
3282,90.78420365311496,2.7407071946038117,142.67207430076456,2.1543389754697326,4.706071913941561e-05,0.006714250417706118,2.427480988915514,2.5-3.0
3283,91.81987006943292,0.6261420480663794,inf,inf,1.0001188423938956e-15,0.0021984094992290324,0.0,0.5-1.0
3284,34.620389463916666,2.013925567460657,21.754311142814174,1.337545335773476,0.00010671996251443348,0.0023216192696884513,1.844805095670456,2.0-2.5
3285,28.761074873392722,1.5502454642396577,23.469069981370538,1.3704958799709175,0.00010207296377690067,0.002395557530085982,2.1987755996595717,1.5-2.0
3286,65.39983615687153,0.7696798668850053,inf,inf,7.191478647196195e-16,0.0016203593286862475,1.4901161193847656e-08,0.5-1.0
3287,19.841873001109278,1.5227629319549758,inf,inf,4.638929883906514e-16,0.0005974442261914195,0.0,1.5-2.0
3288,40.04790587351601,2.353863734357322,40.97734160907657,1.6125437802741154,7.382468886913122e-05,0.0030251394949741823,2.2109667363824466,2.0-2.5
3289,71.79568285147693,1.9552467156220135,46.46619977563642,1.6671371552858694,0.00010630811083368998,0.004939733915768737,1.8917994478033942,1.5-2.0
3290,0.5689780863130767,1.984674848728222,3.0508649370815255,0.4844229816907291,3.6732307275472766e-05,0.00011206530832484448,1.8682751442179721,1.5-2.0
3291,77.18260675857265,1.1987849957741639,inf,inf,3.4100189563673803e-16,0.0021101878024328605,0.0,1.0-1.5
3292,73.38404962718666,1.7724464340144557,52.43446169361289,1.7196168137784549,0.00010467048113196294,0.005488340333365941,2.035011587042188,1.5-2.0
3293,38.72631330254022,1.615918196132537,30.340744595131948,1.4820262346441544,0.00010290783387290506,0.0031223003043760805,2.151834069121776,1.5-2.0
3294,24.78388106382158,2.7750428824021025,38.22003937883618,1.5822911301811198,4.720545999547277e-05,0.001804194539923045,2.400791672498645,2.5-3.0
3295,54.004192049739686,2.694791608941457,87.17369938077114,1.9403854764842874,4.683254731383359e-05,0.004082566400771871,2.4616116702009934,2.5-3.0
3296,29.564151244016866,1.5934816641374283,23.488997396251214,1.370864479758945,0.0001026168869744313,0.002410367790953822,2.1680208536211296,1.5-2.0
3297,82.10857164504431,1.7582186640952544,59.14370596559651,1.7719085340890222,0.00010452483374641271,0.006181986033200693,2.045886468222865,1.5-2.0
3298,59.061026217545,1.2316530078425214,inf,inf,9.068065424834064e-16,0.0016288485759020509,0.0,1.0-1.5
3299,30.673100793041684,1.9173300724182947,20.252685553744918,1.3064826198391015,0.00010599416827244482,0.002146666560552551,1.921954012874397,1.5-2.0
3300,80.7681553154817,0.8259255470200251,inf,inf,7.154498554641398e-16,0.0020257647365285792,1.4901161193847656e-08,0.5-1.0
3301,60.75883760638172,2.91419088142675,86.67881927038484,1.9379129867750413,4.782739244088716e-05,0.004145621905557428,2.2819958771617443,2.5-3.0
3302,13.19622898479068,1.5361029863712303,10.903729949208959,1.037575086863602,0.00010170313027958299,0.0011089434675577896,2.2087064523000035,1.5-2.0
3303,41.40050411745655,0.5227788392156864,inf,inf,9.623133627015648e-16,0.0009720570170660664,1.4901161193847656e-08,0.5-1.0
3304,48.97339614730326,1.2424183370205995,inf,inf,3.2688631422224665e-16,0.0013556467965813357,2.580956827951785e-08,1.0-1.5
3305,94.474234391695,2.872190352416848,137.88555177159586,2.139518761356365,4.765558899228311e-05,0.006571017183201347,2.319680818426379,2.5-3.0
3306,32.0665457045886,1.275652498431274,inf,inf,6.770256689928865e-16,0.0008990932188563683,0.0,1.0-1.5
3307,44.85174884890466,1.4662669004375304,inf,inf,8.003165623614949e-16,0.0013083948849452825,0.0,1.0-1.5
3308,97.67943375738147,2.9369619791675503,137.64764352340973,2.138768780832582,4.791911244819059e-05,0.006595952908226724,2.260898408078363,2.5-3.0
3309,42.61541596679269,2.462101920450194,41.027374132756464,1.6130737217890503,7.459313310331856e-05,0.003060360379564352,2.122333148269376,2.0-2.5
3310,82.71081614063951,1.401293778427163,inf,inf,6.852373051936336e-16,0.0023691103598967585,2.1073424255447017e-08,1.0-1.5
3311,9.696541991330076,0.9123743792154579,inf,inf,4.527914375959012e-16,0.0002713326864485016,0.0,0.5-1.0
3312,39.381534545206996,1.4767330967187096,inf,inf,4.639384892244869e-16,0.001153179058891884,0.0,1.0-1.5
3313,18.380483311675576,1.4328620977351807,inf,inf,4.73889289569978e-16,0.0005441038304253304,2.1073424255447017e-08,1.0-1.5
3314,88.39860594359048,2.736611135190443,139.25179743663193,2.1438008096753736,4.704090015615764e-05,0.00655052989978209,2.4305975962922197,2.5-3.0
3315,55.26172151803147,1.8483847382120653,37.85390157927865,1.5781106486188194,0.00010540542034779375,0.003990006407767879,1.9762367807894128,1.5-2.0
3316,21.854563506814085,2.812041785690118,33.01038569944926,1.518650598736973,4.737119211188394e-05,0.0015637413226559972,2.370886838320553,2.5-3.0
3317,9.217697362702392,2.965354659461607,12.84243260832721,1.1086472954079838,4.7938982020051025e-05,0.0006156531459043151,2.2339385691133127,2.5-3.0
3318,42.090737262532826,2.673991073042048,68.78692416805633,1.8375058902505068,4.6724538821495954e-05,0.0032140373087016466,2.4765005040159225,2.5-3.0
3319,9.640439030896609,1.5163608242855615,inf,inf,1.2201434854447236e-15,0.00031043897571546335,0.0,1.5-2.0
3320,48.52449302331492,1.4764377835710238,inf,inf,3.0584730926544405e-16,0.0014179084727088769,1.4901161193847656e-08,1.0-1.5
3321,72.87877690689429,1.8687189985485326,49.370391245425196,1.6934665688856434,0.00010559248493202784,0.00521314229367088,1.9603090080190748,1.5-2.0
3322,31.03863525711906,2.1981947095536967,34.83082175739169,1.5419637208116868,7.256219877902671e-05,0.0025274010119967043,2.328548281284124,2.0-2.5
3323,16.748171026625847,2.6219428296828977,28.2866085589708,1.4515808805634827,4.640839391685061e-05,0.0013127360725764749,2.5122417841203437,2.5-3.0
3324,36.15254989131077,2.543757342102852,63.90330369322263,1.8055233110323925,4.602757531796395e-05,0.0029413141238065284,2.5620520020468716,2.5-3.0
3325,16.615853074342056,1.2823680715982309,inf,inf,3.3483089251124753e-16,0.0004778526160138396,0.0,1.0-1.5
3326,84.38391219081709,2.339862483188153,87.01884055940951,1.939613292447791,7.372864162974693e-05,0.0064157809106407905,2.222035477330447,2.0-2.5
3327,9.612453555645939,1.4403093539069487,inf,inf,5.56121373820482e-16,0.00030429797138265685,0.0,1.0-1.5
3328,74.09423822901022,2.4413951010574073,72.14225098874708,1.8581896890876959,7.445949358291616e-05,0.005371675474553739,2.1396934134891046,2.0-2.5
3329,33.38392065631805,0.5333264005498137,inf,inf,7.935231960701095e-16,0.000788028147887135,0.0,0.5-1.0
3330,72.83762777137241,2.6218099400200408,122.75225515656486,2.0890294795571673,4.645978139836618e-05,0.005703042940730471,2.512330329652949,2.5-3.0
3331,77.09600535305754,2.2450742019050822,84.05646831468863,1.9245711388973066,7.297762401262815e-05,0.006134241340498738,2.2944284213101556,2.0-2.5
3332,13.505546871534724,0.8666654589680451,inf,inf,4.205255081181082e-16,0.0003585696295758817,0.0,0.5-1.0
3333,75.65068154289595,1.1258356701708743,inf,inf,1.8226597838212193e-16,0.002033884931571775,1.4901161193847656e-08,1.0-1.5
3334,94.56207028779654,1.2780304182856397,inf,inf,5.287943972782866e-16,0.002631712856817916,0.0,1.0-1.5
3335,56.70526405574713,1.7838289459772714,40.259692161353684,1.6048704498090556,0.00010478281439965782,0.004218523851530482,2.026278607184278,1.5-2.0
3336,64.49341499679308,2.76417147028743,100.00598234681713,2.000025980225009,4.717096963558961e-05,0.0047173791566590215,2.409351754591851,2.5-3.0
3337,32.258585868098244,2.9264367130767646,45.72894901543958,1.6601912201421025,4.7870469279016255e-05,0.002189066249005301,2.270708252840943,2.5-3.0
3338,17.44820575839835,2.0071494494364885,11.006573865165036,1.0416521524854305,0.00010664691037758145,0.0011738170965624858,1.8502490483331844,2.0-2.5
3339,74.43866122324178,0.7730838386921319,inf,inf,6.575068419551921e-16,0.0018448381889817308,0.0,0.5-1.0
3340,82.04658501137952,2.945885955544967,115.07066831018193,2.060964635407045,4.795342754450769e-05,0.005518032955310386,2.2525028148300263,2.5-3.0
3341,20.614243119774013,2.901235257327059,29.63859173955192,1.471857564547798,4.775605861522875e-05,0.001415422324386876,2.2937902635637792,2.5-3.0
3342,11.344024357343251,0.7202960141336829,inf,inf,3.4991412256404406e-16,0.0002967825978053619,1.4901161193847656e-08,0.5-1.0
3343,35.22791699709358,2.1644483842567896,40.34805246527738,1.6058225768772763,7.227621473029811e-05,0.002916204503929722,2.352405975175428,2.0-2.5
3344,62.608358360297025,2.166297627154365,71.597176771831,1.8548958974951637,7.230731615416544e-05,0.005176999696586454,2.3511139384356623,2.0-2.5
3345,36.50660320618363,2.1521113165044583,42.12914832690976,1.6245826796190832,7.216934682934516e-05,0.0030404331172296764,2.360980144278278,2.0-2.5
3346,96.40123534755335,2.312834208938907,100.98071300510213,2.004238432838852,7.352168091593598e-05,0.007424271760224826,2.243133488235065,2.0-2.5
3347,79.14749975831201,0.5128429362043379,inf,inf,4.98841387130011e-16,0.0018467711684120838,1.4901161193847656e-08,0.5-1.0
3348,91.61907876623523,1.271906117930226,inf,inf,4.2143383521061213e-16,0.002546378230349762,0.0,1.0-1.5
3349,59.964217003416564,1.343872197040223,inf,inf,9.516724413375398e-16,0.0016970377808997795,0.0,1.0-1.5
3350,75.57548421481852,2.1232077381413736,88.74770193034202,1.948157116071997,7.192864551372172e-05,0.006383501992305008,2.380757517638665,2.0-2.5
3351,95.09869764250924,0.7377148102186349,inf,inf,9.345071731292814e-16,0.0023361640417598247,0.0,0.5-1.0
3352,3.562379098386459,1.1909958552876658,inf,inf,1.8907206372857908e-16,0.0001527912477785505,2.580956827951785e-08,1.0-1.5
3353,57.49106319983459,0.938242833817169,inf,inf,4.472099598413381e-16,0.0014818988338361385,1.4901161193847656e-08,0.5-1.0
3354,18.709325577403856,0.6183338674948153,inf,inf,1.2879438192392618e-16,0.0004584548893879985,0.0,0.5-1.0
3355,79.51122781018498,1.6833358651762613,59.81483484711495,1.7768089079556457,0.0001037122035300571,0.006203528325780738,2.102313766238639,1.5-2.0
3356,23.263713855725843,1.0104603099142049,inf,inf,4.529708319910173e-16,0.0006184547907410832,2.1073424255447017e-08,1.0-1.5
3357,74.16131664646363,1.7054642793397743,55.07161871058736,1.7409278418116667,0.00010395846170061614,0.005725160764515532,2.085787009233823,1.5-2.0
3358,33.261966463809536,1.015458968672315,inf,inf,3.319241527709967e-16,0.000877669985068421,1.4901161193847656e-08,1.0-1.5
3359,65.15238151459015,2.4799750925711472,62.105794117985575,1.7931321192761653,7.471531883183781e-05,0.004640254208829769,2.107203599605289,2.0-2.5
3360,67.89600362735449,0.7790849429955394,inf,inf,9.908014824615911e-16,0.0016855967449869076,0.0,0.5-1.0
3361,90.88187926970424,2.4279243462587194,89.15040370659658,1.9501233141647691,7.436804138744388e-05,0.0066299409125595045,2.150887714367643,2.0-2.5
3362,87.2379900467429,2.1437371695987504,101.1465330116912,2.0049510010989513,7.211261511786522e-05,0.007293941005578537,2.366754958669735,2.0-2.5
3363,43.78029389099319,0.8956614975417159,inf,inf,4.508529666262424e-16,0.0011197268409735902,0.0,0.5-1.0
3364,68.90186935229298,1.44615157043883,inf,inf,6.543927250190956e-16,0.001995328223619674,0.0,1.0-1.5
3365,18.23944777698734,1.4555430329370516,inf,inf,6.483436116281061e-16,0.0005429857015170716,0.0,1.0-1.5
3366,9.807244179299278,1.6369590659191395,7.637410638475321,0.8829461418176672,0.000102816210518897,0.0007852496200247422,2.1365180950338294,1.5-2.0
3367,71.40634502794688,2.1868227113518,80.63769209874366,1.9065380894992225,7.248659337493988e-05,0.005845151597855234,2.3366540100816344,2.0-2.5
3368,90.68351907697412,0.5372431995632037,inf,inf,9.280828079217366e-16,0.002127143894968367,1.4901161193847656e-08,0.5-1.0
3369,74.66493120593684,0.914050797626036,inf,inf,5.76336728120933e-16,0.0019116544085796838,0.0,0.5-1.0
3370,51.67630529069045,2.246374189976768,56.305699708382825,1.7505523597999704,7.298339006504158e-05,0.004109380844702001,2.2934661776969523,2.0-2.5
3371,62.958298558390425,0.732330887712498,inf,inf,9.391481931565005e-16,0.0015467385131602578,1.4901161193847656e-08,0.5-1.0
3372,73.00788161031824,2.6104630487682146,123.8789375947725,2.092997472123025,4.639973115640129e-05,0.005747949400338056,2.5198409842486322,2.5-3.0
3373,56.932889639323726,1.4261914666159774,inf,inf,3.1378058255770935e-16,0.0016426362594176161,0.0,1.0-1.5
3374,36.30675961746046,0.5907158002394928,inf,inf,2.260675260277655e-16,0.000867344114866213,0.0,0.5-1.0
3375,85.0760702014891,2.4208559382116643,83.78584356378774,1.9231706465361391,7.431866964709753e-05,0.006226852428920533,2.156729674283237,2.0-2.5
3376,36.92688411286511,1.112673169438985,inf,inf,4.300146848370593e-16,0.000994928040656297,1.4901161193847656e-08,1.0-1.5
3377,90.36816911767241,2.9962970800349766,123.41889229913323,2.091381644245497,4.814177685264621e-05,0.0059416047724656475,2.2037379856717263,2.5-3.0
3378,79.94038751308095,2.806531339250211,121.01182534476128,2.0828278118952714,4.736769760910877e-05,0.005732051550056937,2.375416933489665,2.5-3.0
3379,79.30197122249811,2.713333679642438,126.61931262016924,2.1024999515320184,4.692702927093859e-05,0.005941868189592806,2.448040400711418,2.5-3.0
3380,83.37328948681169,2.709571422336383,133.41033700108062,2.1251894812192296,4.690868567648301e-05,0.006258103564377363,2.450817074241081,2.5-3.0
3381,98.68122923030379,0.6839838453549791,inf,inf,3.9345588936264485e-16,0.0023941020744037878,0.0,0.5-1.0
3382,98.98634797054736,0.5667388386677248,inf,inf,4.623937679991568e-16,0.00233734313389372,2.1073424255447017e-08,0.5-1.0
3383,50.140373936527894,1.5024997066501147,inf,inf,8.465551730372209e-16,0.0014736001310108025,0.0,1.5-2.0
3384,37.72797389530831,1.5512589892068886,30.754347036434996,1.4879065106969944,0.00010210636996708826,0.003140214736598456,2.1980614243221233,1.5-2.0
3385,73.31761261543176,1.5219922230301168,inf,inf,3.7530170840073173e-16,0.0021602190728141246,0.0,1.5-2.0
3386,96.79238285163211,1.991971568034081,61.482905225139035,1.7887543808419604,0.00010657779336700437,0.006552712368687982,1.8624280118301386,1.5-2.0
3387,63.00836701341132,2.459815707306371,60.72927721998315,1.783398112322285,7.458248031546295e-05,0.004529340122831686,2.124258820155691,2.0-2.5
3388,2.570239452827927,2.470778311728472,2.6379724743093327,0.42127025962659553,7.212803607367618e-05,0.00019027177378834833,2.1150051421144047,2.0-2.5
3389,3.855432720069374,2.8254592207874607,5.955162565878647,0.7748936214863669,4.6727866490500446e-05,0.0002782720413076035,2.3597440488146177,2.5-3.0
3390,46.416468176627646,2.191253534332021,52.28616781389896,1.718386812449925,7.251762137037865e-05,0.003791668520436404,2.333503782399921,2.0-2.5
3391,78.77025757431714,2.6933165147582203,127.24732999944983,2.104648678406274,4.682767197758485e-05,0.005958696229237729,2.4626791509152843,2.5-3.0
3392,88.74997458694102,0.7281167734009204,inf,inf,5.263068770948518e-16,0.0021757099615811594,0.0,0.5-1.0
3393,37.5007564896715,0.5649354898786381,inf,inf,7.440170672501947e-16,0.0008901589229032861,1.4901161193847656e-08,0.5-1.0
3394,51.716929421243606,1.6287696204082411,40.19695706211816,1.6041931779314846,0.00010307220475770185,0.004143188988943192,2.1424947297523222,1.5-2.0
3395,51.303423124857176,2.7070248714721634,82.22647631260737,1.9150116796452754,4.689292161372123e-05,0.0038558397082996032,2.452689845584016,2.5-3.0
3396,9.45803497388934,1.4637186233425232,inf,inf,2.874305045010401e-16,0.0003018673087579571,0.0,1.0-1.5
3397,0.08905938532665081,0.7771110282880418,inf,inf,1.2518320341800411e-17,0.00010726259376347455,2.1073424255447017e-08,0.5-1.0
3398,52.36779341235134,0.81566937166571,inf,inf,6.617539437012683e-16,0.001312928305138576,0.0,0.5-1.0
3399,50.42832976343572,1.0721123575175802,inf,inf,7.94068895142288e-16,0.0013417922842220622,0.0,1.0-1.5
3400,86.36142431384977,2.6592467550420555,142.33253400343202,2.1533041813437213,4.665539726487438e-05,0.006640580917646361,2.486842731975547,2.5-3.0
3401,18.168277107009,1.3404959147196547,inf,inf,1.0312376408897438e-15,0.0005267971828820565,0.0,1.0-1.5
3402,85.25398846366005,2.6480655512706557,141.44170879562722,2.1505774945300606,4.659771767345783e-05,0.006590860813710074,2.4945701843813417,2.5-3.0
3403,27.12559589570821,2.8555824116006527,39.97462235807118,1.6017843696395226,4.757225145615598e-05,0.001901682786683037,2.3341433240429117,2.5-3.0
3404,53.92528152204281,2.4365466087682437,52.64982633996878,1.7213969430482352,7.442375136510493e-05,0.003918397584941789,2.143731680513362,2.0-2.5
3405,70.7015839565225,2.8085817268752757,106.90518172081839,2.0289987560807963,4.7376486720004823e-05,0.005064791922096055,2.3737344585242126,2.5-3.0
3406,14.527498229296654,1.1379903083421004,inf,inf,5.2525755359703615e-16,0.00040803515899559914,0.0,1.0-1.5
3407,94.64213677817523,0.9864490682050732,inf,inf,2.6441193445001815e-16,0.0024624245358516182,0.0,0.5-1.0
3408,95.78605779560347,1.1044678760944113,inf,inf,1.7816390832748721e-16,0.0025609782857734594,2.1073424255447017e-08,1.0-1.5
3409,96.99918980769282,0.5447321451910934,inf,inf,1.0672148186278823e-15,0.00227890079846876,0.0,0.5-1.0
3410,0.22426330335458822,2.826991915056629,6.160053766943824,0.7895845028438256,1.1077695333315637e-05,6.823919886704701e-05,2.358461018672326,2.5-3.0
3411,64.34319855570605,1.0151697293432589,inf,inf,3.275673226873323e-16,0.0016872856387036678,0.0,1.0-1.5
3412,67.10750937790186,2.0750191767468076,81.21629744778261,1.9096431866481114,7.148932094897277e-05,0.005806097954531769,2.4127639562506187,2.0-2.5
3413,87.99123122997617,1.2112415836190373,inf,inf,5.909930496346231e-16,0.002411754732458518,0.0,1.0-1.5
3414,20.147728228485573,1.8499033054114429,13.80119615672804,1.1399167285573122,0.00010537515904271697,0.0014543032399949513,1.975049848300593,1.5-2.0
3415,12.40289234287163,1.5894693777284747,9.918001711570522,0.9964241789022145,0.00010236262749718172,0.001015232714717904,2.1708993964164596,1.5-2.0
3416,80.9434089882425,2.302331334770011,85.31264770410297,1.9310134206273273,7.343863847440443e-05,0.006265244692035848,2.251234995437739,2.0-2.5
3417,26.170127611892557,1.0023004639790511,inf,inf,5.149216587925655e-16,0.000691967147932962,0.0,1.0-1.5
3418,6.603092069011652,1.2217553051642076,inf,inf,2.662848166415839e-16,0.0002166964195020897,1.4901161193847656e-08,1.0-1.5
3419,9.192034385354486,0.8462235890432369,inf,inf,1.1242681297720245e-15,0.0002556802888375826,1.4901161193847656e-08,0.5-1.0
3420,64.517727729828,1.3120863033825305,inf,inf,1.7732329702473274e-16,0.001811912284822854,2.1073424255447017e-08,1.0-1.5
3421,53.58584990144289,2.5842768014481545,92.3811325970339,1.9655832824139572,4.625675011000331e-05,0.004273250965420078,2.5368022955494016,2.5-3.0
3422,74.78979428434897,2.9088945240419273,106.99759408470669,2.0293740123816293,4.7806821931791355e-05,0.005115214927537665,2.2868358416394776,2.5-3.0
3423,80.71201637272111,0.5378535418224635,inf,inf,8.866104887582943e-16,0.0018940763680492891,0.0,0.5-1.0
3424,0.2707744847238014,2.612932066297479,6.706409245236222,0.826490051855227,1.2139170217059276e-05,8.141024337318252e-05,2.5182150780378167,2.5-3.0
3425,93.2938089476552,2.335014623997739,96.47545715268764,1.9844168451695212,7.36922986315054e-05,0.007109498199106861,2.2258459080116744,2.0-2.5
3426,87.96756319915696,0.6979678843056278,inf,inf,4.2183442070890175e-16,0.002141612736776329,1.4901161193847656e-08,0.5-1.0
3427,93.30619806505572,0.9011051883989647,inf,inf,1.9474819145323297e-16,0.002380361554265364,0.0,0.5-1.0
3428,76.86688602552104,2.663507533509555,126.36864098530866,2.1016393149533585,4.667672380668029e-05,0.005898474153096791,2.4838719338325985,2.5-3.0
3429,38.375618473136065,0.9854677441319644,inf,inf,8.573951494151783e-16,0.001003526357514389,0.0,0.5-1.0
3430,24.816354473951876,2.770180131081764,38.37645678139247,1.5840648747422261,4.718260986291483e-05,0.001810701388237453,2.40463321136881,2.5-3.0
3431,91.24575699571697,1.8499202371460195,62.44527351487912,1.7954995721883162,0.00010542382097495034,0.0065832193357644245,1.9750366118547236,1.5-2.0
3432,42.021455111758996,2.960984190950211,58.472588770169324,1.7669523218809156,4.8007950779596977e-05,0.002807149163633904,2.2381355658722533,2.5-3.0
3433,48.79063274694477,1.7617430129862706,35.07873136862902,1.5450438786060137,0.00010455420173728474,0.0036676287562036575,2.0431969839587025,1.5-2.0
3434,69.84429538534387,0.8277858701330114,inf,inf,6.040088684362836e-16,0.001753380500337443,0.0,0.5-1.0
3435,68.84014814807388,2.015157388567886,43.22505289559951,1.6357355334035177,0.00010673481981460074,0.004613618232288399,1.8438150266565918,2.0-2.5
3436,69.34305565755302,1.6133924268076933,54.39347500495303,1.7355468052256646,0.00010289406104367587,0.005596765537537295,2.153663838454767,1.5-2.0
3437,62.35973193255495,0.6771109836768681,inf,inf,5.778821497215633e-16,0.001512689998711401,0.0,0.5-1.0
3438,50.86315408376979,2.5462958725342757,89.74074383323453,1.9529896649444414,4.604816423433187e-05,0.004132396510543888,2.5605048369300976,2.5-3.0
3439,76.7024747452702,2.747893210132737,120.04782327924117,2.079354289787593,4.7094562945866626e-05,0.005653599769938496,2.4219788523861574,2.5-3.0
3440,39.57907604537052,2.9099745832158357,56.60011701090053,1.7528173290175275,4.780713817436698e-05,0.0027058896146254607,2.285850909883492,2.5-3.0
3441,26.236190963939077,2.1105828133161535,31.08410620659451,1.4925383841659847,7.177770815130868e-05,0.0022311459034412237,2.389259631711332,2.0-2.5
3442,90.90721653294287,1.958010822637251,58.75050871139333,1.76901163144751,0.00010633009570698987,0.006246947214116795,1.8895940511498368,1.5-2.0
3443,84.59850273806627,0.9873670195832678,inf,inf,8.208551369989302e-16,0.0022021515944079537,0.0,0.5-1.0
3444,71.79504660992255,2.9103535058391685,102.63275539081852,2.011285988604272,4.7812589503584465e-05,0.004907137803123001,2.285505111496607,2.5-3.0
3445,16.825904870577013,2.3371251027906683,17.411255022529772,1.2408300766724714,7.36390273623382e-05,0.0012821478850167183,2.224188466994872,2.0-2.5
3446,4.5656884755303935,2.1712728881115266,5.39685878353798,0.7321410542830035,7.105510787076029e-05,0.0003834743830275513,2.3476289711685183,2.0-2.5
3447,92.24469980687358,2.236183266829911,101.10560004431542,2.0047752109914914,7.290539424387769e-05,0.007371143631494634,2.3009862630321907,2.0-2.5
3448,94.29159690049342,2.6040587971504876,160.601757343194,2.2057502931237107,4.636681752701631e-05,0.007446592377250028,2.52403676538078,2.5-3.0
3449,27.24070802115466,1.3578076061678275,inf,inf,5.366998169345061e-16,0.000781097133920681,0.0,1.0-1.5
3450,62.94614898191371,0.7794140370096126,inf,inf,5.832293368946313e-16,0.001563347031505874,1.4901161193847656e-08,0.5-1.0
3451,1.837154679003461,2.9780968353619697,2.799479543612244,0.4470772983611755,4.573067061827294e-05,0.00012802207691152458,2.221604832226196,2.5-3.0
3452,39.36701552918277,0.5787496312162528,inf,inf,4.0890072710857616e-16,0.0009368730710589222,1.4901161193847656e-08,0.5-1.0
3453,70.3988176377178,1.1789815287070922,inf,inf,6.414091933923008e-16,0.0019165430108240386,0.0,1.0-1.5
3454,36.103815166032796,1.7297603207424541,26.443274028410993,1.4223152255656553,0.00010420632810947175,0.0027555564896932687,2.0674958244173487,1.5-2.0
3455,80.71175649003686,0.6004320243376594,inf,inf,5.386053247793344e-16,0.0019216399435923494,1.4901161193847656e-08,0.5-1.0
3456,91.27969414407212,1.2755891822571255,inf,inf,8.511561230635739e-16,0.002539125369157492,0.0,1.0-1.5
3457,13.720790710501063,2.675854170425538,22.46333283170594,1.351474191953835,4.666667788887956e-05,0.001048289117567914,2.4751812300521365,2.5-3.0
3458,68.81689644311615,2.0635148106874466,83.8903637999037,1.9237120777670254,7.13833181498217e-05,0.005988372528832811,2.4202268304156034,2.0-2.5
3459,37.60049280285204,1.959453792773672,24.28572930613133,1.3853511499697555,0.00010633289388519022,0.0025823718772333168,1.8884423895453875,1.5-2.0
3460,17.438409760021635,0.5456349394869002,inf,inf,4.578128117807777e-16,0.000421809292679071,0.0,0.5-1.0
3461,34.92421791539291,1.568039965555346,28.177576496359162,1.4499036374774101,0.00010231332601806909,0.0028829415704710757,2.186189152674669,1.5-2.0
3462,48.18133445912527,0.8048960604131836,inf,inf,8.049453149783142e-16,0.0012057086275206726,0.0,0.5-1.0
3463,89.58917362308797,1.4679579742114077,inf,inf,6.71321412010527e-16,0.0026054127037777306,1.4901161193847656e-08,1.0-1.5
3464,76.54020059254044,1.471633867217749,inf,inf,5.834411384460024e-16,0.002228776178819874,0.0,1.0-1.5
3465,0.5178849243592132,1.5615415469576395,3.7537105310650487,0.5744607787785934,3.417677906923527e-05,0.00012828973551007197,2.1907972976217533,1.5-2.0
3466,5.6443058623721125,1.2899607358123382,inf,inf,6.155823598704378e-16,0.0001983275656327849,0.0,1.0-1.5
3467,99.38553632325149,2.452971209535731,96.14647339349435,1.9829333591534501,7.453904180579626e-05,0.007166665999757554,2.1300107245248663,2.0-2.5
3468,55.662440000118394,1.6581559059215738,42.50741224689056,1.6284646669265708,0.00010341893656671873,0.004396071370776538,2.1209592976783567,1.5-2.0
3469,61.01857039700693,2.770002006266312,94.30476148610961,1.97453362099754,4.71980414912478e-05,0.004451000045443629,2.4047735398564685,2.5-3.0
3470,35.2761796969007,1.3601819758009097,inf,inf,7.449518507834515e-16,0.0010070125546578887,0.0,1.0-1.5
3471,83.14419121098275,0.8589724926751656,inf,inf,6.938469077526951e-16,0.002101163891570117,1.4901161193847656e-08,0.5-1.0
3472,55.70266910328425,1.3878462738797053,inf,inf,5.915300897486586e-16,0.0015931782194171424,0.0,1.0-1.5
3473,59.25966811375281,2.6789866298039677,96.54458730892868,1.9847279304431364,4.675384869848654e-05,0.004513831027699476,2.472956790484051,2.5-3.0
3474,24.951436374747782,1.3973576325439068,inf,inf,3.597359826232085e-16,0.0007237246807606094,0.0,1.0-1.5
3475,77.67085080894373,2.551425079681353,136.58753156115262,2.1354110564367605,4.608029537821044e-05,0.0062939937993185535,2.5573647277164686,2.5-3.0
3476,21.416827946549343,2.2325327292866297,23.558153227254696,1.3721412421995838,7.282457999774819e-05,0.0017156126142974192,2.3036671236031125,2.0-2.5
3477,13.725683323964965,1.1460970142064864,inf,inf,1.1281631939447644e-15,0.0003881272133064695,1.4901161193847656e-08,1.0-1.5
3478,59.73789013066768,0.9783293104742683,inf,inf,7.097980566080014e-16,0.0015538099106827536,1.4901161193847656e-08,0.5-1.0
3479,83.23257239614877,0.7819244094800016,inf,inf,4.158403072582325e-16,0.0020662983059534052,0.0,0.5-1.0
3480,29.307614539667547,1.623391081958853,22.86586613848833,1.3591876567134935,0.00010297980556053494,0.002354722448914748,2.1464093233432235,1.5-2.0
3481,30.210248753412117,2.2364945935392497,33.12764805514482,1.520190603617225,7.288418341509735e-05,0.002414481576961968,2.3007573164091264,2.0-2.5
3482,14.937260275991715,1.2349853702689122,inf,inf,3.398718458074032e-16,0.00042809904649837826,0.0,1.0-1.5
3483,60.317367682325695,2.8861507169630443,87.36900562006684,1.9413573928689614,4.771257795111845e-05,0.004168600491159145,2.3073316450708883,2.5-3.0
3484,77.077428014293,0.5356101871636583,inf,inf,8.936049729152572e-16,0.001808096802814277,0.0,0.5-1.0
3485,12.562379418976132,2.463709057860906,12.112215730391874,1.083223597433772,7.451554035738563e-05,0.0009025483000753767,2.1209781460456583,2.0-2.5
3486,53.516973938285396,0.9250385282545834,inf,inf,4.764231806211596e-16,0.001375859642567669,0.0,0.5-1.0
3487,53.97238610166624,2.994971006519084,73.76761337698007,1.8678657328419395,4.8135458098832115e-05,0.0035508378627584713,2.205049649651561,2.5-3.0
3488,10.675512648058428,0.7458379408785751,inf,inf,7.204851157188993e-16,0.00028324344267873614,1.4901161193847656e-08,0.5-1.0
3489,53.02910479573153,2.8026304734802387,80.45829687625864,1.9055708352813368,4.734776232266168e-05,0.003809520317383247,2.378607608362956,2.5-3.0
3490,27.18780499031752,1.5037753078652782,inf,inf,5.445044471742181e-16,0.0008063444214595773,0.0,1.5-2.0
3491,19.912595684713697,1.2163567476043153,inf,inf,9.090076723300931e-16,0.0005585260430008793,0.0,1.0-1.5
3492,98.55551917254168,0.6020147685439223,inf,inf,3.759121190788873e-16,0.0023462243636523604,0.0,0.5-1.0
3493,9.034279637188869,1.048306859334027,inf,inf,6.749673478480569e-16,0.0002641379627495937,0.0,1.0-1.5
3494,34.34270719755425,1.458148799538063,inf,inf,7.561040292575073e-16,0.0010032066529983492,0.0,1.0-1.5
3495,61.864357663739746,2.839388045140956,91.94794394131243,1.9635420223731619,4.751293327633486e-05,0.004368716525379755,2.3480072038382156,2.5-3.0
3496,40.48279110797131,2.9192012191748593,57.60414094716756,1.7604537043583401,4.7844571645620066e-05,0.0027560454486311547,2.277393956907071,2.5-3.0
3497,1.7890534259600077,0.6990651441459599,inf,inf,1.7232176232035156e-16,0.00011395915890005252,0.0,0.5-1.0
3498,86.62475148653496,1.9049173145745377,57.555654890468475,1.7600879998524446,0.00010590653106217091,0.006095519752460988,1.931782693327897,1.5-2.0
3499,23.921908156415327,0.5813642883318013,inf,inf,9.137218728110057e-16,0.0005754348274772678,0.0,0.5-1.0
3500,41.20819696944389,0.7594130729938491,inf,inf,3.7156910976265853e-16,0.001021935511005677,0.0,0.5-1.0
3501,90.85388982941923,2.03974465564111,112.42513044651719,2.050863400150762,7.11643951923182e-05,0.008000666412643874,2.435429885967139,2.0-2.5
3502,96.95472264922216,1.817086821684113,67.56125327720576,1.8296976972389112,0.00010511541591978513,0.00710172923829543,2.000602697167234,1.5-2.0
3503,91.47746883112997,2.7505988733179234,142.94622825547077,2.155172700656256,4.710811089403546e-05,0.006733926772542822,2.419895792912892,2.5-3.0
3504,41.101328812183056,2.7592414902378892,63.924916021464995,1.805670166163554,4.7143371966710314e-05,0.003013636093940644,2.413199967469634,2.5-3.0
3505,74.41241415282323,0.8991611621553526,inf,inf,4.266074191715243e-16,0.0018986713276394245,0.0,0.5-1.0
3506,84.84396890464726,2.0846362174692334,102.05583067569304,2.008837821966758,7.158021568383035e-05,0.007305178371558578,2.4064727626405924,2.0-2.5
3507,19.72376551220544,2.515811743761588,18.455669541333172,1.2661298053069057,7.491171476925653e-05,0.0013825458525560063,2.0764799618523906,2.5-3.0
3508,96.94659804535128,2.4313220406959957,94.91912786701681,1.9773537391925606,7.439173478375768e-05,0.007061198586188698,2.148071698830349,2.0-2.5
3509,10.141086478292971,1.9182164847592933,6.711018078674022,0.8267884087548695,0.00010585733950711171,0.0007104105191925605,1.9212512778857378,1.5-2.0
3510,65.77179693391072,1.7806975835685772,46.777552287436606,1.6700374928927275,0.0001047532005006023,0.004900098313693255,2.0286839360789855,1.5-2.0
3511,23.90341433196791,1.9277295097554534,15.700008962852305,1.195899900340201,0.0001060682899116232,0.001665273102286901,1.9137025360559679,1.5-2.0
3512,21.50019948587679,1.5328784939625035,17.74884437084081,1.2491700813513693,0.00010181066091473427,0.0018070215758680638,2.2109616036870765,1.5-2.0
3513,13.72506431146352,1.9127839263805884,9.096353568659888,0.958867332719001,0.00010588506138175904,0.0009631679559677351,1.9255563598738692,1.5-2.0
3514,94.21102759180783,2.729102428076877,149.05153439072933,2.173336451177082,4.700474177440367e-05,0.007006128885114881,2.4362739560767053,2.5-3.0
3515,12.827474827867547,1.369949318559613,inf,inf,3.812975118484652e-16,0.00038446956992493496,0.0,1.0-1.5
3516,91.24848801439627,1.6017380106741541,72.07986224242913,1.8578139479569937,0.00010275624282382239,0.007406655827290714,2.162082016120361,1.5-2.0
3517,16.570628783149232,1.595147409907328,13.176321301773827,1.1197941764687762,0.000102543090604529,0.001351140709082179,2.1668243458779326,1.5-2.0
3518,32.92410583047045,2.6663072651531174,54.06272891782901,1.7328979637460356,4.668018254172939e-05,0.0025236580545882907,2.4819119479283493,2.5-3.0
3519,21.147397769133093,1.1118337422280247,inf,inf,2.330087096863339e-16,0.000577531185731675,0.0,1.0-1.5
3520,98.7935093121269,1.598549963497827,78.19043060801711,1.8931536048701234,0.00010271808789749722,0.008031571523937459,2.1643776553248353,1.5-2.0
3521,9.291806559996907,2.3782085543256204,9.428180154623778,0.9744278724746325,7.379992598124528e-05,0.0006957989975490805,2.1914982312270195,2.0-2.5
3522,86.11712344846339,1.4806706566966603,inf,inf,1.0396352004781297e-15,0.0025120430859872315,2.1073424255447017e-08,1.0-1.5
3523,30.045306541691406,2.6387595686498972,50.15501589390479,1.7003143723736605,4.653480095476097e-05,0.002333953681505732,2.500926505911397,2.5-3.0
3524,95.2290998596323,1.8444764779334182,65.3651807605535,1.815346466513236,0.00010537387194523458,0.006887782187139676,1.9792895821483176,1.5-2.0
3525,75.03363279117006,0.7473074774364609,inf,inf,3.4855361182789894e-16,0.0018484982692072377,0.0,0.5-1.0
3526,26.383987566061805,1.416881766129187,inf,inf,2.9279791768086907e-16,0.000767546170710323,0.0,1.0-1.5
3527,50.993264231164524,0.8659628629819476,inf,inf,8.022319234843386e-16,0.0012936416480777365,0.0,0.5-1.0
3528,16.11173019103065,1.5983979362430687,12.787850452862825,1.1067975487854322,0.00010257560850813114,0.0013117215417133847,2.164487049526123,1.5-2.0
3529,40.71879189595041,1.410571831876505,inf,inf,3.974103010191967e-16,0.001173805383380017,0.0,1.0-1.5
3530,2.630202437361717,1.348436633139082,inf,inf,3.667281661818875e-16,0.00014316675828736597,0.0,1.0-1.5
3531,68.16030033646082,2.573438236877882,118.27077012988839,2.072877424764586,4.620011408515278e-05,0.005464123072939723,2.5436733146083084,2.5-3.0
3532,59.332128790599846,2.743305362263681,93.11229204530426,1.9690070173407854,4.707114611461974e-05,0.004382902303931662,2.4254967147350905,2.5-3.0
3533,27.181397049780497,2.3892999877056607,27.265031735307485,1.4356060075229649,7.40726618718531e-05,0.0020195934766547756,2.182536141655172,2.0-2.5
3534,1.3298356451430848,2.4153354376950453,1.8868896481623934,0.27574650186311433,6.197986081521946e-05,0.00011694915776678356,2.1612768396322104,2.0-2.5
3535,93.90264528100629,2.731996991254692,148.31541347590272,2.1711862868320755,4.701877392484353e-05,0.006973608895793161,2.4340913905477777,2.5-3.0
3536,12.490117375980924,2.793996651937119,19.099167147184776,1.281014429484998,4.723895040361062e-05,0.0009022246096161309,2.385621948581221,2.5-3.0
3537,32.772954089317885,0.9359635351640362,inf,inf,5.737179245766954e-16,0.0008492492857961197,0.0,0.5-1.0
3538,2.5393127256262082,2.7435318365496855,4.335531735450266,0.6370423695423334,4.512653178190752e-05,0.00019564751065126508,2.4253234797193683,2.5-3.0
3539,38.3261853193725,0.9026700085684259,inf,inf,1.0927258645486109e-15,0.0009832689969040862,0.0,0.5-1.0
3540,40.168616777030394,1.179706392049989,inf,inf,3.85433141892143e-16,0.001097998687124929,0.0,1.0-1.5
3541,53.35070513459609,2.477180333152258,50.93589574486309,1.7070239479466247,7.469544507445261e-05,0.0038046794029284654,2.10957803972858,2.0-2.5
3542,32.36593152011961,0.857618414614197,inf,inf,4.774612707184243e-16,0.0008238437527887324,0.0,0.5-1.0
3543,24.975477787032773,2.911279606603831,35.703685743893935,1.5527130512833638,4.780393970057625e-05,0.0017067768403894296,2.2846594214982594,2.5-3.0
3544,78.57856324676628,2.8292540799940515,117.44581713204497,2.069837553861004,4.746935636978023e-05,0.005575077347581083,2.356563523446437,2.5-3.0
3545,27.89250634495216,0.5002152001171724,inf,inf,6.208759709109286e-16,0.0006557221367465694,0.0,0.5-1.0
3546,33.205805187259266,2.090903844297368,39.81108923124985,1.6000040600420227,7.16144748864398e-05,0.0028510502499531566,2.4023468292890926,2.0-2.5
3547,49.108421468077225,2.8137029468234402,74.04904764844424,1.8695194773922015,4.739721156466958e-05,0.0035097183775556103,2.369515946045512,2.5-3.0
3548,27.38112386117687,1.8510483214117073,18.735996071086852,1.2726767866573294,0.00010540918167404266,0.0019749460137013434,1.9741546103243428,1.5-2.0
3549,72.65777996540788,1.8433134289706565,49.90557325981116,1.6981490486459299,0.0001053614380552013,0.005258122965622904,1.9801975121108497,1.5-2.0
3550,8.399085434565324,1.9669695522716728,5.42293294815034,0.7342342346349136,0.00010620355327107221,0.0005759347482443373,1.8824400102790606,1.5-2.0
3551,32.3141518546492,1.8828797956571766,21.730265354768793,1.3370650296527014,0.00010570299964107632,0.002296954230995619,1.949174725214141,1.5-2.0
3552,42.087272733979354,1.9542009740556265,27.256253118703746,1.4354661537101685,0.00010629491407393596,0.0028972010832300638,1.8926335748759684,1.5-2.0
3553,25.805265272976406,2.20122117182293,28.914402302938665,1.461114219319245,7.257614632202224e-05,0.0020984958923518935,2.326379791021962,2.0-2.5
3554,83.98779166366886,2.890531613755169,121.3587204490838,2.084070988800166,4.7731994413997104e-05,0.0057926937665655044,2.3034200966008656,2.5-3.0
3555,35.410053125448556,0.7058677683907911,inf,inf,4.901591150093506e-16,0.0008690307492783911,0.0,0.5-1.0
3556,42.065038677106635,1.0853274149775114,inf,inf,3.329452719772783e-16,0.0011244783469430593,0.0,1.0-1.5
3557,46.88054661869027,0.51435786056211,inf,inf,7.483573545647013e-16,0.001097277152938561,0.0,0.5-1.0
3558,83.01729259907307,0.6670892594018403,inf,inf,8.555419822088698e-16,0.0020070335077251797,0.0,0.5-1.0
3559,21.869912221145114,1.0041789602480735,inf,inf,3.3666060249898574e-16,0.0005818356835479084,0.0,1.0-1.5
3560,82.87953660860978,2.7551786788586683,129.1728393092122,2.111171205778494,4.712958154978067e-05,0.0060878618642402306,2.4163555861209325,2.5-3.0
3561,94.8374228954862,1.2879792474170575,inf,inf,6.785405763242932e-16,0.002645430743479353,1.4901161193847656e-08,1.0-1.5
3562,26.60354330584367,2.0029411324767628,16.810662722959247,1.2255848348702196,0.000106638926578414,0.0017926710278481322,1.8536279944630976,2.0-2.5
3563,16.929164159669487,1.2821979431269646,inf,inf,2.652546914179457e-16,0.00048627586538083377,0.0,1.0-1.5
3564,78.8736381925492,2.969546162044499,109.24271046307658,2.038392467049481,4.804329878316803e-05,0.005248380178660704,2.2298973988359454,2.5-3.0
3565,31.285408993063957,0.9814525317253726,inf,inf,5.271759930133425e-16,0.0008199472949503604,1.4901161193847656e-08,0.5-1.0
3566,22.742050892760446,1.4871377683007496,inf,inf,9.52617452433049e-16,0.0006754623850894221,1.4901161193847656e-08,1.0-1.5
3567,7.806147804520524,1.4245054452843076,inf,inf,6.597076629978645e-16,0.00025671626647362375,0.0,1.0-1.5
3568,61.37877155954027,1.0341709777874362,inf,inf,3.629524789069395e-16,0.0016169873067183847,1.4901161193847656e-08,1.0-1.5
3569,93.69400232636124,0.6847262215740508,inf,inf,5.136966988316415e-16,0.0022737356101297282,0.0,0.5-1.0
3570,88.12667012989847,1.4773561044925347,inf,inf,4.559837309804093e-17,0.0025685488089806194,1.4901161193847656e-08,1.0-1.5
3571,58.87912863035775,1.004189388890236,inf,inf,8.080695350569514e-16,0.001540764309782823,0.0,1.0-1.5
3572,43.860811490499096,0.5586927691306988,inf,inf,1.1370400821588118e-15,0.0010377868007076126,0.0,0.5-1.0
3573,97.6384093665454,2.714253110997407,155.80854768190613,2.1925912794550104,4.6932272813915194e-05,0.007312449266547132,2.4473600388805936,2.5-3.0
3574,66.03247738173283,1.3578475826270013,inf,inf,2.968745261160294e-16,0.001873962402605356,0.0,1.0-1.5
3575,95.61890938401446,0.5289124773241717,inf,inf,9.023788344215998e-16,0.002238345496356503,0.0,0.5-1.0
3576,68.8224388368361,2.040525222902427,85.12745727705165,1.9300696613844108,7.116884738335358e-05,0.006058423015083441,2.4349352710031162,2.0-2.5
3577,69.67863944637106,1.6954043331226623,52.04897958551054,1.7164122196347191,0.00010384612079699413,0.005405084621397209,2.0933163407450484,1.5-2.0
3578,70.10618539856023,2.224189376141092,77.40005776214248,1.888741284788453,7.28033890385032e-05,0.0056349865168598785,2.309768569883291,2.0-2.5
3579,12.567309566930085,1.4002715627969882,inf,inf,5.211240291680895e-16,0.00038012937319217377,0.0,1.0-1.5
3580,25.26268325473906,0.8504901463334278,inf,inf,7.296891688985792e-16,0.0006455903536849406,2.580956827951785e-08,0.5-1.0
3581,6.579330471177636,2.09894547865784,7.995137148303565,0.9028259180185348,7.102725484047179e-05,0.0005678726437170802,2.3970231927562238,2.0-2.5
3582,93.25098296418946,1.4959908900358667,inf,inf,6.864378928740601e-16,0.0027292720610042763,2.580956827951785e-08,1.0-1.5
3583,99.45168921648742,2.6915720960725866,160.81500807651767,2.2063265768792433,4.6819770961332284e-05,0.0075293218452873595,2.4639392328405587,2.5-3.0
3584,60.50623560043334,1.316626052647923,inf,inf,3.6528389328204966e-16,0.001701558551479711,0.0,1.0-1.5
3585,15.599223054052302,1.056214086506401,inf,inf,2.0800484582117991e-16,0.0004276066758282418,0.0,1.0-1.5
3586,12.435974689700135,0.9648483916603063,inf,inf,5.28897387144251e-16,0.00034055686097780467,0.0,0.5-1.0
3587,44.61401771175194,1.1405859566431564,inf,inf,4.856869387479193e-16,0.0012072300604446984,2.1073424255447017e-08,1.0-1.5
3588,39.08103130202304,1.0962462624556144,inf,inf,7.150664184444464e-16,0.0010482178996948375,0.0,1.0-1.5
3589,19.565706592249697,1.8046694654262128,13.744068385669143,1.1381153073897328,0.00010493553107242746,0.0014422411151459524,2.010216265037475,1.5-2.0
3590,8.922122386405773,1.4304577945624475,inf,inf,7.983933876343083e-16,0.0002855978496314754,0.0,1.0-1.5
3591,64.73886809721657,2.9236531493841325,91.88608603013071,1.9632497527590282,4.78655274709147e-05,0.004398175975070053,2.273285901440982,2.5-3.0
3592,79.22986593137894,1.0097684902422164,inf,inf,1.0712149292154163e-15,0.002073478661074878,0.0,1.0-1.5
3593,6.308570914712853,2.850765315988051,9.417365990712746,0.9739294489009951,4.730919937297237e-05,0.0004455280452228788,2.3382917630491473,2.5-3.0
3594,30.951398806616346,1.3394645475407068,inf,inf,3.719786008992414e-16,0.0008812874153740574,0.0,1.0-1.5
3595,30.042714120682422,1.7082761230039516,22.284849050089548,1.3480096966705604,0.00010396160135444481,0.0023167685931893877,2.083677797657772,1.5-2.0
3596,54.21827760956285,2.898346115699614,78.01661442950575,1.8921870999556978,4.7762376671078966e-05,0.003726258924984388,2.2963997607949107,2.5-3.0
3597,60.452425578148826,2.451440565996714,58.535881722148474,1.7674221644889463,7.452605768071624e-05,0.004362448497616421,2.131294307560454,2.0-2.5
3598,41.04836269756411,2.866836084678649,60.09863194362418,1.7788645860443826,4.762818936005214e-05,0.0028623890224910107,2.324370524771833,2.5-3.0
3599,86.59434414276738,1.8470079454414,59.35662744303825,1.773469216993205,0.00010539676497346411,0.0062559965122313725,1.977312535447321,1.5-2.0
3600,39.07900668870868,1.294700346358865,inf,inf,1.6650378468009873e-15,0.0010973169409539043,0.0,1.0-1.5
3601,30.33629484258985,2.187784004356046,34.26020825450594,1.5347899985450748,7.247146771383536e-05,0.0024828875763857026,2.3359714148511372,2.0-2.5
3602,76.67244366578404,2.2128549097441272,85.22753822610377,1.9305799441476375,7.270898296158598e-05,0.006196807624739698,2.3179999933771134,2.0-2.5
3603,84.19316441001295,0.6038701971936464,inf,inf,9.282666875409429e-16,0.0020058865953071765,1.4901161193847656e-08,0.5-1.0
3604,87.7398566027324,0.7677972644709209,inf,inf,4.297689556420739e-16,0.00217080662667031,0.0,0.5-1.0
3605,16.928248085646814,2.8657783725623087,24.828606615545702,1.3949523475787449,4.759524880959048e-05,0.001181723709462342,2.3252939021892427,2.5-3.0
3606,19.695764694255146,2.302331435791843,20.788684907819075,1.3178270167320434,7.338604593968588e-05,0.0015255993856708651,2.2512349177750384,2.0-2.5
3607,46.260338107141195,2.55728230925025,81.07837434974908,1.908905032349396,4.610745492971295e-05,0.0037383174911054507,2.5537559081144376,2.5-3.0
3608,96.75676876714657,0.9699166039735083,inf,inf,1.266078466621389e-15,0.0025077377242493184,2.1073424255447017e-08,0.5-1.0
3609,62.03588045344124,2.93618908646052,87.46035164865597,1.9418112191643817,4.791481348176077e-05,0.004190646436294559,2.261622163827675,2.5-3.0
3610,62.33602160569808,1.2523010495707458,inf,inf,2.4945108716081736e-16,0.001726914123517672,1.4901161193847656e-08,1.0-1.5
3611,32.667389438709385,0.8501932818476261,inf,inf,3.8291225158390567e-16,0.0008299584425774096,0.0,0.5-1.0
3612,99.04906038300092,1.3982550730708516,inf,inf,3.9490187158132866e-16,0.0028339282092537,0.0,1.0-1.5
3613,18.260613468294416,1.3787751354634277,inf,inf,5.454056689563777e-16,0.0005340307416527572,0.0,1.0-1.5
3614,55.92875722924745,0.6455941806476785,inf,inf,7.005994384299691e-16,0.0013476383538312926,0.0,0.5-1.0
3615,67.48982374920662,2.616252701528902,114.12128400873792,2.057366649374563,4.642993912170966e-05,0.0052986442690170395,2.5160210349164056,2.5-3.0
3616,80.99871020521927,2.675422975184731,132.22768777532733,2.1213224036292297,4.673766857532115e-05,0.006180013847724293,2.475486811929409,2.5-3.0
3617,81.34685829430633,0.9935605638206908,inf,inf,6.781149206434622e-16,0.0021207659025980633,2.1073424255447017e-08,0.5-1.0
3618,38.65192676541328,1.8771343176781397,26.07000145890446,1.4161410554719016,0.00010565789730140724,0.0027545015367924646,1.9536962910762554,1.5-2.0
3619,27.099960055123585,2.676577147736967,44.24217796340017,1.645836498364548,4.672638328763865e-05,0.0020672769649977565,2.474668529474676,2.5-3.0
3620,97.9763232768095,1.4450924868740627,inf,inf,8.960911824216217e-16,0.0028337792447228304,0.0,1.0-1.5
3621,55.29341662865195,1.7725724077206584,39.50824492702149,1.5966877374658133,0.00010466813181922183,0.004135254187967587,2.0349150945261343,1.5-2.0
3622,28.208026304624177,1.110061892816622,inf,inf,5.661032471000866e-16,0.0007632241904226796,1.4901161193847656e-08,1.0-1.5
3623,13.828711471728038,1.6699330465070992,10.519554538349976,1.0219973495484604,0.00010339354732192146,0.0010876540599664218,2.112260094465905,1.5-2.0
3624,80.31874955883492,1.280814148496074,inf,inf,5.243775641044443e-16,0.002237654531514554,0.0,1.0-1.5
3625,84.85194282936106,2.560650513646366,148.37532384799857,2.171361679866575,4.61315043539431e-05,0.0068447768981116635,2.5516694835056555,2.5-3.0
3626,56.97963692811266,0.8979467313823837,inf,inf,1.8296062342092456e-16,0.0014551867472255388,0.0,0.5-1.0
3627,38.39917527380015,0.5824261161214448,inf,inf,7.439929066604613e-16,0.000914895197399021,0.0,0.5-1.0
3628,65.97174886856813,2.7519076298564302,103.01861001326961,2.0129156858315005,4.711297742040888e-05,0.004853513447437079,2.418885951256662,2.5-3.0
3629,98.0106625389928,0.9304773651116447,inf,inf,3.4020693436170535e-16,0.002517142069551103,0.0,0.5-1.0
3630,57.83211465049046,1.8730229073451108,39.08797907084756,1.5920432170920649,0.00010562859443932659,0.004128808288727442,1.9569285126278422,1.5-2.0
3631,78.71024754271274,2.2725978878952495,84.42364697392682,1.9264641090887207,7.320195473641717e-05,0.006179975984468653,2.2738717914058095,2.0-2.5
3632,88.20569801038114,1.3169899725276308,inf,inf,8.528123590016033e-16,0.002477383414049591,0.0,1.0-1.5
3633,75.68535832676756,2.8225754055332244,113.54503532269754,2.055168149748234,4.7439563975561345e-05,0.005386526967298483,2.3621524506994898,2.5-3.0
3634,48.65533260532371,1.34471137996345,inf,inf,4.0552418743067886e-16,0.0013791062517739545,0.0,1.0-1.5
3635,17.831614498359617,0.992469529385543,inf,inf,6.805230134886577e-16,0.00047759708496270453,0.0,0.5-1.0
3636,69.65463126994513,0.6633372612815615,inf,inf,9.37815649904721e-16,0.0016834778095585511,0.0,0.5-1.0
3637,83.14959698752666,2.7494182246489745,130.02259564501134,2.1140188316238846,4.710216478564768e-05,0.006124345725928961,2.420805529841371,2.5-3.0
3638,96.28593273520146,1.0400918571829048,inf,inf,6.297965234951708e-16,0.002536329378381793,0.0,1.0-1.5
3639,15.22782812889395,2.743680276185632,23.944163345683453,1.3791996665738235,4.7022121883833394e-05,0.0011259053672471432,2.4252099114006453,2.5-3.0
3640,11.367395539204583,1.6408688451173683,8.815091623829014,0.9452268307041501,0.00010295865242731667,0.000907589954612762,2.1336579024615414,1.5-2.0
3641,63.62376225375227,2.832237576399725,94.93945981112013,1.9774467563299172,4.74816391598583e-05,0.004507881172783475,2.35405400887371,2.5-3.0
3642,82.71055199268929,0.717203038609626,inf,inf,6.02730594940319e-16,0.0020229130226190628,0.0,0.5-1.0
3643,7.638072341650037,2.638135271609616,12.888192118955741,1.1101920013078461,4.629061710317408e-05,0.000596602366530726,2.501350495605986,2.5-3.0
3644,61.403189876220935,2.9483371742374413,86.00926322755396,1.9345452274292185,4.796195061654411e-05,0.0041251720354852865,2.2501841883609623,2.5-3.0
3645,26.637966491871413,2.2771643433829545,28.5165892348587,1.455097579908389,7.32103486316245e-05,0.0020877094396688357,2.27042409717827,2.0-2.5
3646,99.92097805212555,0.8341111975540351,inf,inf,7.174204715037926e-16,0.0025096352235590338,0.0,0.5-1.0
3647,36.13786076454378,2.993809246518213,49.42801180525944,1.6939731417298338,4.8128301097849945e-05,0.002378886234831608,2.2061975130536875,2.5-3.0
3648,8.195794234038644,2.5030171664941987,7.757400618583412,0.8897162204692491,7.466021576622233e-05,0.0005791692039684641,2.0875070450570323,2.5-3.0
3649,78.26854667746652,1.0250774537039566,inf,inf,2.4579179447211866e-16,0.0020556502334949807,0.0,1.0-1.5
3650,30.071467978498156,2.926180337962413,42.63660812526964,1.6297826479164779,4.786822284462874e-05,0.0020409386590795153,2.27094595493276,2.5-3.0
3651,41.91098026694704,0.7156092681419033,inf,inf,2.341097775551082e-16,0.0010287166590512537,0.0,0.5-1.0
3652,13.054343749247588,0.8245730826909146,inf,inf,7.730041668621739e-16,0.00034436093155287443,2.1073424255447017e-08,0.5-1.0
3653,33.08772679364268,0.5373951849364709,inf,inf,5.392291959320339e-16,0.0007818869884377288,0.0,0.5-1.0
3654,13.330242625634025,1.9808610733561216,8.526273261193337,0.9307592473735841,0.0001064287543422137,0.0009074406423701309,1.8713291180753533,1.5-2.0
3655,25.735441776636346,1.5096511860063748,inf,inf,6.1483295073627705e-16,0.0007654026477978269,2.1073424255447017e-08,1.5-2.0
3656,57.87212023501746,0.71434704506731,inf,inf,5.695426540083021e-16,0.001416502255769258,0.0,0.5-1.0
3657,29.896420738164597,1.7326643647049493,21.86429911469246,1.339735560093853,0.00010422759449965734,0.002278863302145383,2.065299646568854,1.5-2.0
3658,66.74732142162496,2.7024259641098225,107.25679109237281,2.0304247996033475,4.6872213357401585e-05,0.005027363196111948,2.456058346717785,2.5-3.0
3659,90.11301276028907,0.7302700994171836,inf,inf,5.076518280099901e-16,0.002210144873818855,0.0,0.5-1.0
3660,57.641163123832484,2.097185937166421,68.80091839134998,1.837594235468556,7.168995794548812e-05,0.00493233494608684,2.398190897906069,2.0-2.5
3661,2.8679561345941518,0.9216138085396313,inf,inf,3.7694738776537076e-16,0.00013299094954802757,0.0,0.5-1.0
3662,95.98019119492322,1.776904674219443,68.40445333705955,1.8350843765264477,0.00010471786370814376,0.007163168221580281,2.0315945291751984,1.5-2.0
3663,19.782402824332824,1.356760503852763,inf,inf,6.557299885831145e-16,0.000573330419424892,0.0,1.0-1.5
3664,34.61528515629614,1.189569199849624,inf,inf,6.419977029306773e-16,0.0009502435323980344,1.4901161193847656e-08,1.0-1.5
3665,52.65123321140707,0.5306038346388482,inf,inf,9.422669273826264e-16,0.0012358920627623244,0.0,0.5-1.0
3666,61.88119298066253,1.9460334732197346,40.24114867690892,1.6046703690887003,0.00010623635786258817,0.004275073071641712,1.8991437234232813,1.5-2.0
3667,34.2080795989381,1.6086200741217322,26.923368848185,1.430129401043699,0.00010281271834617938,0.0027680647383187445,2.15711592250029,1.5-2.0
3668,44.04674820029671,2.2283624714199672,48.517826777924505,1.6859013396081197,7.283056760639566e-05,0.0035335808632650243,2.306721281803292,2.0-2.5
3669,62.682173773074176,0.9618365502420951,inf,inf,6.324838699442677e-16,0.0016238049501950975,0.0,0.5-1.0
3670,45.71261732829414,2.9590489046352793,63.67226546494795,1.80395030237558,4.8001277168593744e-05,0.003056350062535246,2.239988577057277,2.5-3.0
3671,28.336574304618733,0.5494066651546493,inf,inf,8.074824654644572e-16,0.0006735254650785153,0.0,0.5-1.0
3672,41.07415435325452,0.9898045332654943,inf,inf,6.936311494407468e-16,0.0010743102429736182,0.0,0.5-1.0
3673,38.47610461582897,2.103871775498593,45.7480120013287,1.6603722263672342,7.173963839062353e-05,0.0032819458380652267,2.3937453338572827,2.0-2.5
3674,29.195475427712513,0.8349911349974982,inf,inf,7.316830460008786e-16,0.0007407568947395324,0.0,0.5-1.0
3675,60.06930080490696,1.151385919253511,inf,inf,2.0842498990820697e-16,0.0016260868888564389,0.0,1.0-1.5
3676,51.22598070391163,1.7542915328406234,36.98589194092447,1.5680360964825895,0.00010447764792485844,0.003864198996390766,2.0488799221811553,1.5-2.0
3677,41.15284095337175,2.390881243170318,41.22706105377102,1.6151823764306845,7.409795726697515e-05,0.0030548410082053006,2.1812538100553267,2.0-2.5
3678,70.94279303009114,2.6612162612833337,116.78964652779345,2.0674043440165457,4.6664560422981e-05,0.00544993751717481,2.4854713065050777,2.5-3.0
3679,81.25555238388527,1.2919311184837583,inf,inf,4.3348147531097057e-16,0.0022694970631171427,0.0,1.0-1.5
3680,64.88462380960307,2.144318695524592,75.2085374092896,1.8762671429758295,7.211478853079537e-05,0.005423647770981333,2.366355118358241,2.0-2.5
3681,34.1185648970045,0.5578421544430994,inf,inf,2.9789868400963e-16,0.0008096562565098259,0.0,0.5-1.0
3682,93.66511899842355,2.726590950013918,148.40337575135393,2.171443780009792,4.699251348621809e-05,0.00697384763639579,2.4381619487727777,2.5-3.0
3683,10.421403706494491,2.1793251091868893,11.901349823182859,1.0755962208475485,7.218187221144867e-05,0.0008590617120807324,2.341961448924083,2.0-2.5
3684,80.55400863948414,2.755578548757634,125.52015918479081,2.0987134813519237,4.713137513203511e-05,0.005915937709171138,2.4160456323878767,2.5-3.0
3685,42.12766396225129,1.0259599229103982,inf,inf,4.453316363854767e-16,0.0011108016524143552,0.0,1.0-1.5
3686,39.673181756236566,1.7416517032028875,28.85684891506291,1.460248905637741,0.00010433739188708547,0.003010848353877336,2.0584899394655025,1.5-2.0
3687,84.31895058923351,2.3592918835925842,85.98558371948576,1.934425643849411,7.387466268057733e-05,0.006352155992669552,2.2066502008129962,2.0-2.5
3688,65.52972994145982,0.5631228850342602,inf,inf,7.59026774812786e-16,0.0015479393047415073,2.580956827951785e-08,0.5-1.0
3689,97.38736058070182,2.6027628718584768,166.0032004077893,2.2201164609680335,4.6360012601002297e-05,0.007695910462711821,2.524882023147467,2.5-3.0
3690,87.80219290312593,2.269473583140496,94.34798168388839,1.9747326140618875,7.317748794734747e-05,0.006904148292529303,2.276224587391821,2.0-2.5
3691,11.62693962214274,2.470182794806085,11.174880856395376,1.048242901496513,7.454383653001107e-05,0.0008330184918014869,2.115509111983286,2.0-2.5
3692,50.31545973361868,0.9062665909336505,inf,inf,2.6862421118008537e-16,0.001288507062451169,0.0,0.5-1.0
3693,76.76088912411996,2.442620635625418,74.68750063778715,1.8732479263368502,7.446803234974268e-05,0.005561831213616161,2.1386710613041666,2.0-2.5
3694,8.25577258175908,1.9174553496789124,5.474402175719243,0.7383366995921333,0.00010576569934666124,0.0005790039746198296,1.9218547016555991,1.5-2.0
3695,54.24785903599025,0.8747809986764977,inf,inf,1.0236558629744378e-15,0.0013784375839270139,0.0,0.5-1.0
3696,99.27973785595204,0.8300712324123861,inf,inf,8.608688902491793e-16,0.0024912347803136537,2.1073424255447017e-08,0.5-1.0
3697,23.900393263708942,2.6443021097558876,39.782072184582425,1.5996874010833149,4.6554155097786815e-05,0.0018520207585924011,2.497148934516032,2.5-3.0
3698,11.679258530226633,1.4962463463991282,inf,inf,1.9458458863961216e-16,0.0003641978553308289,0.0,1.0-1.5
3699,28.94216163839961,1.1801174854991154,inf,inf,7.687781359187436e-16,0.0007954000604403441,0.0,1.0-1.5
3700,34.43375817076127,1.420569979851826,inf,inf,3.471235309061373e-16,0.000997134203823076,0.0,1.0-1.5
3701,28.57746420782884,2.2116596485951794,31.81241682959812,1.502596664262561,7.26722021006261e-05,0.0023118783851499135,2.318864165184103,2.0-2.5
3702,43.20883813321921,0.8409003397793555,inf,inf,6.699313124026574e-16,0.0010913651447476773,0.0,0.5-1.0
3703,83.34090106999042,0.9048549488674789,inf,inf,5.498397029935516e-16,0.0021285553021022975,1.4901161193847656e-08,0.5-1.0
3704,51.73827608199778,2.124102978934677,60.731750173676154,1.7834157968449023,7.193095611795389e-05,0.004368492856709238,2.3801514765020597,2.0-2.5
3705,58.92567031558428,2.7357632464128994,92.87741897248505,1.9679101380226978,4.703475800667581e-05,0.004368466925655475,2.431240961376946,2.5-3.0
3706,10.903598105429657,2.1797011857699697,12.441790082556764,1.0948828696672903,7.220649905507756e-05,0.0008983781038396083,2.341695925417844,2.0-2.5
3707,6.4804805545756405,2.862650235314154,9.60259181480411,0.9823884683466803,4.738004593036077e-05,0.00045497124123592515,2.328018858841199,2.5-3.0
3708,95.09967264356062,1.2077024134607777,inf,inf,3.042888040380819e-16,0.0026040079854528,2.1073424255447017e-08,1.0-1.5
3709,34.70955515936368,1.3851863931404538,inf,inf,4.931525715020211e-16,0.0009968186057991448,2.1073424255447017e-08,1.0-1.5
3710,94.73315793302162,1.4318187770922592,inf,inf,1.1349063361964178e-15,0.0027317765233617515,1.4901161193847656e-08,1.0-1.5
3711,33.56276991641527,1.3967563563973422,inf,inf,8.247849336769558e-16,0.0009669776112376206,0.0,1.0-1.5
3712,63.95761825035905,1.1717380167556073,inf,inf,6.2138045712744e-16,0.0017389702266480793,1.4901161193847656e-08,1.0-1.5
3713,66.15278092110486,2.481846037531002,62.99496883218828,1.799305865395328,7.472755321622422e-05,0.0047074598857617354,2.105612256124083,2.0-2.5
3714,8.99909923122486,1.2082651617015323,inf,inf,2.5112722653294164e-16,0.0002732096048878798,0.0,1.0-1.5
3715,7.093778953861751,1.5409106252860514,5.912500292813324,0.7717711752540638,0.00010117247204484256,0.0005981822705897795,2.205337790826682,1.5-2.0
3716,44.172356438478225,1.6809279393973533,33.28450050537407,1.5222420439559343,0.00010367369758237994,0.003450727239574724,2.104104293774985,1.5-2.0
3717,12.728306014004309,2.9906583125900053,17.46577066463344,1.24218775332972,4.807856386467081e-05,0.0008397291703452728,2.209304766735608,2.5-3.0
3718,29.582946189498905,1.3235640315555024,inf,inf,5.253721965812277e-16,0.0008399981418990879,1.4901161193847656e-08,1.0-1.5
3719,19.585532807095653,2.2274988584460162,21.615465363683374,1.3347645899832108,7.277169726370607e-05,0.0015729941016600906,2.3073526463410166,2.0-2.5
3720,31.294106501822494,1.319116487791102,inf,inf,5.729450925319246e-16,0.0008866828942369839,0.0,1.0-1.5
3721,45.593667373324244,2.501122893607721,42.96956851277608,1.6331609926538537,7.484734512249431e-05,0.003216158124240416,2.089134236983106,2.5-3.0
3722,31.133183844393407,1.4691968031112472,inf,inf,4.3203981715341337e-16,0.0009133200232454698,1.4901161193847656e-08,1.0-1.5
3723,33.54407831315525,0.5536871129409042,inf,inf,5.479098217439053e-16,0.0007954776362053222,1.4901161193847656e-08,0.5-1.0
3724,48.596933751964364,1.8077505863880268,34.04496847851696,1.5320529364108963,0.0001050175472428055,0.0035753190855724788,2.0078337938871,1.5-2.0
3725,68.2728803871678,1.343914309694963,inf,inf,5.433217562146844e-16,0.001931052670469268,0.0,1.0-1.5
3726,4.200035784958156,1.161788633644242,inf,inf,5.552362659758425e-16,0.00016327323987441029,0.0,1.0-1.5
3727,99.75091576428076,1.2315473338457255,inf,inf,1.4606241901510433e-15,0.0027461903263089624,0.0,1.0-1.5
3728,43.08055916134973,0.5048544656616462,inf,inf,4.389558426390307e-16,0.001006908563419815,0.0,0.5-1.0
3729,92.30291538235366,2.3267053208994266,95.91138917943198,1.9818701813530695,7.362868091176716e-05,0.007061829069696715,2.2323504570406723,2.0-2.5
3730,0.7242816585725342,1.8692585008592908,2.466616314762396,0.3921015996961631,4.708961945798889e-05,0.00011615202361102815,1.9598854303174864,1.5-2.0
3731,5.748653075687926,2.090822402699746,7.065667350912478,0.8491531871515,7.073084723689548e-05,0.0004997606380241105,2.402400572510311,2.0-2.5
3732,9.914171806515458,1.923756178053952,6.542309086991845,0.8157310582243069,0.00010589824334027261,0.0006928190397015392,1.9168569727681901,1.5-2.0
3733,91.27398545783522,1.4526380398891907,inf,inf,2.1433097862191127e-16,0.0026449232639491867,0.0,1.0-1.5
3734,41.2022239894069,1.646802333943804,31.684149572785444,1.5008420548160595,0.00010327767284327496,0.0032722652338955252,2.129308888364548,1.5-2.0
3735,84.63855737660222,1.690778687069237,63.39315902237399,1.8020423941730028,0.00010379647948384821,0.006579986729882169,2.0967694805718935,1.5-2.0
3736,69.46284353033936,2.7937629517079046,105.91368167645608,2.0249520648552926,4.730894820686474e-05,0.005010664880829819,2.3858109029278065,2.5-3.0
3737,8.781205537887459,1.3709701386119226,inf,inf,5.706456733870834e-16,0.00027810592754991037,0.0,1.0-1.5
3738,36.17001026153825,0.8810669307054015,inf,inf,5.035075482505042e-16,0.0009240482366191521,1.4901161193847656e-08,0.5-1.0
3739,33.146320347952276,0.7094836634728539,inf,inf,1.0099152670756133e-16,0.0008150007770950633,1.4901161193847656e-08,0.5-1.0
3740,45.30678883369424,1.343144277180288,inf,inf,7.819144956606672e-16,0.0012845021093256805,0.0,1.0-1.5
3741,75.38144993852966,1.930853003206185,49.40746851950826,1.6937926026007464,0.00010611811482440818,0.00524302741753651,1.9112212723119832,1.5-2.0
3742,8.361618910506552,1.9562359646061396,5.429664554108253,0.7347729996072977,0.00010611204841592432,0.0005761528280477631,1.8910102608440151,1.5-2.0
3743,92.63586785950567,2.3197421732638888,96.64741127702136,1.9851902258435004,7.357505121319712e-05,0.007110838234329771,2.237775240174854,2.0-2.5
3744,47.659769577356656,2.148486584029289,55.109880170754685,1.7412294667098005,7.214596295186756e-05,0.003975955373081128,2.3634842440694332,2.0-2.5
3745,36.57857478735511,0.7084191262355319,inf,inf,6.116988101401234e-16,0.0008978214128149367,0.0,0.5-1.0
3746,69.76988235491515,1.474289680475346,inf,inf,1.43426975774521e-16,0.0020335373079602872,2.1073424255447017e-08,1.0-1.5
3747,27.650028743394884,1.4259653062905757,inf,inf,6.949360696362188e-16,0.000805119512345081,0.0,1.0-1.5
3748,71.24713540072634,0.7821718737109005,inf,inf,5.298420537955914e-16,0.001769724393810072,1.4901161193847656e-08,0.5-1.0
3749,41.5936745855286,1.9711875173046636,26.703085092126074,1.4265614396823896,0.0001064223485876039,0.00284180503003869,1.8790685704593764,1.5-2.0
3750,47.81565510086665,2.4365921471448013,46.68543221138096,1.6691813838379335,7.442254336401889e-05,0.0034744486032194637,2.1436937995859955,2.0-2.5
3751,18.910785028692125,0.6072345124089397,inf,inf,7.824607028168786e-16,0.0004619561636342667,1.4901161193847656e-08,0.5-1.0
3752,20.31846417623864,1.8249036747665754,14.111315110971907,1.149567489928924,0.00010513853180980078,0.0014836429526730423,1.9945349127980945,1.5-2.0
3753,86.13941360473902,0.7988053189502349,inf,inf,1.7406865600888899e-16,0.002146622521433348,0.0,0.5-1.0
3754,57.63227324345903,2.440962385476274,56.130318766502405,1.749197508603779,7.445463359757335e-05,0.004179162317474932,2.14005423343225,2.0-2.5
3755,42.22786386853561,1.8962585935770389,28.190571668229488,1.4501038828897013,0.00010582586608615138,0.002983291662254107,1.9386252152487264,1.5-2.0
3756,77.49666206991562,0.6648101428379806,inf,inf,3.3223792161260695e-16,0.0018729552803119986,1.4901161193847656e-08,0.5-1.0
3757,91.2105113783964,1.7894832699615908,64.54614360575552,1.8098702998825118,0.0001048442875004835,0.006767294437249327,2.0219298623071817,1.5-2.0
3758,15.885821730769589,1.102390701410621,inf,inf,6.821425664109745e-16,0.00043956786729814316,1.4901161193847656e-08,1.0-1.5
3759,99.7999761851266,1.0181736289699996,inf,inf,8.991675283275666e-16,0.002615440030151093,2.1073424255447017e-08,1.0-1.5
3760,1.4142421464912736,2.1679852583344785,2.4259379281501126,0.38487968449149335,5.902010010797827e-05,0.00014317909937516105,2.3499332645837407,2.0-2.5
3761,61.39644970798061,1.51131948024819,inf,inf,4.732234687805004e-16,0.0018058586332107482,0.0,1.5-2.0
3762,26.364483320577325,2.82054545681469,39.62049507414481,1.5979198979220113,4.741680216724139e-05,0.0018786771766988867,2.3638433202638147,2.5-3.0
3763,25.21333136132775,2.791237864466013,38.52466659038143,1.5857388888288961,4.728162664041609e-05,0.0018215089021729263,2.387849466986002,2.5-3.0
3764,49.465399980591094,2.6331465711773383,82.81254700263197,1.918096142113239,4.6515983004293576e-05,0.0038521070289166915,2.5047276438352615,2.5-3.0
3765,60.42240432853936,1.525771696350115,50.02414355625443,1.6991796619863753,0.00010179806153539787,0.005092360843995165,2.2159199582508426,1.5-2.0
3766,43.68555265817202,2.761811325925726,67.84190000554699,1.831498002432172,4.715637457824622e-05,0.0031991780487614983,2.4111966320137785,2.5-3.0
3767,71.39772522397388,0.6801709822165851,inf,inf,5.108781092454353e-16,0.0017321666832775492,0.0,0.5-1.0
3768,95.0289638181212,2.439415350185396,92.62424179904141,1.966724665966168,7.444714865054927e-05,0.006895610697857655,2.141343564874322,2.0-2.5
3769,16.887270159064883,1.397452792519637,inf,inf,5.056729746868896e-16,0.0004982320584581493,0.0,1.0-1.5
3770,23.758545064565762,2.664206011820858,39.08155317650366,1.5919718150923112,4.665713297729419e-05,0.0018234332235153256,2.4833835425212163,2.5-3.0
3771,60.95641165716841,0.5742413757804727,inf,inf,3.8259111126404983e-16,0.0014440989079236787,0.0,0.5-1.0
3772,41.02595251054232,1.938003115514761,26.79295896227282,1.4280206788946894,0.0001061685294649067,0.0028445690530380977,1.9055363963398273,1.5-2.0
3773,31.538652093551388,0.6739936169577139,inf,inf,4.828383527322345e-16,0.0007698164995286719,1.4901161193847656e-08,0.5-1.0
3774,50.449767079057274,1.2365768797949737,inf,inf,8.475716536685046e-16,0.001394320089519328,0.0,1.0-1.5
3775,69.68357124205421,1.9117619180430605,46.13331821041045,1.6640146930354038,0.00010596232061909761,0.004888393455434367,1.9263657829378342,1.5-2.0
3776,90.86689350400248,0.8473712475785153,inf,inf,5.09424759371133e-16,0.002289678942478096,0.0,0.5-1.0
3777,94.08693001628467,2.2356304458204206,103.15862897603974,2.013505561537854,7.290092185188942e-05,0.0075203591493303275,2.301392679729406,2.0-2.5
3778,81.95339572307478,1.7819354320465204,58.24306172047224,1.765244196891452,0.00010476777434782609,0.006101995947656943,2.0277333510319897,1.5-2.0
3779,34.66094099210564,1.0591835659295605,inf,inf,4.820150069040574e-16,0.0009232563822234185,0.0,1.0-1.5
3780,88.38707211709938,1.8447859297355715,60.65897677906363,1.782895080175858,0.00010537636256508893,0.0063920223298979196,1.9790479674506516,1.5-2.0
3781,70.99417292888623,1.6146185688729613,55.64692600582588,1.7454411784536479,0.00010290917031213114,0.005726578985680095,2.152775808956007,1.5-2.0
3782,17.449334529071802,0.584138222812786,inf,inf,3.834778524630862e-16,0.00042582758973507874,0.0,0.5-1.0
3783,95.32383330508277,2.2737545560943517,102.16998710555139,2.009323338570519,7.321243788997224e-05,0.007480113835184445,2.2729994970667446,2.0-2.5
3784,24.734254596876724,2.286532872907545,26.336013481414643,1.420550035847732,7.328066364250142e-05,0.001929920545615929,2.263317940184301,2.0-2.5
3785,68.21421235400031,2.7753414557199507,105.10267213612117,2.021613757695416,4.722365652690046e-05,0.004963332489015618,2.400555133652043,2.5-3.0
3786,69.45290615538138,2.8539581578181097,102.39390716396704,2.010274115196522,4.7576821518356834e-05,0.004871576645707259,2.335544443659413,2.5-3.0
3787,90.80633559699832,1.4258918370229634,inf,inf,7.713044113757971e-16,0.002615199965249409,0.0,1.0-1.5
3788,66.64605348534516,2.107762349682572,79.02064343837768,1.8977405616729288,7.178816366875198e-05,0.005672746884364349,2.3911477030244033,2.0-2.5
3789,98.31352292464068,2.019401867797489,61.60064991929947,1.7895852942241082,0.00010676393741515876,0.006576727932717193,1.8404025896011014,2.0-2.5
3790,5.9730036956847865,0.6309683010094798,inf,inf,3.5403947154698387e-16,0.0001766398504107637,2.1073424255447017e-08,0.5-1.0
3791,3.745940927929814,2.3096363160537017,4.104586497662185,0.6132694121670464,7.192784777270668e-05,0.00029523407277375286,2.2456060020319732,2.0-2.5
3792,19.561919061558054,1.1813706720622088,inf,inf,3.657387763539238e-16,0.0005447192521022185,0.0,1.0-1.5
3793,57.52638197399964,1.5621571561282455,46.56353448438585,1.6680459387553417,0.00010225999977949862,0.004761587026105974,2.190361331368776,1.5-2.0
3794,42.3913388182287,2.0516468554759295,52.081770395728434,1.716685738617499,7.126204488908608e-05,0.0037114534598434745,2.427853842338778,2.0-2.5
3795,8.251169879945364,1.76110812352041,5.978575712156546,0.7765977334824531,0.0001041610422936862,0.0006227346776099431,2.0436816898204695,1.5-2.0
3796,20.200916197565288,1.1998817402973883,inf,inf,1.217311684564885e-16,0.0005641002203030179,0.0,1.0-1.5
3797,57.92476914733445,2.682852043932745,94.15644624917051,1.9738500585492613,4.6773195281091754e-05,0.004403997847386072,2.470200908115907,2.5-3.0
3798,40.247430902531136,0.7344907320774416,inf,inf,6.843679250109235e-16,0.000992643181235741,0.0,0.5-1.0
3799,76.34376332863984,2.0069113116411614,48.1331136550942,1.6824439564101192,0.00010667999369846546,0.005134840261412971,1.8504402963250406,2.0-2.5
3800,46.69645830956498,0.9621875104284984,inf,inf,9.260727655310542e-16,0.001212088866241966,0.0,0.5-1.0
3801,87.7737005644485,2.812067808224201,132.4552248678485,2.1220690942793072,4.739298934775803e-05,0.006277449061216838,2.3708653817403427,2.5-3.0
3802,75.8755397159135,2.8411185636472056,112.65981802016236,2.0517690453823505,4.7521416578362085e-05,0.005353754143778599,2.346536924805455,2.5-3.0
3803,49.44414935724735,2.284140709403236,52.68101180856457,1.721654107570241,7.328892783032736e-05,0.003860934872466512,2.2651366229872916,2.0-2.5
3804,35.798654274450215,2.710386246043941,57.277111418286935,1.7579811076459735,4.690418608110429e-05,0.002686536292151474,2.4502167045876475,2.5-3.0
3805,21.384146364028833,2.415937853130974,21.137828867945483,1.3250603775270486,7.42492443274874e-05,0.0015694678201687005,2.1607813004850644,2.0-2.5
3806,29.207674094644087,2.135241734606568,34.070319914849186,1.5323762115426758,7.200781022071247e-05,0.002453329130587421,2.3725760882319165,2.0-2.5
3807,35.507773961588576,2.368820174616574,36.024876735216814,1.5566025034816762,7.393287382307028e-05,0.002663422666156445,2.1990392926564413,2.0-2.5
3808,36.12363028115473,2.776898898617722,55.62443728211269,1.7452656305236491,4.722438387510334e-05,0.0026268297790470996,2.3993200253559315,2.5-3.0
3809,17.901535056251817,1.0421754261867022,inf,inf,2.846372855811623e-16,0.00048489970423797887,0.0,1.0-1.5
3810,47.32114229012792,2.323214784581345,49.28001324861395,1.6926708159136572,7.359497716585314e-05,0.003626761449764684,2.2350728020194044,2.0-2.5
3811,11.18327633896019,0.9484020730476385,inf,inf,1.2191766418646315e-15,0.00030896909636045215,2.1073424255447017e-08,0.5-1.0
3812,86.85783728692513,1.6523021521330299,66.55380342986932,1.8231728796665123,0.00010335739447034199,0.0068788277146026025,2.1252687831008625,1.5-2.0
3813,55.03465338714908,1.349601750556134,inf,inf,5.907770762946595e-16,0.0015603461272951046,0.0,1.0-1.5
3814,9.509380201425543,2.0845492790837605,11.545562358917245,1.0624150912962071,7.124870888556337e-05,0.0008226064114306131,2.4065298501493864,2.0-2.5
3815,32.78209940926911,2.0974355680096863,39.14331722713856,1.5926576274639137,7.167348242619059e-05,0.002805537859382119,2.3980253304344714,2.0-2.5
3816,25.5236911920389,2.755866935057762,39.79348648925658,1.5998119913381963,4.7115711626961465e-05,0.0018748984340592,2.4158220085516247,2.5-3.0
3817,15.61550342297824,2.5993490759850095,26.745903957367243,1.4272572807527082,4.627806734471749e-05,0.0012377487445343874,2.5271025867473442,2.5-3.0
3818,48.0639233631933,0.6628629033374318,inf,inf,4.4191823496305253e-16,0.0011639837757682345,0.0,0.5-1.0
3819,18.327189681362977,0.9329516797980417,inf,inf,4.847408796247862e-16,0.0004834502283581863,1.4901161193847656e-08,0.5-1.0
3820,15.167321933679611,0.6118687336857904,inf,inf,5.417142471234863e-16,0.00037599589516866235,0.0,0.5-1.0
3821,70.22875432982269,2.276021950812999,75.17610555230027,1.8760798236263359,7.322855344430694e-05,0.00550503746317148,2.271287595433379,2.0-2.5
3822,42.95792096914103,1.3656228511041484,inf,inf,3.204571378659627e-16,0.0012248696666247358,0.0,1.0-1.5
3823,67.20561066574385,2.93759255044382,94.67649191873048,1.976242157489373,4.7920617970267056e-05,0.0045369560000025596,2.260307526927345,2.5-3.0
3824,46.997324481000746,1.0357881216172933,inf,inf,5.797041660640072e-16,0.0012407416072366686,0.0,1.0-1.5
3825,50.3980144090281,2.8912074185052616,72.80324185166988,1.8621507184194157,4.7732461739781694e-05,0.003475077956216906,2.3028151511823607,2.5-3.0
3826,31.06925066222317,2.391325279097079,31.12422332232634,1.4930985228014169,7.409310956809132e-05,0.0023060904888428688,2.1808935080384044,2.0-2.5
3827,42.631937880708634,2.4055132880735197,42.35650274182253,1.626920094432857,7.420354905897927e-05,0.003143002829169618,2.169333364192048,2.0-2.5
3828,48.08984576232316,2.0190227136009034,30.13940682342505,1.4791347006711035,0.0001067580240148712,0.003217623517449184,1.8407074783369026,2.0-2.5
3829,34.24019972683923,2.7117691334796823,54.74177971612409,1.7383189127001124,4.691005499542455e-05,0.0025679398970307973,2.4491965180371777,2.5-3.0
3830,82.6212457204054,1.0858207241014943,inf,inf,3.9234214596439867e-16,0.0022002780733550906,0.0,1.0-1.5
3831,24.627680740763967,2.6723302585155126,40.31397991254628,1.6054556750752915,4.6700614515210985e-05,0.0018826876354697828,2.477674180531584,2.5-3.0
3832,22.054030926701472,2.7021690256390243,35.48174903154303,1.5500050197286244,4.6846068259259266e-05,0.0016621804370895712,2.4562460275618374,2.5-3.0
3833,34.425003949221114,2.0160902993605374,21.608343071638025,1.3346214664467264,0.00010673429865892009,0.0023063513429326197,1.8430651208012763,2.0-2.5
3834,78.51822827839825,2.153354041646206,90.50112540000814,1.956653979779508,7.219654430677536e-05,0.006533868509754721,2.360120048572557,2.0-2.5
3835,84.75672955712773,1.0720116551780818,inf,inf,5.580581162681349e-16,0.0022498083558034534,0.0,1.0-1.5
3836,56.50205968080804,1.7282982388245332,41.40809171636115,1.6170852165890597,0.00010420357782680696,0.004314871307825399,2.068600734655496,1.5-2.0
3837,36.0686222760772,1.9672104275615327,23.204204724147225,1.3655666884700652,0.00010639033271313814,0.0024687030609457953,1.8822475310902085,1.5-2.0
3838,64.88096253912762,1.2903401192041053,inf,inf,3.196926766791666e-16,0.0018129407701809694,1.4901161193847656e-08,1.0-1.5
3839,82.64714863543071,0.6056509742693743,inf,inf,2.7094891544389686e-16,0.001969961073621649,0.0,0.5-1.0
3840,24.28873041561407,2.8740100303475864,35.43679576884717,1.5494544456410697,4.764802762683985e-05,0.0016884934238007114,2.3180811149049756,2.5-3.0
3841,66.75466081219483,2.514873327326093,62.442726932616324,1.7954818608530296,7.493682550284477e-05,0.004679259732071255,2.0772908807309385,2.5-3.0
3842,70.98733777956538,1.4128978047390062,inf,inf,9.309855035653756e-16,0.0020397633337872366,0.0,1.0-1.5
3843,39.02481980420016,1.8302367138046036,27.00299700075847,1.431411968183404,0.0001052287671613164,0.002841492084050538,1.990388270097247,1.5-2.0
3844,14.481333704299015,1.9777396768572606,9.275431721525912,0.9673341328329519,0.00010641640521292828,0.0009870581006027504,1.873827524855531,1.5-2.0
3845,60.74422461101998,2.8948996744716524,87.56865186728176,1.9423486637295198,4.774883719714169e-05,0.004181301301584014,2.299502750313777,2.5-3.0
3846,21.016920084167744,1.8961116741641941,14.039640674425547,1.147355992757379,0.00010579438252003616,0.0014853151159540349,1.9387412183680703,1.5-2.0
3847,36.80134595155844,2.3088252443021275,38.65404924355045,1.5871949955898303,7.347694477712626e-05,0.0028401814416806753,2.246232294156555,2.0-2.5
3848,54.45366714332008,2.5078726704227923,51.130434398334145,1.7086794824585547,7.48917489907682e-05,0.0038292476587489807,2.0833297457467177,2.5-3.0
3849,96.27001095982088,0.751246476983906,inf,inf,1.4308106811360017e-15,0.002372280260158364,0.0,0.5-1.0
3850,14.652311210795299,1.9546087109142947,9.497436460338328,0.9776063967235462,0.00010623977635122014,0.0010090055254562678,1.8923083626042887,1.5-2.0
3851,7.369345063724076,2.8248813272726547,11.133358777162517,1.0466262046160326,4.725351937506405e-05,0.0005260903846861884,2.3602272655336565,2.5-3.0
3852,53.886150395131516,2.5599739970604416,94.28037248812187,1.974421289690389,4.612432983179346e-05,0.004348618997306479,2.5520892063734832,2.5-3.0
3853,94.30858981455894,2.8048579276015455,142.89360461148482,2.1550127918133932,4.7360608738931584e-05,0.006767528099300123,2.376787326759549,2.5-3.0
3854,4.620021114467631,0.9057436964991215,inf,inf,2.5789539374219176e-16,0.0001615419841884565,0.0,0.5-1.0
3855,64.21177783146732,2.4441398347151995,62.42674752130272,1.7953707084640924,7.447719079775834e-05,0.00464936878602755,2.1374028300250316,2.0-2.5
3856,2.728379283911142,1.197533177953691,inf,inf,2.7956412339475917e-16,0.00013967333720421696,2.1073424255447017e-08,1.0-1.5
3857,55.10483735241623,2.6895735236351834,89.22183306474332,1.9504711415880132,4.680658992923634e-05,0.0041761697529962205,2.4653798427181197,2.5-3.0
3858,11.916399527413436,2.460718330751078,11.511882147241273,1.0611463348666323,7.448405541787015e-05,0.000857451667819109,2.123498805291997,2.0-2.5
3859,65.91215160406647,1.4375504354444155,inf,inf,3.50079881725916e-16,0.0019053092652414406,0.0,1.0-1.5
3860,36.09857667949179,1.9483146519161696,23.450348516413584,1.3701493015342803,0.0001062466856683782,0.002491521807637313,1.897326270914904,1.5-2.0
3861,65.45699144923408,1.673623812060243,49.527548751262906,1.694846834137435,0.00010359961282838112,0.005131034874969608,2.1095260289373425,1.5-2.0
3862,25.82487598348171,2.8534161565733336,38.10572365338778,1.580990213586058,4.756144140808919e-05,0.001812363142853441,2.336011459756392,2.5-3.0
3863,7.4914549228967235,1.8846527168289033,5.063727836900827,0.7044703553606919,0.00010539702129071086,0.0005337018306362017,1.9477783820080217,1.5-2.0
3864,18.188344897489607,0.6938727503045612,inf,inf,4.495852583937887e-16,0.00045420092752252486,1.4901161193847656e-08,0.5-1.0
3865,27.39155404426652,1.8386114138289442,18.871425679062778,1.2758047110372863,0.00010529322571484938,0.001987033283586562,1.9838655484507832,1.5-2.0
3866,16.476770898340977,0.5480036782090996,inf,inf,9.661499338410102e-16,0.00040015556156019734,0.0,0.5-1.0
3867,19.843409590049642,0.8401004400746999,inf,inf,6.474912106984142e-16,0.0005103475210448955,0.0,0.5-1.0
3868,54.41805459251581,1.7271490756137335,39.90786304385811,1.6010584731333644,0.0001041904870965975,0.004158019689523879,2.0694687979530775,1.5-2.0
3869,43.764188504137415,1.6536714488532505,33.51493727587619,1.525238410936478,0.00010336018168663224,0.003464110006050647,2.124261582032144,1.5-2.0
3870,82.53004871207054,0.672445526819879,inf,inf,6.47664990123817e-16,0.001997755388700268,0.0,0.5-1.0
3871,49.76299891682841,1.3513086940292496,inf,inf,2.880356051910619e-16,0.001412408505883833,0.0,1.0-1.5
3872,53.9508578243729,1.217573709411003,inf,inf,3.691670519920555e-16,0.0014838716447025395,0.0,1.0-1.5
3873,71.01272087358151,1.2167195698982138,inf,inf,1.2434268175434364e-15,0.0019501138757835675,0.0,1.0-1.5
3874,85.34139991315914,1.6076009821657404,67.17483005005111,1.8272065763568865,0.00010282672308798415,0.006907367648039003,2.1578521987007004,1.5-2.0
3875,58.470154368818484,0.5863900898719425,inf,inf,4.343616558047847e-16,0.001389392177473245,0.0,0.5-1.0
3876,3.682215324884397,0.5815565048912683,inf,inf,2.5406080926028403e-16,0.0001345528325878043,2.1073424255447017e-08,0.5-1.0
3877,45.92131015118227,1.0875419269304272,inf,inf,4.017200105493996e-16,0.0012271551335437095,0.0,1.0-1.5
3878,3.22698244928753,2.2908099747365407,3.639574461203889,0.5610506089362807,7.114476904530088e-05,0.00025893668446552606,2.260059049407075,2.0-2.5
3879,60.48793862277889,2.841738145491959,89.7853437299037,1.9532054496215128,4.7523092244612684e-05,0.004266877172290471,2.3460098662237305,2.5-3.0
3880,6.504765168895399,2.3881622697785034,6.602174457216027,0.8196869960326468,7.365278239852497e-05,0.0004862685186544317,2.1834580681364555,2.0-2.5
3881,53.960906723446946,0.69199512054383,inf,inf,5.393259381193109e-16,0.0013145194341226605,0.0,0.5-1.0
3882,14.992114277972767,2.5622937712467397,26.27185873322316,1.4194908001947286,4.606817912520007e-05,0.0012102966940740762,2.5506486004458817,2.5-3.0
3883,85.55241165827788,2.5492607044077418,150.64347084110847,2.1779503133135467,4.606884422813209e-05,0.006939970592164184,2.558692050225326,2.5-3.0
3884,9.429814484659016,2.610320918259487,16.121984103147142,1.2074184885871333,4.622566015356375e-05,0.0007452493581532371,2.5199344393825496,2.5-3.0
3885,65.94207178014577,2.3181797603198158,68.86468156154753,1.8379965435971688,7.356058192290867e-05,0.005065726049603235,2.238989201253302,2.0-2.5
3886,70.38071964624454,1.1524687568676415,inf,inf,3.350050903989817e-16,0.0019043571147428604,0.0,1.0-1.5
3887,27.518759363755553,1.73748103023887,20.071703155678655,1.3025842254884974,0.00010427367072513839,0.002092950165747957,2.0616524986648894,1.5-2.0
3888,59.27737226399743,1.6000165837060782,46.879591671749054,1.6709838202566534,0.00010272916923368468,0.004815901506453143,2.1633219590566077,1.5-2.0
3889,32.991845227217084,0.5870039272825718,inf,inf,3.2074133017670067e-16,0.0007886424522618431,1.4901161193847656e-08,0.5-1.0
3890,25.89511152152404,1.851316060455749,17.71766489491495,1.2484064833479558,0.00010540840787098067,0.001867590847764551,1.9739452424842199,1.5-2.0
3891,25.96541082045971,1.1620615443209514,inf,inf,8.647293349810298e-16,0.0007125062685509101,0.0,1.0-1.5
3892,1.5845952055124957,2.8811207710961884,2.7338243863674316,0.4367706132013912,4.375926334920654e-05,0.00011963014127353541,2.3118013381972706,2.5-3.0
3893,67.29359885627892,2.1661706983660265,76.95909335464908,1.886259942691499,7.230713894992334e-05,0.005564691856654733,2.351202678440624,2.0-2.5
3894,7.183454121468225,2.5244663458793704,6.729773839238328,0.8280004695700103,7.474600921006134e-05,0.0005030237373693379,2.068985484004933,2.5-3.0
3895,19.701054006003915,0.5809621555792996,inf,inf,6.498126116796931e-16,0.00047741230310365456,1.4901161193847656e-08,0.5-1.0
3896,8.694838981058117,2.280032869242537,9.36069181205932,0.9713079469279616,7.296525984392114e-05,0.0006830053103857733,2.2682529707322914,2.0-2.5
3897,80.42797520851164,2.507545279922895,75.52792154658067,1.8781075335086204,7.489216038658891e-05,0.005656449214132224,2.083611695084394,2.5-3.0
3898,52.948299041397284,1.653926700384815,40.5376497163749,1.6078585656495867,0.00010336872578195514,0.004190325197376909,2.124073770528047,1.5-2.0
3899,46.73562654271453,1.131019175830772,inf,inf,9.086774982014357e-16,0.0012613262266645718,2.1073424255447017e-08,1.0-1.5
3900,58.332142805790475,1.717116008410396,43.026807771769256,1.6337391262700358,0.00010408293731356202,0.004478356536111743,2.0770336600464416,1.5-2.0
3901,80.8271995305999,1.8751016323884777,54.56603136428245,1.736922368310007,0.00010564974908260773,0.005764887522070145,1.9552946589965208,1.5-2.0
3902,62.408554499555436,1.5846205368909903,49.820927370776815,1.6974118072683841,0.00010254142012698255,0.00510870864464271,2.1743715026340142,1.5-2.0
3903,51.32767898005811,1.2954930329539225,inf,inf,3.308101234154709e-16,0.0014378371811132982,2.580956827951785e-08,1.0-1.5
3904,31.316624742457687,2.171742247124527,35.71395711936441,1.5528379728444879,7.233413932902975e-05,0.002583338350263099,2.347299539826851,2.0-2.5
3905,51.6747398553277,2.7291719887219803,81.76326283668196,1.912558214049101,4.700168824405877e-05,0.0038430113896667614,2.436221588604294,2.5-3.0
3906,98.7237664603248,1.1710451421645993,inf,inf,1.0260161269646326e-15,0.00268025616578994,0.0,1.0-1.5
3907,56.98753627147669,2.7061542132699805,91.37925140098861,1.9608475958979363,4.688957930607346e-05,0.00428473465549628,2.453328907707076,2.5-3.0
3908,47.71938954656626,0.6372983373346581,inf,inf,4.737607009339052e-16,0.0011489049045112054,0.0,0.5-1.0
3909,88.82913961655498,2.21989013288614,98.31983946986217,1.9926411607916406,7.276927120590739e-05,0.007154663063303679,2.3128986012133104,2.0-2.5
3910,5.453529088321374,1.3609832934877488,inf,inf,2.6600354098770452e-16,0.00019734510306278352,2.1073424255447017e-08,1.0-1.5
3911,6.32739249270039,1.811959826592962,4.472611405504154,0.6505611669460925,0.00010446628760417114,0.0004672371094290931,2.0045758502386475,1.5-2.0
3912,78.93788110144403,1.3866487970055563,inf,inf,3.476574339647942e-16,0.002253708867113464,2.1073424255447017e-08,1.0-1.5
3913,94.2147256554963,0.7011951269615536,inf,inf,1.40010636299139e-15,0.0022950571578457145,0.0,0.5-1.0
3914,5.089000893327644,0.9152824109480324,inf,inf,7.387941479680493e-16,0.00017084353765761475,0.0,0.5-1.0
3915,2.4053777925840847,2.9673233518691924,3.5336295592932436,0.5482210191981078,4.666846998148682e-05,0.00016490908501357125,2.2320424395403635,2.5-3.0
3916,0.9755680524728305,1.540074430660095,2.2922299014789624,0.36025817347707284,6.0266542288702864e-05,0.0001381447702929111,2.205924242851357,1.5-2.0
3917,57.69677812972963,2.8756005913607594,84.05772395612162,1.9245776263703538,4.7668161854408604e-05,0.004006877190653605,2.3166803865190717,2.5-3.0
3918,13.777394136998144,1.7992163171433555,9.719665346589002,0.9876513121863822,0.0001048166379540212,0.0010187826436676654,2.0144280610848977,1.5-2.0
3919,56.13408698247362,2.7472676139435563,87.89451093936482,1.9439617539909493,4.708972424732429e-05,0.004138928282988118,2.422459602286768,2.5-3.0
3920,66.37941537769886,1.6121598784829232,52.1083542704421,1.7169073571323683,0.0001028785139835666,0.00536083005347232,2.1545560555884244,1.5-2.0
3921,1.554690756039867,2.978278259185954,2.4764208939787724,0.3938244595717693,4.472686937966332e-05,0.00011076255385405762,2.2214281798841404,2.5-3.0
3922,87.01160709483572,1.6937936276526457,65.05502430758901,1.8132808434771324,0.00010383043203885124,0.006754691280154936,2.094519406751737,1.5-2.0
3923,25.25725944937237,1.1466071960222162,inf,inf,1.0036419119649024e-15,0.0006911362824722012,0.0,1.0-1.5
3924,55.39796335847562,0.9396051465649065,inf,inf,4.614442247769894e-16,0.001428706231666744,2.1073424255447017e-08,0.5-1.0
3925,35.369743910031815,0.6797240766659614,inf,inf,1.0422319991000736e-15,0.0008628312300720793,0.0,0.5-1.0
3926,34.326699475507226,0.7749459013692626,inf,inf,5.864372975576132e-16,0.0008563936470319815,1.4901161193847656e-08,0.5-1.0
3927,40.33558762089984,2.2052472811903785,45.0569253027928,1.653761552021833,7.263325266760779e-05,0.00327263103994328,2.3234876961892827,2.0-2.5
3928,0.37109960249918084,1.4069078771884644,inf,inf,8.218368731005866e-17,0.00012448212044994787,0.0,1.0-1.5
3929,42.87834157835575,2.684314558072127,69.64896957243785,1.8429146956011226,4.6777130630387654e-05,0.00325797894796182,2.4691550325739424,2.5-3.0
3930,26.501684141190584,0.994678990846068,inf,inf,9.139590313483877e-16,0.0006992698689353366,2.1073424255447017e-08,0.5-1.0
3931,35.740771741528434,2.8348668958992507,53.26699636735009,1.7264582083699063,4.7487594101537566e-05,0.002529521502500797,2.351835825737961,2.5-3.0
3932,16.289920320668493,0.9755531651104603,inf,inf,8.075929229099687e-16,0.0004369961760888465,1.4901161193847656e-08,0.5-1.0
3933,33.48700580425255,1.175048581725533,inf,inf,5.880917941841333e-16,0.0009166767612813818,0.0,1.0-1.5
3934,69.94336101038084,1.3496263736283485,inf,inf,5.43595240277119e-16,0.001980724980539909,2.1073424255447017e-08,1.0-1.5
3935,98.37797851519285,1.1569026396674773,inf,inf,4.2632215185462165e-16,0.002662177955035076,0.0,1.0-1.5
3936,19.712893848387758,1.537509547869042,16.231745844381376,1.2103652339238322,0.00010185352255070685,0.0016532604913980407,2.2077216671969104,1.5-2.0
3937,86.66864638336286,2.506999568089892,81.41167422100656,1.9106866860468223,7.488903640873682e-05,0.006096841834833181,2.0840815708805693,2.5-3.0
3938,61.475657205298425,0.6781223679228425,inf,inf,6.034097217366059e-16,0.001491696576026669,0.0,0.5-1.0
3939,10.100435735946201,1.1101316165175066,inf,inf,4.001819284721105e-16,0.0002939068018236085,0.0,1.0-1.5
3940,1.469417185273314,0.6328401499888177,inf,inf,3.1672132121293493e-16,0.00010953501414759867,0.0,0.5-1.0
3941,88.40237771556801,2.4381452428605748,86.22674143642824,1.9356419741451893,7.443819725201059e-05,0.006418563187442961,2.1424013216955817,2.0-2.5
3942,23.406103812671162,0.7992872710195802,inf,inf,4.852737122525834e-16,0.0005925042934338717,0.0,0.5-1.0
3943,10.624297521685211,1.7740028891838038,7.617347164166257,0.8818037492189496,0.00010446107069437879,0.0007957162406195972,2.0338191335890996,1.5-2.0
3944,65.5562772367423,2.6707635778614947,107.31778263179379,2.03067169082878,4.6712848530216464e-05,0.005013119324677679,2.478779298403814,2.5-3.0
3945,70.66037821694242,1.2898257783867646,inf,inf,3.0475890761348005e-16,0.0019735110403061805,0.0,1.0-1.5
3946,89.50667256213184,0.7891479050106691,inf,inf,8.376380604779184e-16,0.0022253597860085036,0.0,0.5-1.0
3947,50.03181187166103,1.16612547426226,inf,inf,7.197683648696383e-16,0.0013605380779727696,0.0,1.0-1.5
3948,31.19633916642418,2.8491926577656153,46.13017025529241,1.6639850574870345,4.754786029441948e-05,0.0021933908906564287,2.3396416149092207,2.5-3.0
3949,31.825332624244073,0.7376346135105554,inf,inf,8.145221184782233e-16,0.0007881836998341,0.0,0.5-1.0
3950,20.47592500776667,2.659937893557653,33.780066680090215,1.5286605025104976,4.662618107791795e-05,0.001575035505850029,2.4863618236359937,2.5-3.0
3951,63.52358690402814,0.8014134521421813,inf,inf,7.614436771289821e-16,0.001585656183559335,1.4901161193847656e-08,0.5-1.0
3952,94.22723380085196,0.9086791110593566,inf,inf,1.2805304182023815e-15,0.0024080160441111564,0.0,0.5-1.0
3953,8.468312309995408,2.430333666720915,8.347453067083647,0.9215539859457684,7.415431689699868e-05,0.0006189996800193443,2.148891389124512,2.0-2.5
3954,38.663664770862994,2.0988388846685964,46.115631007309496,1.6638481555329974,7.16940587644918e-05,0.003306216759399667,2.3970939787758754,2.0-2.5
3955,35.18206253675717,1.301856244219044,inf,inf,3.902754473562525e-16,0.0009909288718354062,1.4901161193847656e-08,1.0-1.5
3956,8.020136807894996,2.2552166645025307,8.778857089071343,0.9434379792069534,7.269643037352383e-05,0.0006381915731347909,2.2868981426029746,2.0-2.5
3957,59.48208740284089,0.8699027344834673,inf,inf,5.737444445775943e-16,0.0015089331903472593,0.0,0.5-1.0
3958,98.30075513888853,2.703092019980983,157.88783625104566,2.1983486730574793,4.6877161050702836e-05,0.007401333527887265,2.4555715721062716,2.5-3.0
3959,27.667902796153033,1.9393081103208074,18.06055557567332,1.2567311058743864,0.00010616811398529881,0.0019174551229959088,1.904498101766623,1.5-2.0
3960,72.7111987720542,2.8654381536811417,106.52017882008003,2.0274318868366445,4.762619888457826e-05,0.005073151221705973,2.325590697539775,2.5-3.0
3961,90.05790549712948,1.989992070011796,57.262383231582916,1.7578694191795838,0.00010656368149619847,0.0061020903684036575,1.8640147804703049,1.5-2.0
3962,27.064996396766993,1.9296492790817414,17.756656158404834,1.2493611850528819,0.00010608990961411585,0.0018838020468941023,1.9121776521701626,1.5-2.0
3963,91.89850075963871,2.644889356401187,152.751367764127,2.1839851076854817,4.6581547682601866e-05,0.0071153951210873355,2.49674728006194,2.5-3.0
3964,74.83721822562353,1.9571791386868855,48.386370642142886,1.6847230478328896,0.0001063230004458458,0.005144584107357418,1.8902577220214234,1.5-2.0
3965,64.56446232578479,0.7168297647026027,inf,inf,1.928995253088822e-16,0.0015803475957883244,0.0,0.5-1.0
3966,19.41373766127151,2.0295694080426925,24.23489763958051,1.3844411897423254,7.098678240701358e-05,0.0017203574053971486,2.441848889995649,2.0-2.5
3967,27.74010553376248,1.2339487744087343,inf,inf,7.491565181117093e-16,0.000772648632050694,0.0,1.0-1.5
3968,10.155363354384306,2.0947376385990926,12.23583702872512,1.087633683906239,7.138672596975145e-05,0.0008734763449801379,2.399813013542819,2.0-2.5
3969,89.57226752233582,2.9951951517327102,122.40225381036801,2.087789414610151,4.813779158244396e-05,0.005892174183144902,2.2048280487795506,2.5-3.0
3970,80.8953234142051,2.025060418005122,101.04506360374799,2.0045151016017524,7.102502453455781e-05,0.007176728121552155,2.4446763687353146,2.0-2.5
3971,8.658972315979184,2.5844245886905863,15.063764816038631,1.1779335266120352,4.6046453588071806e-05,0.0006936329474633518,2.5367080082631173,2.5-3.0
3972,53.101481532145456,1.385731413191428,inf,inf,7.31122437359478e-16,0.0015184964720756646,0.0,1.0-1.5
3973,21.309928731574278,0.5292702663959656,inf,inf,1.0221553754286215e-15,0.0005085609696107577,0.0,0.5-1.0
3974,76.5623572181272,0.6170244915846965,inf,inf,3.7249796141978023e-16,0.001830138401659533,0.0,0.5-1.0
3975,57.313979940035786,0.5457787866127096,inf,inf,3.430611725945447e-16,0.0013493561186284856,0.0,0.5-1.0
3976,94.53842332453807,1.0446971201325521,inf,inf,6.253014743542382e-16,0.0024930407429154203,2.1073424255447017e-08,1.0-1.5
3977,72.71384380162883,1.1767522321953043,inf,inf,2.857155421888077e-16,0.0019783149719241164,0.0,1.0-1.5
3978,10.068704108669369,1.303727275073325,inf,inf,1.5877638789197882e-16,0.00030652884299869757,2.1073424255447017e-08,1.0-1.5
3979,37.27808579213308,2.1358860003089633,43.45152563819159,1.6380050296826347,7.202637182714861e-05,0.003129655742073268,2.3721359504959265,2.0-2.5
3980,57.62739274131526,2.372253149327002,58.33744501377224,1.765947404547139,7.396750526532581e-05,0.004315075271221853,2.196286616884941,2.0-2.5
3981,91.18383778807308,2.4219201992034214,89.74684638060143,1.9530191968206547,7.432638727638801e-05,0.006670558860919083,2.155851492572712,2.0-2.5
3982,37.09475211980171,2.3799281000705546,37.39601052804932,1.5728252733750976,7.401583989047184e-05,0.0027678971277864976,2.1901125570231326,2.0-2.5
3983,18.789273141623198,2.637368029314253,31.42632708013445,1.4972936262596743,4.650152069633979e-05,0.0014613719991268157,2.5018711494892747,2.5-3.0
3984,28.331180874216233,2.3028939924933365,29.869885689690967,1.475233560587676,7.341938655302824e-05,0.002193028683746188,2.2508023700131594,2.0-2.5
3985,24.81647162292725,1.647600626841629,19.087600635333164,1.2807513397962216,0.00010325167187023839,0.0019708266775895736,2.1287230039803156,1.5-2.0
3986,15.449131124548243,1.5330252035299983,12.77366137727441,1.1063153990671188,0.00010172777557536296,0.0012994361578630529,2.210859071370374,1.5-2.0
3987,34.390179614915404,0.7037212855290691,inf,inf,6.968974849074406e-16,0.0008439568626256338,0.0,0.5-1.0
3988,24.9002401350254,0.5333637960623834,inf,inf,5.132167704553922e-16,0.0005916413534018941,1.4901161193847656e-08,0.5-1.0
3989,51.04653778756276,2.6426531182408337,84.97560201132818,1.9292942500338175,4.6565971323575295e-05,0.003956971446463055,2.4982753351250695,2.5-3.0
3990,89.4256112295838,0.8717023290006366,inf,inf,1.2863612947802589e-15,0.002266141121463017,0.0,0.5-1.0
3991,95.43246758963961,2.6607625809220194,157.13924260603764,2.1962846555620184,4.666352642066436e-05,0.007332671199070024,2.4857874915030473,2.5-3.0
3992,15.94190367149979,1.49861060331077,inf,inf,3.0394784667898974e-16,0.0004832672575124531,0.0,1.0-1.5
3993,56.943153352871455,0.6498017453253014,inf,inf,9.880777204942276e-16,0.0013732701521701753,0.0,0.5-1.0
3994,67.38510534605892,2.572505653320434,116.99231487906528,2.0681573342655253,4.619495306783683e-05,0.005404454495136009,2.5442604866051903,2.5-3.0
3995,15.251521040553573,2.2861035577325812,16.269765723290202,1.2113812993526645,7.321761184718717e-05,0.0011912333915725325,2.2636445457683134,2.0-2.5
3996,53.17994302782276,2.994149365631495,72.71590641008434,1.8616294220077438,4.813241679514675e-05,0.003499992314967063,2.205861585428731,2.5-3.0
3997,20.005353669093207,1.854582993704657,13.668767908597104,1.1357293693876422,0.00010541793394240587,0.0014409332724625668,1.971389505963066,1.5-2.0
3998,36.40719561087822,2.8252082461496366,54.55294728528515,1.7368182188136156,4.744505433433542e-05,0.00258826754804849,2.359953942538237,2.5-3.0
3999,32.39408520583568,1.7657682163616977,23.243094330428058,1.3662939447670608,0.0001045818670292889,0.0024308062006140455,2.0401217896139103,1.5-2.0
4000,81.49502264579262,1.1538361776998212,inf,inf,4.140511094866069e-16,0.0022047262147439034,0.0,1.0-1.5
4001,23.411136899415453,1.5026948210811846,inf,inf,3.037915704338101e-16,0.0006971492257945825,0.0,1.5-2.0
4002,54.009925193794416,2.1498173143612593,62.39682570101085,1.7951624964836996,7.21604099901878e-05,0.00450258052467123,2.3625657210494877,2.0-2.5
4003,58.55915875152725,2.7245450448176527,92.90047230558571,1.968017921950458,4.6980227018505754e-05,0.004364485279042823,2.439696029304417,2.5-3.0
4004,32.987185782553155,2.540308578690598,58.43840138510294,1.766698327058213,4.600573329189144e-05,0.002688501508127545,2.5641466100216634,2.5-3.0
4005,92.94325171827673,2.82650841704841,139.12587805389822,2.143407918279041,4.745768345554006e-05,0.006602591881155969,2.358865984194554,2.5-3.0
4006,33.21364425853686,1.8426201502380817,22.828278924735468,1.3584731702871815,0.00010533986475958352,0.002404727814625685,1.980738597982023,1.5-2.0
4007,32.61908424517016,1.6521396056674447,25.009626867612738,1.3981072123004485,0.00010332820262931265,0.0025841997926601907,2.125388310787297,1.5-2.0
4008,69.26078114079188,1.8134781848849104,48.36214126594097,1.684505521291201,0.00010507824434774576,0.0050818088971227434,2.003399756423679,1.5-2.0
4009,48.77474836640584,2.8330112639680527,72.7559732195652,1.8618686544250236,4.7483222864959945e-05,0.003454688091141672,2.3534019400132973,2.5-3.0
4010,72.47974338012386,1.4155760095613885,inf,inf,3.0931901634691856e-16,0.0020837773727750814,0.0,1.0-1.5
4011,15.287755335983345,0.6508378071320347,inf,inf,1.1835716200590262e-15,0.0003821809954315557,0.0,0.5-1.0
4012,14.8085006084119,1.4798845061777064,inf,inf,6.440093993562864e-16,0.00044940603332308427,0.0,1.0-1.5
4013,73.6051562461414,2.1243584183807713,86.37292822273938,1.9363776433377053,7.193867702369661e-05,0.006213554187006578,2.379978477979394,2.0-2.5
4014,38.85425050903222,2.5821364273437486,67.08586933040004,1.826631051940837,4.624002885708653e-05,0.0031020525337404343,2.5381660285326157,2.5-3.0
4015,85.71331516338341,2.8574073434885676,126.1221914482444,2.100791508266887,4.759238038464519e-05,0.006002455310349892,2.3325662687198414,2.5-3.0
4016,23.349610950327282,2.218804247795724,25.89165407174351,1.4131597959460573,7.271740959728047e-05,0.0018827740142860674,2.313687665506219,2.0-2.5
4017,24.023915888978042,2.533270214444249,42.770346868886755,1.6311427724132899,4.595224837238186e-05,0.001965393602292009,2.5683953231683088,2.5-3.0
4018,86.32515952849428,2.5310082952916666,153.71376385976643,2.1867127568993294,4.596751552100047e-05,0.0070658398260152145,2.5697533450908354,2.5-3.0
4019,36.170260999724604,2.5220299157054953,33.71066270407562,1.5277672902217787,7.497393402212871e-05,0.0025274210014176006,2.071098173806975,2.5-3.0
4020,10.980526173383554,1.9985449204522951,6.964468940865321,0.8428880059222457,0.00010652723213357391,0.0007419055995506257,1.857156086770273,1.5-2.0
4021,22.030008364278675,2.862213966717956,32.355949879805074,1.5099541540114925,4.759392832366072e-05,0.0015399467594234013,2.3283981980197748,2.5-3.0
4022,76.95609058156603,2.728718072416828,121.78328377803427,2.0855876802411903,4.7002146271620984e-05,0.005724075717573494,2.436563237825874,2.5-3.0
4023,26.545031723393432,0.5193454722075124,inf,inf,2.8342480837922226e-16,0.0006275747944123675,0.0,0.5-1.0
4024,55.57833504704094,0.8033535047197569,inf,inf,9.718687118972744e-16,0.0013889339746284274,0.0,0.5-1.0
4025,83.46133476755327,2.980686078823275,114.9209071782716,2.060399045626231,4.808477973639753e-05,0.005525946508774176,2.219080917183689,2.5-3.0
4026,61.042278931019744,2.1659244900450405,69.82290698640031,1.8439979261434598,7.230370281514446e-05,0.005048454716434162,2.3513747867087043,2.0-2.5
4027,75.26904386990678,0.8502033136994811,inf,inf,9.913593614986899e-16,0.0018988658356141172,1.4901161193847656e-08,0.5-1.0
4028,97.6939156047265,2.7773487671507193,150.34414559032746,2.1770865213137016,4.7234315861989595e-05,0.007101402860814478,2.398962871253575,2.5-3.0
4029,29.92110710726368,0.7231011036201186,inf,inf,4.50050399138549e-16,0.0007394220446868899,0.0,0.5-1.0
4030,87.62117156032527,1.8443935777015168,60.14631062146605,1.7792089928416188,0.00010537268606376059,0.006337778307009171,1.9793543062358754,1.5-2.0
4031,55.10619937546779,1.4689763069996804,inf,inf,3.247105004167178e-16,0.0016060299686665132,0.0,1.0-1.5
4032,20.14153498976815,1.221075882003339,inf,inf,3.460171748498569e-16,0.0005652748093202489,0.0,1.0-1.5
4033,13.1992461591253,1.0979200525460389,inf,inf,2.5138588486163767e-16,0.00037046832505192607,0.0,1.0-1.5
4034,32.789521168970005,0.7167948564086883,inf,inf,6.962242164997439e-16,0.0008077383971176531,0.0,0.5-1.0
4035,13.765861721549133,1.4429199068741556,inf,inf,5.808173190718966e-16,0.0004167704777170038,1.4901161193847656e-08,1.0-1.5
4036,77.17257722617775,0.7505379673604426,inf,inf,1.00030017048936e-15,0.0019024386122621791,0.0,0.5-1.0
4037,55.74369871482514,2.0604846403905532,68.0903970436876,1.833085866611591,7.135174880351582e-05,0.004858368905792854,2.4221811052954583,2.0-2.5
4038,4.423379275840478,1.3037571785736255,inf,inf,4.1000688042157516e-16,0.00017312152932063142,0.0,1.0-1.5
4039,87.82978898419354,2.4172925311369475,86.67010029684104,1.9378692991407536,7.429391758350084e-05,0.00643906128840726,2.159666365961872,2.0-2.5
4040,59.6002899530684,2.843813696418271,88.3661881229538,1.946286121114639,4.753206925850624e-05,0.004200227773970432,2.344241759070495,2.5-3.0
4041,44.28730522463766,2.7174149534721885,70.5588510724863,1.8485515004550879,4.694244423561027e-05,0.0033122049317989184,2.4450149573590716,2.5-3.0
4042,14.093804534742471,2.348779356428153,14.497511208246106,1.161293453180043,7.369892402707438e-05,0.001068450977118189,2.214997115100564,2.0-2.5
4043,46.98501907047152,2.451197246549561,45.50498375228627,1.6580589636370737,7.452160755964296e-05,0.0033911045411958067,2.1314982608531623,2.0-2.5
4044,91.73266373084768,0.7301056688239128,inf,inf,9.116935485846283e-16,0.002249692887336346,0.0,0.5-1.0
4045,58.44213973115138,2.9306774290945903,82.63826335639841,1.9171811819063118,4.789288610810638e-05,0.00395778493509969,2.266767803966802,2.5-3.0
4046,45.9215843776585,1.9403785133623508,29.952132437889205,1.4764277473610734,0.00010618905269659287,0.0031805885698223454,1.9036462909077838,1.5-2.0
4047,60.80952541385971,1.8578209695041017,41.43957523794536,1.6174152951743899,0.0001054928509678316,0.004371578934746815,1.968854531243627,1.5-2.0
4048,55.056042538797136,2.1851290165546926,62.2438398314687,1.7940963764973692,7.246849886146071e-05,0.004510717635959732,2.3378555026397394,2.0-2.5
4049,62.36330282487005,0.968517079777452,inf,inf,5.645470579966772e-16,0.001618078090014213,1.4901161193847656e-08,0.5-1.0
4050,19.897243645800312,1.6749227244813825,15.06510729423249,1.1779722290812098,0.00010354022256846657,0.0015598445622626612,2.1085629273756794,1.5-2.0
4051,14.867055271411012,0.8047725430901926,inf,inf,6.25850706148469e-16,0.0003859330907509838,0.0,0.5-1.0
4052,1.2520992239742235,2.7968524213177792,2.6359215224217176,0.4209324761471041,4.023897993631164e-05,0.00010606679325441952,2.383309095232188,2.5-3.0
4053,83.18395881746225,1.7495356632056163,60.21626797533413,1.7797138357342999,0.00010443421616259506,0.006288638746240795,2.0525002408909048,1.5-2.0
4054,0.32392922764266086,0.8311763817266076,inf,inf,3.357588637638645e-17,0.00010889057873026674,0.0,0.5-1.0
4055,25.613750132190592,2.9245222513607185,36.354086164443025,1.5605532322221385,4.7858053932234094e-05,0.0017398358163149997,2.2724818425714357,2.5-3.0
4056,58.533858909078006,1.9518873528116925,37.949753608919764,1.5792089605573514,0.0001062810658355796,0.004033340261753626,1.8944785460764364,1.5-2.0
4057,49.98003665157492,2.387945187806449,50.148885384542076,1.7002612847797212,7.408017486258132e-05,0.0037150381984504257,2.1836339080433604,2.0-2.5
4058,90.14743567289216,2.5079307986725476,84.6366974342856,1.9275587086366588,7.489499453320868e-05,0.006338864991649657,2.0832796812398873,2.5-3.0
4059,21.320487035931933,2.239894408979592,23.348903543004838,1.368266491051886,7.28857295539753e-05,0.0017018018690173062,2.2982538922347073,2.0-2.5
4060,11.399271986710712,1.609113449067337,9.013372256323343,0.9548873079940869,0.00010256573587978506,0.0009244631582282424,2.1567593556362894,1.5-2.0
4061,16.041583797628768,1.2010358010339977,inf,inf,4.1296696204916455e-16,0.00045380162681231596,0.0,1.0-1.5
4062,49.783930195669704,0.6288493394489992,inf,inf,5.335778444703013e-16,0.0011958781816338287,0.0,0.5-1.0
4063,29.123404900600715,2.0599063746853608,35.6136605630666,1.551616615084968,7.131962944266681e-05,0.0025399530744548266,2.4225535120493533,2.0-2.5
4064,45.53964447941665,0.7752608822341579,inf,inf,4.826289525929356e-16,0.001132370976928296,0.0,0.5-1.0
4065,68.78678105570806,1.423148531339342,inf,inf,6.200484446913173e-16,0.0019814551181716574,0.0,1.0-1.5
4066,32.13793023168977,2.7239616149228967,51.02127821810925,1.7077513346367232,4.6968534059399516e-05,0.002396394643741363,2.4401328582886115,2.5-3.0
4067,66.51399214502683,2.760176743627948,103.37422697737948,2.014412274959987,4.715228243601753e-05,0.00487433074704238,2.412471540901323,2.5-3.0
4068,1.9646121450368481,2.5551060960523673,4.153118762888627,0.6183743504042951,4.1999686745161344e-05,0.00017442968705677435,2.55509961407584,2.5-3.0
4069,54.61750807074367,0.9830433751742966,inf,inf,3.9477161986297797e-16,0.0014229031764545533,2.580956827951785e-08,0.5-1.0
4070,90.73252501411567,2.853834305230655,133.77058401052685,2.1263606230997363,4.757715279827687e-05,0.006364423515383568,2.3356511846470474,2.5-3.0
4071,93.41581049438,0.850176281192231,inf,inf,6.427283504784398e-16,0.002355288555272642,2.9802322387695312e-08,0.5-1.0
4072,57.178918970886926,2.795983466173499,87.07854226177012,1.939911150123669,4.731799334724536e-05,0.004120381883430263,2.384013609052901,2.5-3.0
4073,98.3087280759777,2.371933928941175,99.52812809027516,1.9979458360023972,7.396888278843237e-05,0.007361984440861647,2.1965428127054256,2.0-2.5
4074,23.53953700410849,2.9269946570323726,33.36897425675047,1.5233428568951324,4.786556112645411e-05,0.0015972246770135632,2.2701907415851648,2.5-3.0
4075,29.761495853652107,2.960447002012349,41.43221033056226,1.6173381027108105,4.8001570410820455e-05,0.001988811161458407,2.2386502534448525,2.5-3.0
4076,44.80941550134164,1.8126615499802672,31.30687889697777,1.4956397732897304,0.00010506365481502193,0.003289215117767767,2.0040323657835177,1.5-2.0
4077,50.89059398576278,1.2804449570988634,inf,inf,2.343264210240622e-16,0.0014207344872880635,0.0,1.0-1.5
4078,81.94701802233546,2.7957871445699327,124.80260727459533,2.0962236583683738,4.731888565791592e-05,0.005905520303436362,2.3841726869150985,2.5-3.0
4079,44.73899969246562,1.283766463225307,inf,inf,4.2710175140322717e-16,0.0012512759021434021,0.0,1.0-1.5
4080,4.805149365544792,1.331696295533353,inf,inf,4.340794456224702e-16,0.00018207626757026064,0.0,1.0-1.5
4081,69.98755139321162,1.9224449265223456,46.07480626140674,1.6634635177428991,0.000106049953037998,0.004886231040257041,1.917897498649174,1.5-2.0
4082,22.26683927803267,0.8544263505590434,inf,inf,1.280960517222372e-15,0.0005718784092372381,0.0,0.5-1.0
4083,88.23169845038838,1.6401980074283435,68.09741128884829,1.833130602597991,0.00010321597325913361,0.007028740582605988,2.1341489654385195,1.5-2.0
4084,21.199163364089003,0.8442943425724045,inf,inf,1.5157747483599446e-16,0.0005442060543311028,0.0,0.5-1.0
4085,29.573972263280403,1.632735568849914,22.94357850362952,1.3606611556391501,0.0001030922741636981,0.0023653056853925047,2.139602825141436,1.5-2.0
4086,13.723104430205858,2.768204220849416,21.285714578527266,1.3280882343723086,4.7128852237390935e-05,0.0010031712971386895,2.4061883166807263,2.5-3.0
4087,30.25689215110142,2.8006143972544253,45.97559203398366,1.6625273304155361,4.733025596785201e-05,0.0021760365392419845,2.380251384689469,2.5-3.0
4088,60.09555050886419,2.895829129918697,86.58993429243833,1.9374674100852036,4.775260990210759e-05,0.004134895353715936,2.2986669757409004,2.5-3.0
4089,26.731082043352917,2.312781346869219,28.022712476611336,1.4475101708002005,7.349381515846866e-05,0.002059496050994987,2.243174400650256,2.0-2.5
4090,4.845736487660057,2.366266484461507,5.034172676813161,0.7019281081731973,7.309689977912338e-05,0.0003679824156278129,2.2010833214993033,2.0-2.5
4091,58.63281074777484,1.5678160591784993,47.29341798590694,1.6748007024437759,0.0001023313596888056,0.004839599766828871,2.186348150612544,1.5-2.0
4092,73.49289515911492,2.7365539330909314,115.77867358700792,2.063628569784741,4.703989329408632e-05,0.005446216451263703,2.4306410195149573,2.5-3.0
4093,10.89219383757598,0.8352837885449711,inf,inf,2.916803911757588e-16,0.0002942015606032289,0.0,0.5-1.0
4094,42.424423898674505,0.9162774603316675,inf,inf,2.499367970274479e-16,0.001090569898930309,0.0,0.5-1.0
4095,6.826638834886656,0.7956693566766397,inf,inf,7.059871558273686e-16,0.0002010626250024393,2.580956827951785e-08,0.5-1.0
4096,1.6931514037949458,1.5210746655064549,inf,inf,1.275413146307247e-16,0.00013672848623133145,0.0,1.5-2.0
4097,37.45379930829831,0.6495756287143248,inf,inf,7.497039289633392e-16,0.0009066069300253523,1.4901161193847656e-08,0.5-1.0
4098,28.652687102852205,2.2593569462744667,30.995706341704192,1.4913015376648195,7.307000086550204e-05,0.002264856289215172,2.283809122378908,2.0-2.5
4099,87.52772960506597,0.9568627900372377,inf,inf,6.558039527912144e-16,0.002262213623546839,0.0,0.5-1.0
4100,1.3509725642147585,2.2232727170748614,2.282061874081162,0.3583274153704213,5.886776826511027e-05,0.0001343398895700531,2.31043673480575,2.0-2.5
4101,64.64275743458107,1.9090005127280072,42.85901917104768,1.6320422279872893,0.0001059388331256981,0.004540434479892715,1.9285520304515074,1.5-2.0
4102,73.36414545794531,2.2293818708968276,80.74370220298795,1.9071086584935062,7.284719083209275e-05,0.005881951882870731,2.3059755325701268,2.0-2.5
4103,41.700544582081044,2.2561148059325484,45.1790271614273,1.6549368750355904,7.305856922204999e-05,0.003300715083258013,2.286228789558068,2.0-2.5
4104,50.0750746780967,2.4654948837983133,48.11629289213069,1.6822921598459037,7.461795907179287e-05,0.0035903395737114058,2.1194712199640966,2.0-2.5
4105,24.711638241697752,1.6972933774137786,18.45450414547249,1.2661023806192848,0.00010382304247340637,0.0019160027677210445,2.0919045085888044,1.5-2.0
4106,25.238625194966968,1.9262971022497197,16.58856536924259,1.219808828510046,0.00010605948855686452,0.0017593747589539836,1.9148399779881626,1.5-2.0
4107,5.299790103472624,1.1267886758268058,inf,inf,5.493917799992687e-16,0.00018374149254311392,0.0,1.0-1.5
4108,90.57177156707532,1.7527716748293816,65.4421994415421,1.8158578870763642,0.00010446874673484594,0.006836664559229739,2.050037465079274,1.5-2.0
4109,2.867334534253796,0.7238225539135441,inf,inf,2.42127546697003e-16,0.00012704486741639678,0.0,0.5-1.0
4110,13.710994822527645,2.8865196022623407,19.89554318135565,1.2987558006045565,4.766693362694188e-05,0.0009483595362976358,2.3070029485894086,2.5-3.0
4111,72.42670361604378,2.822735002692903,108.64741647781506,2.0360194037097528,4.744010171323931e-05,0.005154244488588219,2.362019357213308,2.5-3.0
4112,45.75903201169099,0.6839269329447418,inf,inf,6.671886757318632e-16,0.0011140316456169596,0.0,0.5-1.0
4113,51.199117188038215,0.5270896184548077,inf,inf,5.602648413914221e-16,0.0012010634487533806,0.0,0.5-1.0
4114,29.444818560306963,1.4876350801523883,inf,inf,5.677514089909043e-16,0.0008684466046851835,2.1073424255447017e-08,1.0-1.5
4115,16.11459537504848,1.8169482049127716,11.248399678866814,1.0510907393296034,0.0001050282894208188,0.001181400176993069,2.0007101876634383,1.5-2.0
4116,79.91162857433496,1.6979634557302332,59.6016943381893,1.775258605902432,0.00010387614106604291,0.006191194008848923,2.0914034810599933,1.5-2.0
4117,12.378145618539161,1.343668381022617,inf,inf,3.6878633054621695e-16,0.0003701490528288033,0.0,1.0-1.5
4118,29.58219535356634,2.0560925166223485,36.26102372987537,1.5594400610380266,7.128516092525468e-05,0.0025848729118986445,2.4250053331741666,2.0-2.5
4119,75.18610202949954,1.5013869263185229,inf,inf,6.681228238273382e-16,0.002204568064486734,0.0,1.5-2.0
4120,29.809980260653834,1.514958757033997,inf,inf,7.4323670921292e-16,0.0008845537351124351,1.4901161193847656e-08,1.5-2.0
4121,95.13487360080957,0.5808542379768442,inf,inf,9.69375917507484e-16,0.0022539111775771634,1.4901161193847656e-08,0.5-1.0
4122,17.526603601648382,1.9832365822355937,11.190397785755806,1.048845524695303,0.00010647657430971306,0.0011915152213902765,1.869427047353585,1.5-2.0
4123,52.76065912240742,0.7075514503418657,inf,inf,5.248959707925539e-16,0.001290096037101023,0.0,0.5-1.0
4124,53.80344454161641,2.645517952589106,89.41031167006197,1.9513876087641109,4.658142642395755e-05,0.004164859854602105,2.4963170438908646,2.5-3.0
4125,50.04906691535182,1.6935323943864025,37.431352324626246,1.5732355176437738,0.00010381922784930272,0.003886094095697899,2.094714462289135,1.5-2.0
4126,77.43930050865264,1.3863431671516564,inf,inf,1.50723023723384e-16,0.0022108973425076666,0.0,1.0-1.5
4127,4.609188169662204,2.1528127353920685,5.511944235358082,0.7413048151407199,7.088618960225917e-05,0.00039072072414467245,2.3604947879453713,2.0-2.5
4128,54.590128299053745,2.7135811413747915,87.15877666830067,1.9403111260036006,4.692589654274929e-05,0.004090003736729268,2.4478573529364547,2.5-3.0
4129,78.97583123793076,0.9218147965633325,inf,inf,4.3567365424840993e-16,0.0020252947838132114,0.0,0.5-1.0
4130,5.06982092431506,1.5033152099358698,inf,inf,3.9620866438616384e-16,0.00019526393734598386,0.0,1.5-2.0
4131,54.63059476521427,2.9340013990600036,77.11234762927833,1.8871239251054448,4.7905614195086815e-05,0.0036941143752056253,2.2636678496115263,2.5-3.0
4132,44.06586728464055,2.6597979196744244,72.61868527895382,1.8610483819871713,4.665267959841849e-05,0.003387856257177422,2.4864592510485832,2.5-3.0
4133,40.460698245614715,1.4776389911615735,inf,inf,2.9139875707082243e-16,0.0011846546273554083,2.1073424255447017e-08,1.0-1.5
4134,53.77187494705148,1.4055638520920462,inf,inf,5.623707803495568e-16,0.001544599010704788,0.0,1.0-1.5
4135,62.471051891370536,2.5397910498019254,110.65048413809515,2.04395331847153,4.601431756149205e-05,0.00509150651546315,2.5644602055282992,2.5-3.0
4136,70.35950004883226,0.7105575491154663,inf,inf,5.42389789691079e-16,0.0017190921041026434,0.0,0.5-1.0
4137,89.824737973813,0.7967731984762199,inf,inf,9.100662402405102e-16,0.0022371851594577656,0.0,0.5-1.0
4138,65.65791713995391,1.9277039781610794,43.10592950072614,1.6345370142981657,0.00010609200342073588,0.004573194420045037,1.9137228125555779,1.5-2.0
4139,99.8950085818811,1.9208694282489296,65.8160618532689,1.818331892443889,0.00010603881815406058,0.0069790574144751845,1.91914739607579,1.5-2.0
4140,66.48606442586139,1.9233628427133458,43.74890172278737,1.6409671549190172,0.00010605704674037522,0.0046398793148537424,1.9171691238429438,1.5-2.0
4141,26.91345880050435,2.4128533667806824,26.63970491776048,1.4255294099390259,7.424122629674427e-05,0.0019777643612779467,2.1633168408462997,2.0-2.5
4142,14.720225323585467,2.703268123544285,23.702555375640067,1.3747951698799121,4.68168996408731e-05,0.0011096801562535783,2.4554428088450653,2.5-3.0
4143,7.089574531875464,1.4997967904612528,inf,inf,5.288912218260327e-16,0.00024309547342298831,2.1073424255447017e-08,1.0-1.5
4144,26.822859195473036,1.314610340968252,inf,inf,7.855696719939759e-16,0.0007617763841858486,1.4901161193847656e-08,1.0-1.5
4145,11.912933101925704,2.6240995879841664,20.140474610664512,1.304069700495852,4.636644587474567e-05,0.0009338422259270655,2.5108028182167885,2.5-3.0
4146,68.34213141420653,1.1119965856000562,inf,inf,5.897435117751499e-16,0.0018322042245977862,1.4901161193847656e-08,1.0-1.5
4147,68.95068316434543,2.687768492328505,111.7503211966311,2.0482487800699607,4.6799176790833495e-05,0.005229823038113567,2.466678140076911,2.5-3.0
4148,61.206259290225596,2.267655053465269,65.84585899650843,1.8185284676574789,7.315963046542864e-05,0.004817258711863276,2.277591780053648,2.0-2.5
4149,38.2811568932271,2.616655631217267,64.73560179543813,1.811143189647066,4.6424872636978405e-05,0.003005342068431366,2.5157542342837083,2.5-3.0
4150,46.39023606031575,2.0928001037780453,55.531519816560575,1.7445395596406452,7.164508125687239e-05,0.003978560249575102,2.4010945156014207,2.0-2.5
4151,25.944036591620055,0.765418826401696,inf,inf,4.207982024224483e-16,0.0006496237126527426,0.0,0.5-1.0
4152,91.8636754932086,2.286888732938115,97.70193717319877,1.9899031747248144,7.33173253840419e-05,0.007163244718378633,2.2630471462215604,2.0-2.5
4153,1.5866242447555856,1.74047803870599,1.6647278832076664,0.2213432537705154,8.689124216954301e-05,0.00014465027364618806,2.0593803367108547,1.5-2.0
4154,32.05905935554435,0.959335517648549,inf,inf,2.74964714186726e-16,0.0008355684966761048,0.0,0.5-1.0
4155,57.280171631376284,0.7552324143443296,inf,inf,4.3444475162733135e-16,0.001415394984841226,0.0,0.5-1.0
4156,18.06532711390477,1.157359340494378,inf,inf,4.030804551652518e-16,0.0005022759074062009,0.0,1.0-1.5
4157,85.42641971492581,0.8135058911438621,inf,inf,1.5002543779724828e-15,0.002136138734666417,0.0,0.5-1.0
4158,48.04339030165661,0.8391497718140413,inf,inf,8.593598616781054e-16,0.0012118321323846095,0.0,0.5-1.0
4159,37.05664951503963,2.6088804218850252,62.96018505201833,1.7990659958273791,4.6382811482003905e-05,0.0029202703941398466,2.520880743602342,2.5-3.0
4160,6.281823283124011,2.8765332896789286,9.240272411380692,0.9656847747932161,4.743147925777612e-05,0.00043827978921660426,2.3158579443252716,2.5-3.0
4161,28.118359504698176,2.9869857159428586,38.60245510761153,1.5866149265831835,4.809986344481468e-05,0.0018567728193107037,2.2129153882176604,2.5-3.0
4162,58.96443043504532,1.8985139933688127,39.31280554164818,1.5945340381670519,0.00010584986651003927,0.004161255218718592,1.936844000076181,1.5-2.0
4163,28.121958887982334,1.9150517198282793,18.59172945121138,1.2693197908575635,0.00010597199679224962,0.001970202693766145,1.9237597423026331,1.5-2.0
4164,4.514679394126664,0.6489107111493965,inf,inf,5.2042323563508765e-16,0.0001504018415586989,0.0,0.5-1.0
4165,57.95577439306321,0.7963638689406003,inf,inf,1.0886931035238048e-15,0.0014456610430364247,2.1073424255447017e-08,0.5-1.0
4166,30.39161502713873,2.426030030660558,29.8569922354268,1.475046055185716,7.433888151063176e-05,0.0022195354080532456,2.152455516176682,2.0-2.5
4167,84.63912065984576,1.9272429453430333,55.57940593762512,1.7449139004947873,0.00010608974812134574,0.005896405176656677,1.9140889372108996,1.5-2.0
4168,69.17917679974575,1.9167163174159736,45.67999463918327,1.6597260442707762,0.00010600311388273187,0.004842221673899925,1.9224405233175983,1.5-2.0
4169,72.14756020326023,2.383252219250795,72.57683205304609,1.8607980075141985,7.404994585756954e-05,0.00537431048404198,2.1874299465162426,2.0-2.5
4170,89.01791670876106,2.5330743129158386,158.30659778686868,2.199499015448069,4.597918412505138e-05,0.007278808207852886,2.5685130812223687,2.5-3.0
4171,81.0007030263412,2.275545173304352,86.7286173851591,1.9381624229868588,7.322586781025254e-05,0.00635077827201163,2.271647781751916,2.0-2.5
4172,32.925656991107175,0.5270497355267143,inf,inf,5.717854908224634e-16,0.0007762650903486005,0.0,0.5-1.0
4173,56.900479248864656,1.85975241248386,38.73559711229752,1.5881102550381794,0.00010550958154594203,0.004086976642250712,1.9673415376379855,1.5-2.0
4174,25.88751428691878,2.5887866327982936,44.54369425580297,1.6487862326436287,4.626259189943653e-05,0.002060706749049488,2.5339177597557336,2.5-3.0
4175,20.153571738277154,2.549038124579001,35.55320598329846,1.5508787690060684,4.6027875364898594e-05,0.0016364385338218286,2.558828359645779,2.5-3.0
4176,20.585823053822672,2.872247107169708,30.071581359232983,1.4781562667280836,4.7634097114312995e-05,0.0014324326268466683,2.319630969637217,2.5-3.0
4177,11.102611728748125,1.7984900694321133,7.846321234502306,0.8946660845118294,0.00010473949083602543,0.000821819691037666,2.014988515502893,1.5-2.0
4178,23.905317343430266,1.8055425782608598,16.7777027266149,1.2247324951425254,0.00010496464173814676,0.0017610655558882612,2.0095413315585864,1.5-2.0
4179,22.46989106784615,0.5617919510074444,inf,inf,7.539380828929413e-16,0.0005392072120056155,0.0,0.5-1.0
4180,67.25719934815133,1.781905436989306,47.80115447274774,1.679438385630722,0.00010476566068115306,0.005007919529659272,2.0277563892244888,1.5-2.0
4181,25.148098987951307,1.909745037164414,16.674089333024494,1.2220421239413717,0.00010592240235626385,0.0017661595992569073,1.9279626893088238,1.5-2.0
4182,4.665984600212958,2.7948060029660198,7.270504480107455,0.8615645463921323,4.678948701266893e-05,0.000340183174947539,2.3849671914343245,2.5-3.0
4183,42.16035532934047,2.7122413567247987,67.37452762404995,1.8284957332821767,4.69162644401639e-05,0.003160961154541055,2.448847784444154,2.5-3.0
4184,20.094612254866316,0.6561047869177847,inf,inf,6.928161914529947e-16,0.0004950296690873629,0.0,0.5-1.0
4185,68.9348924569681,0.8546878018744282,inf,inf,6.715478380273558e-16,0.0017414234254025031,0.0,0.5-1.0
4186,22.171125755701926,1.4560721474698444,inf,inf,4.300720565786083e-16,0.0006543946205670287,0.0,1.0-1.5
4187,55.696919682772425,2.449840650852602,53.97993020540527,1.732232318689802,7.451451084518302e-05,0.0040222880947128935,2.1326349120355284,2.0-2.5
4188,17.602771264565153,0.9155703457815807,inf,inf,4.376883373303493e-16,0.00046350685204931536,0.0,0.5-1.0
4189,48.2129845095758,2.435086415846047,47.11264610741706,1.673137497309274,7.441232378924641e-05,0.0035057614767132978,2.144945856714786,2.0-2.5
4190,86.72188575883625,1.9820618559183696,55.36259229014447,1.7432164172678355,0.00010650717360422009,0.005896513228226073,1.870367724170229,1.5-2.0
4191,30.328746341656398,2.693793609951091,49.00678619323808,1.6902562229307678,4.681730453547812e-05,0.0022943656335138916,2.462334086833258,2.5-3.0
4192,52.71973665912747,1.3559291586294624,inf,inf,1.086133542870485e-15,0.00149731231283628,0.0,1.0-1.5
4193,43.86200213798601,1.5059517968096903,inf,inf,8.223414931150847e-16,0.0012915742298067884,0.0,1.5-2.0
4194,7.0015189144468355,0.6505398052717549,inf,inf,5.060325615705552e-16,0.00019800048244539097,0.0,0.5-1.0
4195,2.0671511789353003,1.795083299581083,1.7200086042603198,0.23553061945024145,9.658875070791234e-05,0.00016613348229236428,2.0176160736261215,1.5-2.0
4196,84.24722621949769,2.4365007016966533,82.24939117972596,1.9151326919318712,7.442673727149259e-05,0.006121553828073684,2.1437698672224705,2.0-2.5
4197,34.03533499665191,1.783145239430763,24.18016200348506,1.383459206242864,0.0001047620913974661,0.0025331643418146387,2.0268039741309267,1.5-2.0
4198,68.60687205578554,1.8036364063698413,48.16900398691589,1.6827676662966127,0.00010498222201580809,0.005056889070834749,2.011014635667753,1.5-2.0
4199,41.26945567292503,2.788190190313932,63.136233914376106,1.800278672599191,4.7278927823224734e-05,0.0029850134462680216,2.390302493777164,2.5-3.0
4200,83.83102886633961,2.416725882499449,82.750874865768,1.9177725939567227,7.42897335502826e-05,0.006147540444830683,2.160132832203864,2.0-2.5
4201,19.502081911353553,1.2857363216140287,inf,inf,7.938721436736993e-16,0.0005563797218008837,0.0,1.0-1.5
4202,48.38280940306747,2.8618921576474414,71.02524080693223,1.8514127148475548,4.7608713008201453e-05,0.0033814203059156353,2.3286779039872556,2.5-3.0
4203,54.838919574002276,2.311999239457116,57.47946460145195,1.7595127141991758,7.351040016524295e-05,0.00422533844413665,2.2437795488020855,2.0-2.5
4204,79.35719087377447,1.2526886638196735,inf,inf,1.1645452546193139e-15,0.002196630731616339,0.0,1.0-1.5
4205,2.9446095076194,1.0283736746478371,inf,inf,1.0783818160267113e-16,0.00013743140183360855,2.1073424255447017e-08,1.0-1.5
4206,36.244393813729026,2.1891713319338972,40.888289720198536,1.6115989452177182,7.249195692956033e-05,0.0029640721373200164,2.334985455588865,2.0-2.5
4207,47.517530196465486,1.7673579442372875,34.05481340429991,1.5321785050060917,0.00010461162333049931,0.0035625293124410605,2.0389062404774867,1.5-2.0
4208,58.88300009635281,1.9972788008365556,37.3046287686126,1.5717627225310788,0.00010661266703835045,0.003977145965897364,1.8581718528680609,1.5-2.0
4209,14.146489535693775,0.8231878919973477,inf,inf,6.243158758129101e-16,0.0003702963679360521,0.0,0.5-1.0
4210,54.35943028305914,2.4144211885035305,53.73322125943538,1.7302428769219986,7.427020494924321e-05,0.003990777355521298,2.162028578194233,2.0-2.5
4211,69.3453873333769,2.6524758257716177,114.75285550592442,2.059763501312011,4.661946811295148e-05,0.005349717088128572,2.4915340143587565,2.5-3.0
4212,73.30416684447995,1.54957280076442,59.792618238943035,1.776647571012208,0.00010210591842114705,0.006105180200092306,2.1992494065206323,1.5-2.0
4213,22.43453149371737,1.2616393155903458,inf,inf,7.99178136589444e-16,0.0006328243374142636,0.0,1.0-1.5
4214,44.07973702518421,2.9372612333140813,62.11496189526288,1.7931962231379974,4.791691342553838e-05,0.0029763572515659267,2.260618034587997,2.5-3.0
4215,29.79647093857868,2.9371972419453387,41.99794917640727,1.6232280836570552,4.791163420212367e-05,0.002012190378179406,2.26067799537055,2.5-3.0
4216,38.764232085753534,0.8118251867860777,inf,inf,1.3490755857990628e-16,0.0009737235822377065,0.0,0.5-1.0
4217,36.301628857295164,1.8514690001357854,24.828715498533697,1.3949542521228824,0.00010542489941456751,0.002617564834025828,1.973825640149812,1.5-2.0
4218,94.5119809632031,1.5921740438028824,75.09360012539541,1.8756029257037534,0.00010263980539759649,0.007707592503475512,2.1689595245784363,1.5-2.0
4219,1.339225673091038,1.2005050605635939,inf,inf,1.783483114323548e-16,0.00012378065536742592,0.0,1.0-1.5
4220,94.77257048225977,1.7973769682936176,66.77023627926957,1.8245829130704063,0.00010492297318656804,0.007005731710790613,2.015847293500493,1.5-2.0
4221,3.309867713156378,2.1703074950788164,4.04970499446076,0.6074233876728884,6.985286002645304e-05,0.00028288347612649527,2.348306196252439,2.0-2.5
4222,7.7918709308978595,1.416483514652609,inf,inf,1.6195850084566236e-16,0.00025588286444598086,1.4901161193847656e-08,1.0-1.5
4223,20.602322812406193,1.268782391316263,inf,inf,9.86916764756983e-16,0.000584040438470603,2.1073424255447017e-08,1.0-1.5
4224,28.68353507800525,2.658330785781123,47.33106420527462,1.6751462693799413,4.663491349074908e-05,0.0022072800846380724,2.4874794964186893,2.5-3.0
4225,85.77352554000531,2.1446715664307785,99.3916489299752,1.9973498957052438,7.212074893126982e-05,0.007168200158343654,2.3661124087111727,2.0-2.5
4226,84.1171009222311,1.2635143243018314,inf,inf,7.299624882865058e-16,0.002333833402213254,2.1073424255447017e-08,1.0-1.5
4227,93.4491951263577,0.8904593142015567,inf,inf,2.4107462928774887e-16,0.0023781481640448633,0.0,0.5-1.0
4228,38.971971570117745,1.4618726105047584,inf,inf,6.417150289793862e-16,0.0011374202423761182,2.1073424255447017e-08,1.0-1.5
4229,1.5835279058453056,2.8478463837420045,2.815462448706054,0.44954973930320236,4.3372882038032454e-05,0.0001221147206702377,2.3407953942701374,2.5-3.0
4230,62.58208310682072,2.5766732816551334,108.38163975098011,2.0349557173482236,4.6217047692074073e-05,0.005009079413316239,2.5416315315008884,2.5-3.0
4231,89.91766569966015,1.0251062052978455,inf,inf,4.66673596557076e-16,0.002360745754969164,0.0,1.0-1.5
4232,10.743969634783813,2.0151605228358975,6.757778563076913,0.8298039568367193,0.00010664319420196946,0.0007206710916761174,1.8438125073291411,2.0-2.5
4233,82.77928839499215,0.513024204110015,inf,inf,7.829542696633028e-16,0.0019313461862490557,0.0,0.5-1.0
4234,0.1785300999833428,2.7678818207943117,8.202447776979346,0.9139434740179271,8.659938153813103e-06,7.103269045852291e-05,2.406441735638257,2.5-3.0
4235,73.231569155344,2.855235942916357,107.88759985172489,2.032971531564823,4.758253762673015e-05,0.005133565779402305,2.3344423948251443,2.5-3.0
4236,49.32856050799527,1.041226867872317,inf,inf,5.491566925512629e-16,0.001303416850938061,0.0,1.0-1.5
4237,90.82623515104375,1.3565462879342547,inf,inf,4.835954505040141e-16,0.0025742176287009712,0.0,1.0-1.5
4238,87.49846584434752,1.252802340237371,inf,inf,5.122830811435844e-16,0.0024214092165131514,0.0,1.0-1.5
4239,4.649864630414468,0.9652270605023678,inf,inf,4.638995764587976e-16,0.00016434026566085507,0.0,0.5-1.0
4240,49.81493259908799,2.2086158431305627,55.52427627601942,1.744482906502284,7.266723960800817e-05,0.004034795888210747,2.3210614996963486,2.0-2.5
4241,24.206740926821812,1.4420249418120596,inf,inf,1.9142231466142074e-16,0.0007100519056529071,0.0,1.0-1.5
4242,43.93914817718861,0.5125626372050403,inf,inf,2.4559452838014285e-16,0.001028606598300566,0.0,0.5-1.0
4243,6.630108126221678,1.0490034154086587,inf,inf,7.473168639571493e-16,0.00020881809306113255,0.0,1.0-1.5
4244,36.05557666731845,2.152413570053361,41.60151464690365,1.619109142906006,7.217148998240798e-05,0.003002443297592006,2.360771027237478,2.0-2.5
4245,40.85326026709263,2.2542220855974544,44.31167900950452,1.646518206153209,7.30425076387136e-05,0.0032366361525359593,2.2876388878906053,2.0-2.5
4246,0.38918215682993695,0.5413807489259138,inf,inf,1.0403944283654576e-16,0.00010196760174985557,0.0,0.5-1.0
4247,47.45188755777349,1.874937441425507,32.04071653778216,1.505702219800628,0.00010564276741004036,0.003384869964851954,1.9554237376134043,1.5-2.0
4248,89.46260595149352,2.0968553508281524,106.78967989045411,2.028529284685149,7.169219425684583e-05,0.007655986475332819,2.3984101092054013,2.0-2.5
4249,6.076489275422148,2.092289296931594,7.4412747508493835,0.871647340093918,7.084134062282883e-05,0.000527149879292977,2.401432042709552,2.0-2.5
4250,94.47634930331607,2.1285755181576897,110.56864903184365,2.043632003256314,7.197845451912581e-05,0.007958560475579742,2.3771174996468387,2.0-2.5
4251,48.93166887048882,2.4506349197157284,47.40433265351175,1.6758180370648081,7.451837052637889e-05,0.0035324936252301106,2.1319695132399383,2.0-2.5
4252,21.05936848251393,1.338053215869674,inf,inf,2.1324119573340078e-16,0.0006060721766493663,0.0,1.0-1.5
4253,96.91022050626789,2.627481214447868,162.75975940041965,2.211547039185995,4.649088260301019e-05,0.007566844866779094,2.508539417320309,2.5-3.0
4254,47.35163598650636,1.6040261385009629,37.36122369796191,1.5724210923056205,0.00010277197986676326,0.00383968692968458,2.1604324898606535,1.5-2.0
4255,43.69147162837468,0.651219763557702,inf,inf,8.141477002517448e-16,0.001056145766617335,1.4901161193847656e-08,0.5-1.0
4256,37.6470100378547,2.1284973430335024,44.08239371595807,1.644265169087973,7.196079191867318e-05,0.003172203961471085,2.377170619728376,2.0-2.5
4257,88.13366030231815,1.356681598253908,inf,inf,1.57399035868787e-16,0.002498157839869545,0.0,1.0-1.5
4258,12.992556249059572,2.087897012108578,15.672619538512953,1.1951415909830696,7.143563242753289e-05,0.0011195834885297815,2.404328750511179,2.0-2.5
4259,21.046471056187656,1.4331221034388886,inf,inf,6.712565157632577e-16,0.0006191607850994133,0.0,1.0-1.5
4260,28.322046715984172,1.7447204286214584,20.570789556461122,1.3132509612831278,0.00010435306388093102,0.002146624916666576,2.0561602947451134,1.5-2.0
4261,6.242776577638864,1.8884099809619386,4.223288377059407,0.6256507371884965,0.00010527878621747126,0.0004446226741831685,1.9448175001769243,1.5-2.0
4262,84.40738296176059,2.270149607084277,90.66439321449336,1.9574367593132929,7.318269987344425e-05,0.006635065077824203,2.2757159177150683,2.0-2.5
4263,48.861795660717654,1.240776142835165,inf,inf,4.637629495763216e-16,0.0013520687138290181,1.4901161193847656e-08,1.0-1.5
4264,60.15902679101225,2.174439557680883,68.45538203150126,1.835407598484562,7.237754499442249e-05,0.004954632493095364,2.3454041446153244,2.0-2.5
4265,88.5478414886922,1.0824677323683645,inf,inf,7.609081033621038e-16,0.002355865879091056,0.0,1.0-1.5
4266,49.475161275655374,2.4776211333772684,47.22546135071952,1.6741762092850947,7.469748125211568e-05,0.003527623013867885,2.10920374601006,2.0-2.5
4267,27.62958997807391,1.0783100666673093,inf,inf,5.41893901946456e-16,0.000742473473634725,0.0,1.0-1.5
4268,53.123098867908936,0.6796444693912689,inf,inf,4.584393732126199e-16,0.0012905555705019676,0.0,0.5-1.0
4269,50.023814709965094,0.5959628033635812,inf,inf,4.339567069337118e-16,0.001192506662756584,2.1073424255447017e-08,0.5-1.0
4270,29.88253758255781,1.9964594838968979,18.94296550804809,1.2774479684880489,0.00010659726190897579,0.002019268255594097,1.8588290833953058,1.5-2.0
4271,23.176757226198152,1.307694831259615,inf,inf,4.818400817244959e-16,0.0006600024757672841,0.0,1.0-1.5
4272,35.77990749845292,1.9364186820452898,23.387441847680012,1.3689827206464702,0.00010615314440390501,0.0024826504916947074,1.9067967224756548,1.5-2.0
4273,73.50460308530053,1.2768128434822605,inf,inf,7.871931821459612e-16,0.0020464984273783457,0.0,1.0-1.5
4274,16.53296273284862,1.5988038866264938,13.1170474821759,1.117836090641762,0.00010258794666836368,0.0013456509675478553,2.164194924240032,1.5-2.0
4275,99.60795109291708,2.6754164729636543,162.60217259531564,2.211126344086176,4.673836874311837e-05,0.007599760301192039,2.4754914188199484,2.5-3.0
4276,23.526370800601693,2.808851160150372,35.59476587515569,1.551386140707144,4.735985042438367e-05,0.0016857627877383296,2.3735130953109587,2.5-3.0
4277,27.265075590271714,0.607752116304185,inf,inf,1.1061565440729287e-15,0.0006574482391057383,0.0,0.5-1.0
4278,12.287320036243921,2.8705118681307615,17.997680752624984,1.255216543923726,4.758523772021513e-05,0.0008564239170262001,2.321153751149118,2.5-3.0
4279,39.18620922557319,1.7621499694466034,28.17025324804469,1.44979075127168,0.00010455230876686728,0.0029452650156304144,2.042886244503954,1.5-2.0
4280,37.1855024461739,2.3490511478249987,38.15603779833794,1.581563270338696,7.378651847099329e-05,0.0028154011877869803,2.2147819802810256,2.0-2.5
4281,68.18173923670679,2.823819898468798,102.21864154773304,2.009530105026147,4.74446692463522e-05,0.004849729639043629,2.3611140260868124,2.5-3.0
4282,89.6036364274816,0.9709592117381145,inf,inf,3.6480172775587647e-16,0.0023232878175422065,0.0,0.5-1.0
4283,24.78671474297388,1.4552157986238954,inf,inf,1.0456523698059186e-15,0.0007287590905713932,1.4901161193847656e-08,1.0-1.5
4284,80.93919642845538,2.7178577100294157,128.89382671392718,2.1102321175994962,4.694933995799944e-05,0.006051480088879637,2.44468590694206,2.5-3.0
4285,30.82865694022129,1.798408398666688,21.71656891838849,1.3367912105338513,0.00010491056110782693,0.002278297430564931,2.0150515348962514,1.5-2.0
4286,40.672799669030546,2.7436577596211618,63.82747717456873,1.8050076789775653,4.7068795374418905e-05,0.0030042824623951686,2.4252271395974905,2.5-3.0
4287,12.827479544278674,2.5949800184963308,22.059186008702955,1.3435894827890813,4.622258423572873e-05,0.001019632583458881,2.5299317401562518,2.5-3.0
4288,89.27281175674098,2.996299007356822,121.9229093184553,2.0860853172327,4.8141762788305134e-05,0.005869583778869113,2.2037360781708464,2.5-3.0
4289,37.3314225142921,2.151970687210323,43.08365002131309,1.6343124893558716,7.216901382734818e-05,0.0031093045341207743,2.361077423794942,2.0-2.5
4290,70.0870300035392,0.6675567921611948,inf,inf,8.389366973395528e-16,0.001695539622537702,0.0,0.5-1.0
4291,2.643635366649999,2.756619364995535,4.442165793251691,0.647594763521473,4.5377723907878855e-05,0.0002015753729191989,2.4152382147459694,2.5-3.0
4292,69.71198990010919,0.9627086240958236,inf,inf,3.169669833881839e-16,0.001805456892966719,0.0,0.5-1.0
4293,22.631330498160253,0.8918517021338519,inf,inf,6.708383245394942e-16,0.0005859432591644492,0.0,0.5-1.0
4294,45.14681487233913,1.4224371425875804,inf,inf,6.925391329957555e-16,0.0013036613920660617,0.0,1.0-1.5
4295,67.37884352104142,1.0173614360791834,inf,inf,6.17299352330585e-16,0.0017674334270435458,0.0,1.0-1.5
4296,17.071964898599155,0.8487157776976937,inf,inf,5.834561408940273e-16,0.00044344012691330714,1.4901161193847656e-08,0.5-1.0
4297,52.718197812739454,2.095404087683548,62.99810041265486,1.7993274543307307,7.1671973452607e-05,0.004515198180340469,2.3993717675428297,2.0-2.5
4298,83.57175121512095,2.775021494556804,128.78396257443904,2.1098617838383933,4.722301653377885e-05,0.006081567193938291,2.400808613626985,2.5-3.0
4299,16.340724909913362,1.1590870397056257,inf,inf,7.358409274336042e-16,0.0004572433557743144,0.0,1.0-1.5
4300,46.761099892894165,1.4350852734527826,inf,inf,5.024657931219295e-16,0.0013538062405243736,0.0,1.0-1.5
4301,18.405480335109935,2.1031116836164636,21.93562169208485,1.3411499475449653,7.166542266843547e-05,0.0015720256000581626,2.394251907153034,2.0-2.5
4302,14.33103477620481,1.2499187819305613,inf,inf,5.314726626198716e-16,0.00041352150916492797,0.0,1.0-1.5
4303,48.999622613989644,1.733116778101457,35.81205818898613,1.5540292814819658,0.00010425241598564802,0.0037334935876204146,2.064957323299792,1.5-2.0
4304,45.66647053682454,2.7818547837989427,70.11090276465029,1.8457855592268786,4.725084595290738e-05,0.0033127994661517586,2.395375800244826,2.5-3.0
4305,64.3835066943611,0.79254025668491,inf,inf,3.821868577996106e-16,0.001603733139087576,0.0,0.5-1.0
4306,85.78002113753365,1.836885231663142,59.12546259501666,1.7717745516600694,0.0001053026971079916,0.006226070679012926,1.9852110971239125,1.5-2.0
4307,70.65903753190119,1.0327280696308563,inf,inf,2.6648945056268834e-16,0.001859718913860255,0.0,1.0-1.5
4308,33.63306931998663,2.43327018916125,32.905289569026024,1.5172657169769748,7.439238977840106e-05,0.0024479031273901388,2.146454780689414,2.0-2.5
4309,48.609037318475664,1.020455702823731,inf,inf,7.138853151823481e-16,0.0012784045657794555,2.1073424255447017e-08,1.0-1.5
4310,67.37701011287936,2.5269482674834753,120.28174925684291,2.080199735416759,4.594330416591016e-05,0.005526140991714872,2.5721819551041727,2.5-3.0
4311,83.87231941217044,1.5072414914040893,inf,inf,9.880333664136957e-16,0.002461788220822816,0.0,1.5-2.0
4312,68.27512343712804,2.8269877671367296,102.17758433165862,2.0093556309374354,4.7458753440671525e-05,0.004849220781959609,2.358464493744566,2.5-3.0
4313,50.25832344276758,1.4072781462554893,inf,inf,4.735297399093379e-16,0.0014449169252563202,0.0,1.0-1.5
4314,13.347135071952842,1.7325529937679656,9.786028647734494,0.9906064827845161,0.00010409758797103822,0.0010187019780446417,2.065383908844692,1.5-2.0
4315,86.82921784634341,0.7667401033815784,inf,inf,5.971874767777914e-16,0.0021478067924423586,1.4901161193847656e-08,0.5-1.0
4316,28.136508670117056,1.1930974608897809,inf,inf,4.765549867031728e-16,0.0007760730921318683,0.0,1.0-1.5
4317,40.50849117304921,1.5388354747209194,33.27427850285498,1.5221086472984509,0.00010195187797721866,0.0033923751817030614,2.2067927480449505,1.5-2.0
4318,88.45992131545344,2.7320384459074107,139.7166084393644,2.1452480347816243,4.701878940712633e-05,0.006569305788888404,2.4340600814842484,2.5-3.0
4319,20.733740344671116,1.9661353812652476,13.351350235924183,1.1255251885738913,0.00010636131271137934,0.0014200671375622805,1.8831065309361972,1.5-2.0
4320,91.38277379629866,2.5240655536110843,85.05716717298353,1.9297109144510298,7.499470918237482e-05,0.006378837516014538,2.0693331739499237,2.5-3.0
4321,22.909669994009306,2.633511314957694,38.38334300968137,1.584142797065191,4.649519858474965e-05,0.0017846411555816977,2.504481383371961,2.5-3.0
4322,8.721882495776445,0.7253095007050399,inf,inf,3.153470809393684e-16,0.00023828284500034875,1.4901161193847656e-08,0.5-1.0
4323,51.36131969259213,1.2872052721421503,inf,inf,3.1882711207630465e-16,0.0014360219485812825,0.0,1.0-1.5
4324,79.53171070804342,2.580569407898773,137.4011054433944,2.1379902267994777,4.6239785427551233e-05,0.006353397633210899,2.5391623042392104,2.5-3.0
4325,40.238955012492006,2.389281250662474,40.34862925128588,1.6058287851865998,7.408589537452929e-05,0.0029892643252164373,2.1825513296851438,2.0-2.5
4326,84.27373510961625,1.9100625914120035,55.841524830836285,1.7469572687944825,0.00010594932016219305,0.005916371592647326,1.9277112989166567,1.5-2.0
4327,39.635271928686336,1.509600616222194,inf,inf,5.717029892761425e-16,0.0011693623053236468,0.0,1.5-2.0
4328,81.50925283935955,1.747130949393604,59.085492018916156,1.7714808563531126,0.0001044087619612107,0.0061690430715640315,2.054328750547269,1.5-2.0
4329,11.275414258824778,0.5371897731590629,inf,inf,6.50265931584418e-16,0.0002829939412454831,1.4901161193847656e-08,0.5-1.0
4330,28.337302577169787,0.8215514553643317,inf,inf,8.152111322538201e-16,0.0007172293038866086,0.0,0.5-1.0
4331,12.248261255994674,1.3897120054207757,inf,inf,3.230999103099468e-16,0.0003706102474139377,1.4901161193847656e-08,1.0-1.5
4332,73.96086160409543,0.8503083381506913,inf,inf,5.414816175005641e-16,0.0018660184795845397,1.4901161193847656e-08,0.5-1.0
4333,46.96103843070982,1.075817894752757,inf,inf,2.978511250125883e-16,0.0012513052616545811,2.1073424255447017e-08,1.0-1.5
4334,65.56084106630524,2.5162709607933653,61.28022604386652,1.7873203586059907,7.494536186355912e-05,0.004592668715938276,2.0760830138645496,2.5-3.0
4335,23.83808202946095,2.4204137078486574,23.499717577372337,1.3710626428961705,7.428815058548513e-05,0.001745750558104208,2.157094435140152,2.0-2.5
4336,73.46761593383036,2.3271660140486046,76.32225657480275,1.882651202412717,7.363081556540407e-05,0.005619669997394749,2.2319907070806844,2.0-2.5
4337,99.27977642468868,1.9159277062836726,65.5808853968862,1.816777275712216,0.00010599840312883237,0.006951469127844899,1.9230655592903463,1.5-2.0
4338,7.9059051468734705,2.8044480938382677,12.072309603131112,1.0817903647071672,4.718041143272988e-05,0.0005695765340190218,2.3771225722096254,2.5-3.0
4339,31.88087413042825,1.0743040805796524,inf,inf,1.3433269760195834e-16,0.0008533656989596955,0.0,1.0-1.5
4340,86.94201442885682,2.0511562254317175,106.80961266929921,2.028610340158534,7.127083389196942e-05,0.007612410162619217,2.4281675833130762,2.0-2.5
4341,85.16297589159578,1.551985256403377,69.35922367171743,1.8411042234967565,0.00010213840398677063,0.00708424040759066,2.197549461028477,1.5-2.0
4342,87.20336926716327,2.8549173337160383,128.4910317841261,2.1088728165187796,4.758171825067043e-05,0.006113824072090228,2.334717322262867,2.5-3.0
4343,22.65889367288989,1.3587068458567637,inf,inf,4.3761722909282835e-16,0.0006534102017436109,0.0,1.0-1.5
4344,56.315489265875684,1.095595925793656,inf,inf,3.6644421033101474e-16,0.0015054922232081778,1.4901161193847656e-08,1.0-1.5
4345,8.608362299179673,2.4200250548450324,8.53403801448121,0.9311545730724673,7.408487399412094e-05,0.0006322431309638784,2.157414932318509,2.0-2.5
4346,43.10180151632193,2.525636430839828,77.02646417876373,1.8866399624737413,4.593035245882535e-05,0.0035378526483877035,2.5729642083637194,2.5-3.0
4347,57.61331569564846,2.296996226224344,60.918722985993575,1.7847507908237359,7.3393396923521e-05,0.004471032016185049,2.2553293130173477,2.0-2.5
4348,25.855155046891465,2.4585305495192227,24.95039040850662,1.3970773455880092,7.455475316712583e-05,0.0018601701983296348,2.125340338865213,2.0-2.5
4349,42.21286919009124,0.9799625112279013,inf,inf,5.259168205468103e-16,0.0011012649720501442,0.0,0.5-1.0
4350,36.61918823997292,2.0123301795536195,23.02813190839232,1.3622587084903583,0.00010671022972840969,0.002457337246160666,1.8460871895490483,2.0-2.5
4351,8.463775704835408,1.8428247713363741,5.847959696637534,0.7670043708601603,0.00010505928915368033,0.0006143824887281114,1.9805789058919507,1.5-2.0
4352,6.8529212702587605,2.7738228813496617,10.681385610038793,1.0286275938686904,4.69651408613745e-05,0.0005016527797701305,2.40175739065486,2.5-3.0
4353,78.11089812495239,1.493492926254571,inf,inf,6.951798232376047e-16,0.0022858784179651003,0.0,1.0-1.5
4354,0.2927823696432186,1.11424218285938,inf,inf,1.808022544640498e-17,0.0001161869503871605,1.4901161193847656e-08,1.0-1.5
4355,98.61402890827151,1.2685324165296457,inf,inf,5.449457151706374e-16,0.0027382374692603477,0.0,1.0-1.5
4356,89.71114033307792,1.7802311331714757,63.816973798771954,1.8049362060991847,0.00010475117574881456,0.006684903038152655,2.0290420512666443,1.5-2.0
4357,98.72866677641677,2.958110859262695,137.56900574387907,2.138520598502482,4.800062656200821e-05,0.006603398471218702,2.2408855361724953,2.5-3.0
4358,78.56281396022615,2.244854723487936,85.66658185680963,1.932811438660607,7.297596584936786e-05,0.006251601552014616,2.2945907927439997,2.0-2.5
4359,0.2467856062267182,2.300149541750451,6.479002595836957,0.8115081539470924,1.4720495077494542e-05,9.537412581909229e-05,2.25291107933206,2.0-2.5
4360,11.597083370099782,1.6670314009115559,8.84988647159954,0.9469376995030114,0.00010328585767117839,0.0009140681145117173,2.1144069648996204,1.5-2.0
4361,31.868392645810307,1.4916607888071463,inf,inf,1.375593441974548e-16,0.0009393435174753273,1.4901161193847656e-08,1.0-1.5
4362,18.136719575991435,2.828710146703043,27.150982140519304,1.4337855440719467,4.743627223925354e-05,0.0012879413803807845,2.35702018860161,2.5-3.0
4363,6.048512959533225,1.6262493170152033,4.799887767027067,0.6812310826400283,0.00010205489991233444,0.0004898520656543857,2.14433010668864,1.5-2.0
4364,91.69740311864433,0.813696607288167,inf,inf,9.709029700264193e-16,0.002292661196830484,0.0,0.5-1.0
4365,91.02392424589392,2.4500654450280672,88.19943459250733,1.9454658010712624,7.451919745414336e-05,0.006572551081742857,2.1324466180714854,2.0-2.5
4366,76.70385544983446,1.0044890720210737,inf,inf,5.407841476187504e-16,0.002005126009734374,0.0,1.0-1.5
4367,25.305250941026237,1.4753103306590105,inf,inf,5.776041529262043e-16,0.0007470159726889233,0.0,1.0-1.5
4368,85.23467088330833,2.0301603175528578,106.11830820215431,2.025790317598214,7.107368391551892e-05,0.007542219094809534,2.441477572049838,2.0-2.5
4369,81.91742011880872,2.579882224649401,141.58074665951992,2.1510041983534354,4.623621010145138e-05,0.0065461571488699246,2.539598628537512,2.5-3.0
4370,32.36323572600887,0.517010337129289,inf,inf,1.1513354146061327e-15,0.0007614652869375155,0.0,0.5-1.0
4371,12.765692380325167,2.1301851311270465,14.996745404542661,1.175997018641634,7.182089333616501e-05,0.0010770796520892813,2.376023058277059,2.0-2.5
4372,13.557246687699243,0.8405706995537783,inf,inf,6.127780014430141e-16,0.0003576528234998352,0.0,0.5-1.0
4373,40.895988316982965,2.078069354893762,49.415007325174635,1.6938588640798162,7.150593300276011e-05,0.003533466203124837,2.4107738103089797,2.0-2.5
4374,83.21266024530723,2.0122028482106957,52.32557961822766,1.7187140477819363,0.00010671586855407234,0.00558396967655443,1.8461895069199215,2.0-2.5
4375,7.63384451184762,1.7911088525983863,5.4416741803237665,0.7357325348851945,0.00010443155233528435,0.000568282481954047,2.0206783441141725,1.5-2.0
4376,42.9712380070999,1.5658676496581385,34.709093137246,1.5404432667790189,0.00010229707385330813,0.0035506386640422045,2.18773106627125,1.5-2.0
4377,35.45918680674372,1.8522136794162722,24.243010753569227,1.3845865541273015,0.00010543099443051796,0.0025559647317385443,1.9732432232954964,1.5-2.0
4378,89.23790505573828,2.8927531232059898,128.7881944606826,2.109876054673137,4.7741322715739584e-05,0.006148518753724874,2.3014299655138144,2.5-3.0
4379,15.2948959258001,1.380504695559961,inf,inf,1.1044164518624173e-15,0.00045251638872276077,0.0,1.0-1.5
4380,65.55818711906011,1.6783942348448146,49.464436262708986,1.694293063865468,0.00010365390037381003,0.005127181748421514,2.1059866609779574,1.5-2.0
4381,32.299849566573414,0.8683823186686932,inf,inf,7.121377952466192e-16,0.0008242375246529336,0.0,0.5-1.0
4382,64.65181143486714,1.4713379905723316,inf,inf,2.3572836257498807e-16,0.00188367486491714,0.0,1.0-1.5
4383,82.22309773537916,0.6293387314394051,inf,inf,1.0543380904615592e-15,0.0019706312757937923,1.4901161193847656e-08,0.5-1.0
4384,82.46348724210712,2.7738155575265857,127.16363156588471,2.104362922093503,4.72173416920526e-05,0.006004328642448664,2.401763184086443,2.5-3.0
4385,84.55192257223187,1.3632677249662768,inf,inf,5.778004073595113e-16,0.00240053095797306,0.0,1.0-1.5
4386,29.261776060254075,2.8441146327321665,43.394313366248085,1.6374328208610838,4.752424767864508e-05,0.0020622820962623127,2.3439850793925623,2.5-3.0
4387,27.589155802059274,0.8377826430794182,inf,inf,5.426913238074938e-16,0.0007013550966067084,2.1073424255447017e-08,0.5-1.0
4388,12.266539396870613,2.1536337767870575,14.206559971892329,1.1524889290119409,7.201984026044358e-05,0.0010231541798260974,2.3599263317337993,2.0-2.5
4389,25.53351740101015,2.006407645579735,16.106962136408093,1.2070136377622844,0.00010666140756960659,0.001717991253139645,1.850844773011473,2.0-2.5
4390,11.935222706137905,2.1529458542126783,13.832744809235528,1.140908365013737,7.200326053467464e-05,0.000996002728409054,2.360402645643912,2.0-2.5
4391,78.40010856365957,2.4877540012740935,74.41619948872567,1.8716674863893374,7.476660361188923e-05,0.005563846489476826,2.100577886843708,2.0-2.5
4392,4.731814493933573,0.6865388835076615,inf,inf,3.775560930572356e-16,0.00015555747598525196,0.0,0.5-1.0
4393,19.17081763060603,2.348248335641972,19.70143231701164,1.2944978010226162,7.374082723964729e-05,0.0014527999168623593,2.2154173389197136,2.0-2.5
4394,79.01613952041915,0.5651648445024919,inf,inf,2.428891819591413e-16,0.0018661268247091038,0.0,0.5-1.0
4395,76.84779552731162,1.2535601330635173,inf,inf,3.964188103183561e-17,0.002127807658244189,0.0,1.0-1.5
4396,97.34891462159328,2.618367639540653,164.3901891065145,2.2158758950529083,4.6442896259861785e-05,0.007634756498812913,2.514619239735163,2.5-3.0
4397,38.36089775187946,1.9258969603486717,25.212005668073147,1.401607396090124,0.00010607036348051108,0.002674246605285224,1.915157671181707,1.5-2.0
4398,4.510492290615975,2.827408895139509,6.900578747666019,0.8388855162991842,4.6935142237209624e-05,0.0003238796450407705,2.358111599805708,2.5-3.0
4399,80.81744362835536,2.6550283079867425,133.53007903140644,2.125579106044749,4.663343169493048e-05,0.006226965819729761,2.4897697810950805,2.5-3.0
4400,28.62865261594235,1.5581218475147547,23.247404068439973,1.3663744642498303,0.00010217248720066459,0.002375245094631361,2.193216891346,1.5-2.0
4401,77.31649716525239,1.2038421478100383,inf,inf,9.672217650708386e-16,0.0021163069308665823,0.0,1.0-1.5
4402,1.9368055464977219,1.0092895000117652,inf,inf,2.553246572611879e-16,0.00012394797456667076,0.0,1.0-1.5
4403,3.4808304026900383,0.6057258937142325,inf,inf,3.4982465012280186e-16,0.00013225104257601783,0.0,0.5-1.0
4404,59.8105265159078,2.290796586534857,63.471835973718555,1.8025810608115576,7.334480174701645e-05,0.004655329226011535,2.260069264696462,2.0-2.5
4405,68.41104895005408,2.5151169315271322,63.98351528454913,1.8060680967475145,7.493847494390703e-05,0.0047948270569742775,2.077080405986747,2.5-3.0
4406,56.19879491319916,0.6192487765818201,inf,inf,4.1128343321176033e-16,0.0013458933242081993,0.0,0.5-1.0
4407,53.22046039188333,1.7291866251229335,38.983965186658274,1.5908860105410774,0.00010421200315698647,0.0040625971031038825,2.067929434993207,1.5-2.0
4408,59.71151413429481,2.576935064792576,103.39572885432517,2.014502598977363,4.621805616599307e-05,0.004778749603512991,2.5414659724903705,2.5-3.0
4409,13.094073309254483,2.098654733216538,15.686741922784412,1.195532751624692,7.153879162373671e-05,0.0011222105616694091,2.397216254568913,2.0-2.5
4410,6.362485737735579,1.5415380093766338,5.322484635550041,0.7261144164315503,0.00010097519881719222,0.0005374389442761163,2.2048976359418835,1.5-2.0
4411,34.94014312021396,2.8735095198390113,50.9729699470792,1.7073399385534167,4.7654343248865205e-05,0.002429083406272203,2.31852141801266,2.5-3.0
4412,54.777966723042816,1.5568386771309366,44.48586994926847,1.648222087890068,0.00010219182686170114,0.004546092319647797,2.194123832655055,1.5-2.0
4413,24.886130744886515,1.2808122161360151,inf,inf,5.803760389534067e-16,0.0007027168460593971,0.0,1.0-1.5
4414,17.9014129787183,1.7430940584592771,13.027309449632368,1.114854729462793,0.00010428356125393621,0.001358534222964719,2.057395246670336,1.5-2.0
4415,44.63839330415951,1.3670548541595688,inf,inf,4.950110332419793e-16,0.0012727331637013136,0.0,1.0-1.5
4416,40.96955274613957,1.4802597974470237,inf,inf,5.357349393408177e-16,0.0012001118535623478,0.0,1.0-1.5
4417,26.87013996478337,1.7424660287676996,19.543028532333366,1.2909918660850581,0.00010432520705152127,0.0020388304980494664,2.0578719587836067,1.5-2.0
4418,92.7036742221984,0.6937318218791404,inf,inf,5.355158904936304e-16,0.0022544376223064804,0.0,0.5-1.0
4419,94.29544877788281,2.0087678341791717,59.39559693796499,1.7737542514387483,0.00010669317941441421,0.00633710508052853,1.848949194593514,2.0-2.5
4420,4.678700055621143,1.9563337800456801,3.0669180153500024,0.4867021666062246,0.00010561111829452847,0.0003239006413187496,1.8909322208833008,1.5-2.0
4421,48.00681561325112,2.2788968465020236,51.308860426103806,1.7101923690473007,7.324639249775734e-05,0.0037581889293830484,2.269113297927265,2.0-2.5
4422,23.775672179653174,1.1073066154674711,inf,inf,8.977084396261502e-16,0.0006458985326208184,0.0,1.0-1.5
4423,33.61029447682207,0.6023941034709339,inf,inf,5.394724823956248e-16,0.0008060373870154384,1.4901161193847656e-08,0.5-1.0
4424,2.847788959222586,2.2696256688611753,3.322352859500405,0.5214457559888639,7.022793154857775e-05,0.000233321969197216,2.276110171669431,2.0-2.5
4425,8.008205388819945,1.4223359675944596,inf,inf,3.399351652901703e-16,0.00026168157002547543,1.4901161193847656e-08,1.0-1.5
4426,3.352168331235761,1.9939638202631709,2.1805127765033583,0.3385586357233413,0.00010528007995768057,0.0002295645594590176,1.860830633479833,1.5-2.0
4427,12.566342863656521,1.1769573119730454,inf,inf,4.002246065713347e-16,0.0003609986931804262,0.0,1.0-1.5
4428,64.9265033911897,1.3711512772389105,inf,inf,3.279079069139228e-16,0.0018483808339157842,0.0,1.0-1.5
4429,7.833995087786294,1.1574185613920354,inf,inf,3.1964817018486177e-16,0.00024201992831110637,0.0,1.0-1.5
4430,88.59670344928954,1.731652362961594,64.79667734878612,1.8115527366408983,0.00010424493062634247,0.006754725135041706,2.0660652063870106,1.5-2.0
4431,80.26059719061026,2.1194451848440723,94.46833121851112,1.9752862436192171,7.189547495381258e-05,0.006791845541048938,2.3833000478321464,2.0-2.5
4432,26.923826942458017,1.088484344852553,inf,inf,2.1147881630115707e-16,0.0007256713942017676,2.580956827951785e-08,1.0-1.5
4433,69.15130461607934,1.290201301129542,inf,inf,1.203282573854683e-15,0.0019316902493866372,0.0,1.0-1.5
4434,95.19480754141179,1.6560384701210675,72.7785872622439,1.8620036210473216,0.00010340151650498845,0.007525416292006654,2.1225192482220523,1.5-2.0
4435,11.624723119371339,2.24105419684932,12.765881058467308,1.106050793729071,7.276952586259672e-05,0.0009289671118429704,2.297398538335849,2.0-2.5
4436,56.006953106182856,1.4228475475596019,inf,inf,2.700157539447001e-16,0.0016148284934841416,0.0,1.0-1.5
4437,46.55589287718948,0.6555925193222953,inf,inf,1.1002619227473023e-15,0.0011258701531790137,1.4901161193847656e-08,0.5-1.0
4438,31.0322328586374,1.7972611212503782,21.873911319457434,1.3399264470786711,0.00010489948339430635,0.002294561997223955,2.015936656576067,1.5-2.0
4439,28.79459408764702,1.6355219183198029,22.302434291017526,1.348352268494707,0.00010312321553700304,0.0022998987383924478,2.137568329419964,1.5-2.0
4440,8.649686502424892,2.9924518401866878,11.882991629523847,1.0749257912034904,4.803443297937273e-05,0.0005707927650228104,2.207537175803775,2.5-3.0
4441,64.70816452971575,1.9503637465569186,41.985189022498545,1.6230961127735593,0.00010627012520954229,0.0044617712943672205,1.895693172624962,1.5-2.0
4442,19.772257564794092,0.6154675058005208,inf,inf,5.736031623465502e-16,0.00048289081611468243,1.4901161193847656e-08,0.5-1.0
4443,42.27298607472325,2.1096307868096735,50.07741348761547,1.699641889350435,7.179524858821554e-05,0.0035953203499982105,2.3898973989614563,2.0-2.5
4444,92.81089194618086,0.7071302599020777,inf,inf,2.051403304693933e-16,0.0022640334818326948,0.0,0.5-1.0
4445,34.82645336018961,1.4311641742231584,inf,inf,2.3023259530285925e-16,0.0010107996700147795,2.1073424255447017e-08,1.0-1.5
4446,31.61771597517079,0.5877316454892596,inf,inf,7.622954596861262e-16,0.0007564903505309441,0.0,0.5-1.0
4447,93.24772712162756,2.0020636492134076,58.93242361544618,1.770354301966874,0.00010664762807985039,0.006285003195584296,1.8543323430545704,2.0-2.5
4448,58.357259956811994,0.9319766584634579,inf,inf,7.483744329087413e-16,0.0015019261573833275,0.0,0.5-1.0
4449,57.05156308176874,2.860686112927329,83.80236558128662,1.9232562781099776,4.7604738138063496e-05,0.003989389668847415,2.3297253303070526,2.5-3.0
4450,22.238043165558963,0.9834615501659534,inf,inf,7.634274387272552e-16,0.0005884410992572077,0.0,0.5-1.0
4451,64.1217043564611,2.920261882606516,91.17648548566339,1.9598828477518853,4.7851972361723115e-05,0.004362974663499013,2.27641684509904,2.5-3.0
4452,37.917254408105414,2.784525762076231,58.131663843196534,1.7644127535013359,4.726071074159069e-05,0.0027473437498206975,2.3932411877218502,2.5-3.0
4453,54.38029939654295,1.7949866786921291,38.367984770564064,1.5839689890339208,0.00010489380403628039,0.004024563875790537,2.0176905590319243,1.5-2.0
4454,39.76772306563633,1.6604331074296041,30.334093858601875,1.4819310262097924,0.00010343498019114021,0.003137606397380673,2.1192802446534835,1.5-2.0
4455,8.105851466246516,1.4726663427058344,inf,inf,3.3166468366931984e-16,0.0002672418247305492,2.1073424255447017e-08,1.0-1.5
4456,87.76851940658513,2.3725289654228767,88.82823292085888,1.9485510226813654,7.39727583848875e-05,0.0065708694116112035,2.1960652173204744,2.0-2.5
4457,69.17679576995059,0.9698425602455283,inf,inf,4.653410831229465e-16,0.001794603478239788,1.4901161193847656e-08,0.5-1.0
4458,95.82331541121664,1.38624301571988,inf,inf,7.146370645757352e-16,0.0027342193982890766,0.0,1.0-1.5
4459,30.647282028388112,0.6467330671675698,inf,inf,1.3509064453197582e-15,0.0007437707865382453,0.0,0.5-1.0
4460,28.14417405505204,1.568328391853329,22.711001477570395,1.356236285544827,0.00010229950251504535,0.0023233241527739115,2.1859843152763725,1.5-2.0
4461,13.563163410656276,0.9783761686648,inf,inf,3.5956854011161017e-16,0.00036936349762759386,0.0,0.5-1.0
4462,30.570819208935962,2.7988811614476905,46.49762087884346,1.6674307321238628,4.7322572717989406e-05,0.0022003870452525724,2.381661693128451,2.5-3.0
4463,32.50896576272193,1.626358411352365,25.314313761546334,1.4033661587181883,0.00010302314216520168,0.0026079601454703093,2.1442506987345658,1.5-2.0
4464,18.395969356604958,1.0570759461029193,inf,inf,5.11505248045868e-16,0.0004992765180464063,0.0,1.0-1.5
4465,26.459263018843682,1.184098284497743,inf,inf,1.5360537970840673e-16,0.0007293968040167056,0.0,1.0-1.5
4466,29.40262147067362,0.9455913077375362,inf,inf,5.661204537653521e-16,0.0007651957162047781,0.0,0.5-1.0
4467,85.79658307691957,0.7225062404800227,inf,inf,1.925649605058896e-16,0.0021007588234528782,0.0,0.5-1.0
4468,44.62817433761652,0.6331802557938957,inf,inf,6.330512994072839e-16,0.0010740868221454155,0.0,0.5-1.0
4469,81.98048127137949,2.2912329506922404,86.96975757902833,1.9393682595165707,7.335115528460928e-05,0.006379332193244131,2.2597362697379406,2.0-2.5
4470,4.976219664070925,0.7622327482781974,inf,inf,4.418098023141461e-16,0.00016280109453777224,1.4901161193847656e-08,0.5-1.0
4471,18.846155424829426,2.6040790432586705,32.15859682899092,1.507297090986833,4.632411647809581e-05,0.001489718585278298,2.5240235499505355,2.5-3.0
4472,95.27277313940294,2.9192715141877206,135.5368598871104,2.1320574197022815,4.784916043640997e-05,0.006485324953785564,2.277329230681647,2.5-3.0
4473,5.030734372516676,2.785867411954693,7.856627425284751,0.8952361586457913,4.681419621490521e-05,0.00036780169787468584,2.3921666101088155,2.5-3.0
4474,6.945960719261091,0.9414698971085779,inf,inf,6.5615832935530175e-16,0.00021054562451282405,0.0,0.5-1.0
4475,51.798063579540845,2.482418689193899,49.31284075610477,1.6929600215772658,7.472917703621736e-05,0.003685108007021748,2.1051248992861282,2.0-2.5
4476,28.98341779733119,1.9934634596845653,18.40101090149258,1.2648416826225923,0.00010657539096540408,0.0019610949309852342,1.8612318563520698,1.5-2.0
4477,19.419118947925394,2.864389963305314,28.493976168208206,1.454753056730595,4.759748430907918e-05,0.0013562415835695662,2.3265044482483965,2.5-3.0
4478,60.87400337689809,1.2329603366695827,inf,inf,2.6908420502860277e-16,0.0016790922439296496,2.1073424255447017e-08,1.0-1.5
4479,60.910372573069324,2.013199206996954,38.28353105625673,1.5830119878175513,0.00010672117171844442,0.004085663291843174,1.8453888439227422,2.0-2.5
4480,18.806577999819464,2.04038235379162,23.31894597385222,1.3677089162377043,7.108397250169854e-05,0.001657603314373905,2.4350258250089056,2.0-2.5
4481,53.906876878129594,0.9741627542421643,inf,inf,4.372598109567738e-16,0.001401628786834661,2.1073424255447017e-08,0.5-1.0
4482,45.480251599146904,2.0006127982189175,28.766586514988322,1.4588883309325074,0.00010663346564889224,0.003067480814981894,1.8554967746662965,2.0-2.5
4483,84.65232933833543,2.3129954646072752,88.66698207874455,1.947761926815329,7.352225680653954e-05,0.006518996626654296,2.243008676426112,2.0-2.5
4484,6.84404962138384,2.5170612675987027,6.44284817612299,0.809077897441506,7.466835030255873e-05,0.00048107684456095295,2.0753996834259034,2.5-3.0
4485,23.311387600741863,2.6395248545115506,38.91464592344395,1.590113083244406,4.652779965867133e-05,0.001810612849314131,2.500406348704795,2.5-3.0
4486,56.50514504525363,0.566459893969437,inf,inf,5.516553415906389e-16,0.0013367913643900539,0.0,0.5-1.0
4487,3.33844594043079,2.3963528379896104,3.4908067946586643,0.5429258126252364,7.245450648109874e-05,0.0002529246835278597,2.1768076857795124,2.0-2.5
4488,84.56944956720585,1.3110301097738746,inf,inf,3.957329036780742e-16,0.0023722379002272423,0.0,1.0-1.5
4489,96.82168415250526,2.413604356546341,95.73991880326825,1.9810930548222667,7.42684385144111e-05,0.007110454273015239,2.162699898296978,2.0-2.5
4490,32.829073016553046,0.8781245996017855,inf,inf,5.204629522066831e-16,0.0008393921232770678,0.0,0.5-1.0
4491,77.47697715396701,1.440361983379179,inf,inf,3.1097393375812584e-16,0.0022397350834439493,0.0,1.0-1.5
4492,24.90825262733225,1.5155479466455088,inf,inf,8.778172004063123e-16,0.0007424997339248748,0.0,1.5-2.0
4493,94.80346041399325,2.238683961263925,103.75428455090622,2.016006040019266,7.29262544381336e-05,0.0075664113542059,2.2991458736412755,2.0-2.5
4494,21.171034754939512,2.0394719855523658,26.2519004334782,1.419160748423793,7.109439514554837e-05,0.0018663629827392915,2.4356025924721276,2.0-2.5
4495,0.5906137464404049,2.534348065681257,4.0350667192856395,0.6058507201183204,2.3452855117462965e-05,9.463383515670272e-05,2.567746936334869,2.5-3.0
4496,6.8280104723663415,0.5151146769555216,inf,inf,8.325055634481926e-16,0.00018847643218469063,0.0,0.5-1.0
4497,45.86637043665862,1.211054858524209,inf,inf,7.719559808249889e-16,0.0012611627500877648,2.1073424255447017e-08,1.0-1.5
4498,3.836005675494669,2.339802621534967,4.112121934740355,0.6140659840999984,7.231435352305234e-05,0.00029736543931871195,2.222082598218901,2.0-2.5
4499,98.03837109474767,1.0987656455819228,inf,inf,5.067074775119512e-16,0.002617626599430564,0.0,1.0-1.5
4500,63.11603121052107,2.609274201012534,107.17566644351612,2.0300961927363597,4.63924141141376e-05,0.004972137900606281,2.5206222150730517,2.5-3.0
4501,56.88380206571991,1.2762064810428626,inf,inf,3.036448124896038e-16,0.001585357180977085,1.4901161193847656e-08,1.0-1.5
4502,62.62499764546625,2.1674746565467053,71.56458274926639,1.854698143507859,7.231757830254389e-05,0.005175377316658954,2.350290640052069,2.0-2.5
4503,41.81981723376711,0.6380723892646527,inf,inf,6.78110322268775e-16,0.0010082866293231586,0.0,0.5-1.0
4504,88.5753059062732,2.790458712374247,135.30286204823616,2.131306983283577,4.729469496077835e-05,0.006399107587891604,2.3884773679544793,2.5-3.0
4505,71.2828836573647,0.7811014261506611,inf,inf,1.1997331189472822e-15,0.0017701714600025288,1.4901161193847656e-08,0.5-1.0
4506,43.03376025851655,1.5279977457974163,35.58626424114964,1.551282399225811,0.00010181557473236813,0.003623235946290571,2.2143686435917127,1.5-2.0
4507,28.407061582409952,1.4731947961780087,inf,inf,7.028798487465525e-16,0.0008357071290128849,0.0,1.0-1.5
4508,14.437458753889231,1.2586133198749674,inf,inf,4.742774903281647e-16,0.0004171730588430189,1.4901161193847656e-08,1.0-1.5
4509,31.517350655882492,1.8401616235812774,21.69252321534687,1.336310070906218,0.00010531475345827184,0.002284542734312094,1.9826566898634719,1.5-2.0
4510,35.31479128936085,1.8115147747412883,24.692353581307113,1.3925624872044815,0.0001050454720421066,0.002593819937779007,2.0049204907621627,1.5-2.0
4511,8.044923292672124,2.4855085227875846,7.691008112680406,0.8859832694606129,7.453041150870277e-05,0.0005732139995548422,2.1024929940816666,2.0-2.5
4512,92.4952379207829,2.930224263323521,130.8137112719029,2.116653267058915,4.789257135345769e-05,0.006265005001100221,2.2671896572500483,2.5-3.0
4513,25.7981875326838,2.501825444799991,24.313266650172714,1.3858433131351877,7.483778097337412e-05,0.0018195509243128672,2.088530905163804,2.5-3.0
4514,54.003220730852505,2.3084227515282327,56.72219159062693,1.7537530024523063,7.348226489771113e-05,0.004168075108041171,2.246542969507442,2.0-2.5
4515,6.613274629180832,0.9945542846703852,inf,inf,3.8116764838303164e-16,0.00020584207989141857,0.0,0.5-1.0
4516,55.20301441443195,1.0305877203062803,inf,inf,6.779496912826312e-16,0.0014539377261470563,0.0,1.0-1.5
4517,64.60153557508897,0.5310932268493397,inf,inf,4.559800646818924e-16,0.0015148634815635477,0.0,0.5-1.0
4518,7.974563009627422,0.7323829266445752,inf,inf,4.624197831658348e-16,0.00022241558002762,1.4901161193847656e-08,0.5-1.0
4519,97.56174341345877,2.457107305466531,94.16738108878639,1.9739004923215369,7.456667456563247e-05,0.007021748460345428,2.126537249514473,2.0-2.5
4520,16.314122874589344,0.6421781183711224,inf,inf,8.715729361810644e-16,0.0004051782235950712,0.0,0.5-1.0
4521,26.290356531579874,1.17368856274973,inf,inf,7.676548553270714e-16,0.0007231220710065419,0.0,1.0-1.5
4522,73.6504286179836,1.4584083898690952,inf,inf,4.059047703039963e-16,0.0021383618662247626,2.1073424255447017e-08,1.0-1.5
4523,33.67471982674712,0.8929731926111892,inf,inf,6.284818893954778e-16,0.0008636050205695383,0.0,0.5-1.0
4524,87.67074282793436,1.3490695155622827,inf,inf,9.342321341736986e-16,0.002480703638880761,0.0,1.0-1.5
4525,23.821171118211215,1.1305656358249736,inf,inf,3.987353623278034e-16,0.0006505798585701798,0.0,1.0-1.5
4526,31.396943084755836,1.5229449061045925,inf,inf,6.179369174675872e-16,0.0009324127012569415,0.0,1.5-2.0
4527,69.2306947144592,0.946310509685322,inf,inf,7.759797864053542e-16,0.0017862631153674469,0.0,0.5-1.0
4528,86.00172726200513,0.5640362858269092,inf,inf,5.071095325534133e-16,0.0020301025348754814,0.0,0.5-1.0
4529,88.38171062843551,2.7716906595940696,136.453601721679,2.134985003451914,4.720763622236374e-05,0.0064416519913083285,2.4034420981918254,2.5-3.0
4530,28.809762694172324,2.356759258504787,29.438416759681978,1.4689144493127722,7.383506335720444e-05,0.002173587366586908,2.2086659276135983,2.0-2.5
4531,53.09726373203165,2.425381791756022,52.16505208074542,1.7173796453108996,7.434652940681696e-05,0.003878290578529278,2.1529916569635064,2.0-2.5
4532,41.08884689296713,1.1368034046473572,inf,inf,8.675193419113936e-16,0.0011117974803160034,0.0,1.0-1.5
4533,67.60542583152015,2.8490431897025124,99.94208639636383,1.999748411556136,4.755545242795215e-05,0.004752791135172564,2.339769791706026,2.5-3.0
4534,22.74177935296693,2.583108405641047,39.27812892817373,1.5941507913469972,4.622455860987375e-05,0.001815614172726544,2.537547155337115,2.5-3.0
4535,83.90795700296646,1.5209937085005016,inf,inf,1.2203219860447829e-15,0.0024706651388449797,0.0,1.5-2.0
4536,71.32918559034441,1.2235841535817649,inf,inf,6.457606150636537e-16,0.001961879835346843,0.0,1.0-1.5
4537,17.489602469291256,2.4825702186930343,16.667794082216346,1.2218781264438932,7.46882236718385e-05,0.0012448879325287206,2.1049959173968986,2.0-2.5
4538,31.40339877842121,0.5520833044603322,inf,inf,7.339694803858256e-16,0.0007452966581662602,2.1073424255447017e-08,0.5-1.0
4539,33.61492620400895,1.93101731123418,22.03500316482023,1.3431131172223327,0.00010610842112312389,0.0023380993952621123,1.9110907115482532,1.5-2.0
4540,93.00155459479008,2.6696619165835664,152.33457663520787,2.182798489925286,4.6708915304203335e-05,0.007115382837955596,2.4795552153068114,2.5-3.0
4541,45.60981425364994,2.781059160215762,70.05561833617418,1.8454429706646625,4.7247136391749433e-05,0.003309927354537564,2.3960104509284905,2.5-3.0
4542,61.62725139693994,2.811233777221799,93.04819299668458,1.9687079435152675,4.738775693147907e-05,0.004409345152640242,2.371552774288715,2.5-3.0
4543,93.0704595466687,1.5719092498336291,74.87203691801444,1.8743196484108016,0.00010238931979825034,0.007666096931944986,2.1834390467748115,1.5-2.0
4544,39.66294519769791,0.5392391774956378,inf,inf,3.398042908030413e-16,0.0009352595827027412,0.0,0.5-1.0
4545,94.61476535824283,1.3742189982178576,inf,inf,4.715808340739904e-16,0.0026923194366403956,0.0,1.0-1.5
4546,29.211434138019765,1.175837716210466,inf,inf,6.368111857042497e-16,0.0008018461491187615,1.4901161193847656e-08,1.0-1.5
4547,1.2739820270234126,1.9460490549465652,1.5160148365553456,0.18070345156159373,7.853399433664425e-05,0.00011905870058830617,1.8991313114196662,1.5-2.0
4548,10.263187152993169,2.3125735336406636,10.811200736418026,1.0338739311633953,7.331933732900408e-05,0.0007926700737250106,2.243335223624655,2.0-2.5
4549,69.23155968039511,2.949846508366355,96.89504260876616,1.9863015580339218,4.796820971179762e-05,0.004647881723890862,2.248753811499685,2.5-3.0
4550,38.133009230666346,1.297977001455679,inf,inf,5.868585540656679e-16,0.00107189076251361,0.0,1.0-1.5
4551,83.35303605869825,1.4071655872584765,inf,inf,1.3033578705117807e-15,0.0023906950039351664,2.1073424255447017e-08,1.0-1.5
4552,53.29690766139469,0.716124774217829,inf,inf,3.7526621713774942e-16,0.001305703461324646,0.0,0.5-1.0
4553,68.56546867120166,2.5824874776948596,118.32256682661973,2.0730675824437497,4.6249279291705964e-05,0.005472333439675879,2.53794259003974,2.5-3.0
4554,35.256379048996955,1.7466508599998158,25.572940096057845,1.4077806613110937,0.00010438573856389298,0.0026694502391771905,2.0546936390360617,1.5-2.0
4555,58.72737091272352,1.0829253395005738,inf,inf,1.085164653305177e-15,0.001565012393380108,0.0,1.0-1.5
4556,69.80692553601165,1.7568482908852066,50.32349063018082,1.70177075781178,0.0001045090559264103,0.005259260496681752,2.0469314430922756,1.5-2.0
4557,37.67783895728254,1.7119026557646846,27.882798021624083,1.445336352796811,0.00010401368923331751,0.0029001926883765678,2.080954474298597,1.5-2.0
4558,49.07770495571013,2.5433641384948915,86.74801832068948,1.9382595625151353,4.6031417182933754e-05,0.003993134221112438,2.5622912398595705,2.5-3.0
4559,84.36131425360513,1.0738857043265124,inf,inf,7.567707169715309e-16,0.0022403090348034286,0.0,1.0-1.5
4560,92.92300932805033,1.7672053592829458,66.59088043922236,1.8234147570064976,0.00010461858152507632,0.006966643454057395,2.0390229360580796,1.5-2.0
4561,35.033227070682905,1.6122861853266053,27.51071353441028,1.4395018546586158,0.00010285859916967337,0.002829713456307615,2.154464645456522,1.5-2.0
4562,6.704253346299427,0.7508559655445688,inf,inf,6.658177638757648e-16,0.00019645542786231077,2.1073424255447017e-08,0.5-1.0
4563,84.21583818067965,0.8450509296236557,inf,inf,3.738233000043561e-16,0.002121342326214693,0.0,0.5-1.0
4564,44.72606142796646,1.101894070833278,inf,inf,9.519555897536926e-16,0.001199468517810368,0.0,1.0-1.5
4565,96.92931466375725,1.586792922170317,77.26752462830052,1.8879969992452907,0.00010257393132850906,0.00792563376514718,2.1728168206860703,1.5-2.0
4566,76.2814404202481,1.888728073325482,51.12246429797203,1.7086117803071512,0.00010576822949093218,0.005407132536009893,1.9445667259229078,1.5-2.0
4567,36.80676162573193,2.3631525422803117,37.46303018016549,1.5736029021716789,7.389187063773659e-05,0.0027682133797704103,2.2035716125735356,2.0-2.5
4568,85.02989118471793,2.775281194089099,131.01127156205982,2.117308661813173,4.722428571296373e-05,0.0061869137198653935,2.4006028809759643,2.5-3.0
4569,54.77996855600077,0.7288282700818443,inf,inf,7.617886661517432e-16,0.0013457434106966479,0.0,0.5-1.0
4570,71.34017482966061,2.9339746794196246,100.6949176124413,2.0030075509054135,4.790665801668318e-05,0.0048239569820773135,2.2636928082287398,2.5-3.0
4571,88.4944300951292,1.5315588788178798,72.99225506165614,1.8632767811830881,0.00010187862620693039,0.007436350669427388,2.2118835394258385,1.5-2.0
4572,58.017658793771254,2.451628831263159,56.17301964320615,1.7495277704870171,7.452695764574418e-05,0.004186404255782781,2.1311364840039264,2.0-2.5
4573,94.73719805811042,1.330417437632275,inf,inf,3.561188196313702e-16,0.002668666006011971,0.0,1.0-1.5
4574,39.83580307076268,2.325457434868875,41.43508467090262,1.6173682306436556,7.360846104846354e-05,0.003049972816037924,2.233324395426632,2.0-2.5
4575,37.87608871311369,2.213892714725164,42.09131996886506,1.6241925452824901,7.270444482945589e-05,0.0030602260504753245,2.317249063954418,2.0-2.5
4576,64.0212916610683,0.5480463433272144,inf,inf,1.514476904930222e-15,0.0015072072776605855,0.0,0.5-1.0
4577,40.49582618093851,2.679049674821272,65.98543937290444,1.8194481128502695,4.6749580120919776e-05,0.00308479158477769,2.4729119391150594,2.5-3.0
4578,70.74520301722143,0.6093956526355211,inf,inf,4.991978722867533e-16,0.0016885700149609638,0.0,0.5-1.0
4579,53.12404039992033,1.7312586101467593,38.86680494403958,1.5895788408060738,0.00010423424458092132,0.004051252052615984,2.0663630048249257,1.5-2.0
4580,74.23925567082397,1.0431772830881652,inf,inf,6.048284858038432e-16,0.001958324447930865,0.0,1.0-1.5
4581,82.57879190111375,1.9792272831270332,52.7936120529911,1.7225813767389275,0.00010648659567782647,0.005621812021058889,1.8726369532161462,1.5-2.0
4582,56.74504234764646,0.9551363488516023,inf,inf,8.48541979706028e-16,0.0014684960830923291,0.0,0.5-1.0
4583,91.4408263585873,2.0228449311165924,57.197263095140514,1.7573752481791172,0.00010678624237214603,0.006107880799901078,1.8376333965608085,2.0-2.5
4584,78.11205618401887,2.42480378326405,76.75884985235075,1.8851284586830317,7.43457049841888e-05,0.005706690806048513,2.153469555164464,2.0-2.5
4585,85.70577683460274,1.9841143193708417,54.65717320585088,1.737647166821582,0.00010652182786403766,0.005822181995768539,1.8687240956112534,1.5-2.0
4586,1.9485036562290836,2.5941396699148283,3.998132782749734,0.601857213458411,4.23221861351206e-05,0.00016920971982446194,2.5304742619896263,2.5-3.0
4587,1.5438290030705182,1.4536816362759162,inf,inf,1.2337301369791605e-16,0.00013310372142917088,0.0,1.0-1.5
4588,63.461732485157384,2.171249601574254,72.35303239208345,1.8594567375773923,7.235060451517018e-05,0.005234785632072927,2.3476453124231673,2.0-2.5
4589,33.29455579728854,1.6186916463970689,26.04568325949379,1.4157357548167357,0.00010293272862341607,0.0026809532467609253,2.1498226846574893,1.5-2.0
4590,87.2953353023491,2.788648044858585,133.4846459068104,2.1254313137797145,4.728631959028786e-05,0.006311997626745848,2.389934492163881,2.5-3.0
4591,39.176349366283915,0.7374358420225899,inf,inf,4.151439585526127e-16,0.0009671904984874459,0.0,0.5-1.0
4592,74.38845030902253,2.6738529926382486,121.55103489087777,2.084758660797489,4.6729298993726925e-05,0.005679994652412761,2.476598168391769,2.5-3.0
4593,24.604727468953214,0.5335636665596175,inf,inf,6.421506749014179e-16,0.0005848541563794996,0.0,0.5-1.0
4594,62.94891807865546,2.6386968095496117,105.02726457794242,2.0213020544861657,4.6547343194161105e-05,0.004888740129053446,2.5009691423548936,2.5-3.0
4595,90.06172506869736,0.713295966438227,inf,inf,7.028752686865223e-16,0.0022002485680690403,0.0,0.5-1.0
4596,86.20970060837708,2.242752398087908,94.12134396257237,1.9736881198571699,7.295929903205933e-05,0.00686702727946463,2.296144857686874,2.0-2.5
4597,36.644383324421185,0.7539796971979793,inf,inf,2.927457634006243e-16,0.0009089270846233318,0.0,0.5-1.0
4598,48.18042251916549,2.450950082337317,46.668667223936296,1.6690253983663,7.452028957963964e-05,0.0034777625958235703,2.1317054109905094,2.0-2.5
4599,53.54097749704664,1.0564260720718477,inf,inf,1.0225454064960024e-15,0.0014188756094265494,1.4901161193847656e-08,1.0-1.5
4600,34.45308800899459,0.6757739396013889,inf,inf,4.024717710096475e-16,0.0008400377134817802,0.0,0.5-1.0
4601,48.39485659310439,2.6751465860475263,79.02902747435773,1.8977866375748222,4.6732366616445155e-05,0.0036932134852728023,2.475682606011737,2.5-3.0
4602,96.45537790681117,1.9412931308400203,62.876214439848766,1.7984863864446017,0.00010620169275585575,0.00667756040759212,1.9029183348190144,1.5-2.0
4603,87.98151677840015,2.6184194824362743,148.56948111393328,2.1719296065642255,4.644280298308149e-05,0.00689998314067305,2.5145848349177538,2.5-3.0
4604,31.45396298508055,2.4799720528195364,29.99225073967815,1.4770090581951503,7.470401915310158e-05,0.0022405416737015416,2.107206183927131,2.0-2.5
4605,68.39249222195949,0.7357120937449808,inf,inf,6.654267674708166e-16,0.0016809521837582708,1.4901161193847656e-08,0.5-1.0
4606,94.84434849834074,0.7407940171172276,inf,inf,3.01879247482754e-16,0.0023315860412590774,0.0,0.5-1.0
4607,36.21223339390277,2.287146742481879,38.522880602127174,1.5857187546423588,7.330502686155717e-05,0.002823920797323492,2.2628507724901534,2.0-2.5
4608,84.84899104540395,2.6142840068735294,143.63630311578282,2.1572642188079962,4.642076922080781e-05,0.006667707678667752,2.517322825980065,2.5-3.0
4609,79.73567613567856,0.9508309868373922,inf,inf,1.0305951376013922e-15,0.002058469205524444,2.580956827951785e-08,0.5-1.0
4610,88.67467683270486,2.717279928977784,141.25774102700638,2.1500122567972784,4.694684295010187e-05,0.00663160498348103,2.4451152730839207,2.5-3.0
4611,8.436349844926339,0.5658797731946916,inf,inf,4.0941290357739773e-16,0.00022365787747522124,0.0,0.5-1.0
4612,92.29550468969833,2.4213629774354546,90.86917216762224,1.9584165715798512,7.4322554300966e-05,0.006753628982711933,2.1563113505263622,2.0-2.5
4613,98.10355779391912,2.068878470636215,119.17690606379148,2.0761921065723716,7.143628867970563e-05,0.008513555865527168,2.4167559536570242,2.0-2.5
4614,24.135028761144618,1.4627724821277055,inf,inf,3.9365572585231555e-16,0.000711414012166386,0.0,1.0-1.5
4615,63.30675833022138,1.4556592384333786,inf,inf,1.2161300349496783e-15,0.0018379959998215743,0.0,1.0-1.5
4616,9.010420627632676,1.2689219361133524,inf,inf,2.3591361963263883e-16,0.0002773464620072815,0.0,1.0-1.5
4617,60.23344713189689,1.6889779116547785,45.165520628456385,1.654807020762674,0.00010377202859975506,0.004686917698379003,2.0981122639232863,1.5-2.0
4618,70.85449344912253,1.7508614299627867,51.253603603163725,1.7097244057268126,0.00010444664321836402,0.0053532668491950985,2.0514915611339304,1.5-2.0
4619,74.56021553699247,0.912731535350902,inf,inf,6.964683206094425e-16,0.0019084008753482943,0.0,0.5-1.0
4620,85.68609196328832,0.5337770526249628,inf,inf,6.590827205480416e-16,0.002008586427668778,0.0,0.5-1.0
4621,29.343086829635144,1.81724171765606,20.45483025083598,1.3107958797556276,0.00010509286747529458,0.002149656764780752,2.000482578381082,1.5-2.0
4622,11.594480146069774,0.9762613307758773,inf,inf,1.7092072975765033e-15,0.0003209294202769283,0.0,0.5-1.0
4623,81.69693373637425,0.745826945833354,inf,inf,6.228230250717696e-16,0.00201144206487634,0.0,0.5-1.0
4624,2.5706126425701914,1.1307103649464463,inf,inf,2.866232936673481e-16,0.0001353222158467841,0.0,1.0-1.5
4625,23.311588295251696,0.8611638062571676,inf,inf,3.2581631030527636e-16,0.0005986846936461533,0.0,0.5-1.0
4626,23.68913583413602,2.663108151932271,38.99298306917214,1.5909864611670452,4.665132411144294e-05,0.001819074291231957,2.4841510150171504,2.5-3.0
4627,77.51428214792563,1.2263643203819599,inf,inf,1.080937718497381e-15,0.0021327673142034344,0.0,1.0-1.5
4628,44.209019691531594,2.119269136969447,52.055529000002004,1.7164668642339924,7.188357983359115e-05,0.0037419377746514635,2.3834188309299678,2.0-2.5
4629,83.77825086945253,0.5243972449292564,inf,inf,4.1064359502197096e-16,0.0019597301185215444,0.0,0.5-1.0
4630,66.79029621963345,2.1530276739407634,77.00246439538621,1.88650462460353,7.219196355038239e-05,0.0055589591029213395,2.3603460070137405,2.0-2.5
4631,84.28951627810378,2.885783420235272,122.11044419399452,2.0867528110524725,4.7712304433738675e-05,0.005826170687922924,2.3076588039849355,2.5-3.0
4632,78.6099477927795,2.3876363848529873,78.88007515343698,1.8969673157098716,7.408228382133387e-05,0.005843616115365064,2.183884005837179,2.0-2.5
4633,88.00672477328638,2.4095457352253082,87.22281153501127,1.9406300815859916,7.423945757659332e-05,0.0064753742166646635,2.1660310569319696,2.0-2.5
4634,27.612335172940348,1.5445126049955153,22.613987229640767,1.3543771425826023,0.00010199562864249887,0.0023065278436006516,2.2028090095654926,1.5-2.0
4635,35.54590520545472,1.6933649386877354,26.593391874513593,1.4247737332863808,0.00010380517177943508,0.0027605316117317166,2.094839487267137,1.5-2.0
4636,62.84231565361562,2.7537292369260697,98.03055181343736,1.9913614472860823,4.712136019400453e-05,0.004619332942018006,2.4174779526215247,2.5-3.0
4637,58.2906640204129,1.091770102606389,inf,inf,5.464544584003593e-16,0.0015566139441371418,0.0,1.0-1.5
4638,77.77605996518751,1.7638412118237712,55.84428338474005,1.7469787222764928,0.00010458262952950061,0.005840342000566715,2.0415944556320285,1.5-2.0
4639,80.8597236330901,2.322930331778869,84.20685813167746,1.925347463559652,7.35988983268866e-05,0.0061975319900598935,2.235294389931515,2.0-2.5
4640,30.4969288253657,1.3438467754460297,inf,inf,4.0511726886467855e-16,0.0008694768534730209,0.0,1.0-1.5
4641,12.09745115966465,1.6799437019944914,9.156838526713482,0.9617455558297201,0.00010345890620152763,0.0009473564982377846,2.1048357202067765,1.5-2.0
4642,74.13154576680843,0.5884752939442501,inf,inf,8.911975785067189e-16,0.0017605755968180426,0.0,0.5-1.0
4643,68.71841114454273,2.2055842492701023,76.72458682711536,1.8849345583721948,7.26464118332578e-05,0.005573765932379168,2.323245260013502,2.0-2.5
4644,27.689849972493107,0.9179468114592209,inf,inf,5.06478929473062e-16,0.0007170043923676378,0.0,0.5-1.0
4645,5.694966755134267,1.147018743543741,inf,inf,4.208571249923766e-16,0.00019297384580701027,0.0,1.0-1.5
4646,2.312859089092456,1.0623060901764423,inf,inf,3.03932937760103e-16,0.0001298537086463416,0.0,1.0-1.5
4647,24.824757300909994,2.2953936441877407,26.294496142972267,1.4198648532470863,7.33517203736587e-05,0.0019287465284455489,2.256556411135275,2.0-2.5
4648,27.352029782882926,1.4983430150513237,inf,inf,6.753860975197688e-16,0.0008100780621858167,0.0,1.0-1.5
4649,20.73608955422329,2.9847188081725897,28.510584770901193,1.4550061250671267,4.8083884959356514e-05,0.0013708996782479947,2.21513808755957,2.5-3.0
4650,5.05593408032059,2.4983352811497728,4.843343902699573,0.685145307316644,7.427754650118825e-05,0.00035975170195401407,2.091526251926488,2.0-2.5
4651,17.03757598740413,2.8090056395334453,25.794974580899098,1.4115351042434152,4.734235012516939e-05,0.0012211947180787697,2.373386147955765,2.5-3.0
4652,34.99272116051131,2.217812328816289,38.79836811935266,1.5888134593141927,7.273452666638044e-05,0.002821980940589101,2.314407917680363,2.0-2.5
4653,9.226271139140374,1.0749887988702043,inf,inf,7.20864914445249e-16,0.0002703722218028547,2.1073424255447017e-08,1.0-1.5
4654,20.65749549257755,1.3094693422509356,inf,inf,4.2383646321119444e-16,0.0005910657977841481,0.0,1.0-1.5
4655,43.807267725460584,1.4090643938629164,inf,inf,4.1280889966638737e-16,0.0012614370940008703,2.1073424255447017e-08,1.0-1.5
4656,84.80787438887472,1.0062147492354603,inf,inf,1.0208997189108676e-15,0.0022172166589366797,2.1073424255447017e-08,1.0-1.5
4657,87.15398711884794,1.6667731295271244,66.20832904692253,1.8209126273790015,0.00010352457842418142,0.006854189352752139,2.1145979423409402,1.5-2.0
4658,40.50517833057399,2.4776770148743212,38.66522111869814,1.5873204981648077,7.469490353143888e-05,0.002888094961482911,2.10915629005438,2.0-2.5
4659,12.591782656928308,1.804631421483443,8.860297859089647,0.9474483219304652,0.00010484674871095396,0.0009289734231361754,2.0102456701622295,1.5-2.0
4660,26.919744104149647,0.9156443114733444,inf,inf,8.080561953968349e-16,0.0006971750991039375,0.0,0.5-1.0
4661,67.48072024740156,2.331943316896547,69.9102418576082,1.8445408045927894,7.36667176657211e-05,0.0051500580488667005,2.228254057082649,2.0-2.5
4662,40.73306447275319,2.9128280659470738,58.159807677220314,1.7646229617289033,4.781899722547684e-05,0.002781143681951265,2.2832436793448827,2.5-3.0
4663,57.03234724075158,1.686324529195136,42.8328360160239,1.6317768305332443,0.00010374118544869223,0.004443529184431759,2.1000892370436235,1.5-2.0
4664,73.68209610903308,0.8542002912433708,inf,inf,3.356961352055552e-16,0.001860680877190012,0.0,0.5-1.0
4665,65.8799786041541,2.3260910814991966,68.48423087888199,1.8355905827233194,7.362162239900976e-05,0.005041920186051654,2.2328299480505236,2.0-2.5
4666,85.94556112895683,1.8477636618073094,58.88764628480772,1.7700241960933438,0.00010540368440005,0.00620697488406565,1.9767221008449711,1.5-2.0
4667,8.565461146805653,2.520434028041601,8.02597889755548,0.9044980135230059,7.479511378060709e-05,0.0006003040048434137,2.072480798920547,2.5-3.0
4668,29.68970622147271,2.0141906636794173,18.654700168456618,1.270788273144672,0.00010671851818929588,0.0019908019592432985,1.8445920368670137,2.0-2.5
4669,3.409138553698565,2.679842924082061,5.847438511019286,0.7669656636636744,4.5558786137536e-05,0.0002664022005759196,2.4723473321638867,2.5-3.0
4670,52.11284092351808,0.5359069606030582,inf,inf,2.04206807870308e-16,0.0012248386720677478,0.0,0.5-1.0
4671,61.47054040678363,2.1261683411614123,72.05707655462732,1.857676638275746,7.195257553291265e-05,0.0051846922434776906,2.378751719001811,2.0-2.5
4672,25.395962770423818,2.0042445527611967,16.037594292427972,1.205139222808442,0.0001066463574741793,0.001710351013936131,1.8525816207528782,2.0-2.5
4673,5.549210149913697,2.4470011919652954,5.462828720022469,0.7374175839824155,7.397368789778774e-05,0.0004041055867740134,2.135011459204569,2.0-2.5
4674,46.384797290341254,1.0467779038030813,inf,inf,2.7275854382927015e-16,0.001227819767546598,0.0,1.0-1.5
4675,16.77007897937044,1.963547060941246,10.81678760424902,1.0340983020929402,0.0001063248186568157,0.001150092980471069,1.885174151324728,1.5-2.0
4676,19.45381644004621,1.1678875681391547,inf,inf,2.832794824800199e-16,0.000540165567407655,2.1073424255447017e-08,1.0-1.5
4677,38.13258781636591,2.386841259010654,38.2907952580378,1.5830943862638782,7.406693158639806e-05,0.002836081712765861,2.184527770571041,2.0-2.5
4678,94.50681840932589,0.6992490746994746,inf,inf,5.169638583044537e-16,0.0023011231851252385,0.0,0.5-1.0
4679,36.00350928428948,0.8940273970944483,inf,inf,8.12528299876589e-16,0.0009226119599627775,0.0,0.5-1.0
4680,70.92423537335333,2.863120849428261,104.03537935153432,2.0171810551088574,4.7616223302613155e-05,0.004953771854574728,2.3276094640194365,2.5-3.0
4681,37.24682410133617,2.3442143549514647,38.32562482952263,1.5834892439648154,7.374999575036227e-05,0.002826514668307273,2.218605202435204,2.0-2.5
4682,40.52584076369019,1.1302234325180778,inf,inf,5.693587533108078e-16,0.0010950667594860008,0.0,1.0-1.5
4683,14.010723715787876,1.2806275921036712,inf,inf,6.343085320449789e-16,0.00040794297218399195,0.0,1.0-1.5
4684,18.45929884166133,1.5850342921813547,14.761933470125825,1.1691432436939253,0.00010244382172900943,0.0015122688807890675,2.1740755083107928,1.5-2.0
4685,77.0636879537543,1.0836194434987354,inf,inf,6.259860115088004e-16,0.0020516521722513574,0.0,1.0-1.5
4686,42.925362432509964,0.8506522236036811,inf,inf,5.036285179476201e-16,0.0010867210508866939,0.0,0.5-1.0
4687,28.52825172552477,2.924717230846668,40.48219304347097,1.6072640315214568,4.786134526227997e-05,0.0019375322182278323,2.272301361587028,2.5-3.0
4688,98.70603625032093,1.0294485236172972,inf,inf,3.6534103420581477e-16,0.00259356945426962,0.0,1.0-1.5
4689,87.81578136312778,2.3699908507118708,89.00481408961328,1.949413497386617,7.39540934098293e-05,0.006582270335107752,2.1981012288483246,2.0-2.5
4690,26.432642209524694,2.295508976029581,27.99246613012416,1.4470411614002312,7.335684248440697e-05,0.002053438928657615,2.256468144258567,2.0-2.5
4691,43.42641572621264,2.3391546048713243,44.81029362537598,1.651377789694403,7.371540419204219e-05,0.0033032089065586816,2.2225925820173025,2.0-2.5
4692,56.69314974554601,1.2575102064756725,inf,inf,9.425332019913145e-16,0.0015732672209748104,1.4901161193847656e-08,1.0-1.5
4693,16.61526043242656,1.055941759329233,inf,inf,7.778940161044032e-16,0.0004534938690763522,0.0,1.0-1.5
4694,42.72686270310672,2.041516008808317,52.832153998494086,1.722898317493487,7.11674088262314e-05,0.0037599275027812447,2.4343069971479783,2.0-2.5
4695,28.402868888507015,2.9885416014047066,38.96097442485139,1.590629810168691,4.810575196103225e-05,0.001874246971842022,2.211387213751017,2.5-3.0
4696,81.03124656533403,1.4717497057242759,inf,inf,3.211737602302305e-16,0.0023592084409548466,0.0,1.0-1.5
4697,9.45504256851677,1.0462131621190145,inf,inf,3.3099447220721947e-16,0.00027405095534333284,1.4901161193847656e-08,1.0-1.5
4698,99.1424915117214,1.7703586937341456,70.9203752327515,1.8507710247444795,0.0001046512943929033,0.007421909066937845,2.036610220353625,1.5-2.0
4699,23.555704377424004,0.974623672953775,inf,inf,2.713552143302967e-16,0.0006208000573644818,0.0,0.5-1.0
4700,33.115217201192316,1.367475501694137,inf,inf,6.635994668887509e-16,0.0009478648631943875,0.0,1.0-1.5
4701,7.561202170833258,2.3381501922917742,7.880502035703336,0.8965538855594248,7.336174596275252e-05,0.0005781273884022223,2.2233826444782983,2.0-2.5
4702,91.28519818257925,1.106167800107619,inf,inf,4.042136045633694e-16,0.0024418511721209413,2.1073424255447017e-08,1.0-1.5
4703,82.81084180516044,1.6207031542090866,64.6683805870545,1.8106919855657644,0.000102984080272567,0.0066598136974741345,2.1483624560635057,1.5-2.0
4704,6.762241497700461,2.108859555575995,8.156255042371598,0.9114907975086105,7.116186762296198e-05,0.0005804143416243638,2.3904137047536644,2.0-2.5
4705,52.817561011558546,0.8980277396557491,inf,inf,9.735568529699003e-16,0.0013495522302919836,2.580956827951785e-08,0.5-1.0
4706,39.0573373866825,0.861139381069715,inf,inf,6.42792461637792e-16,0.0009922309698946973,0.0,0.5-1.0
4707,60.60677492468371,2.912139508658659,86.55776148117117,1.9373060163744873,4.7819114110611704e-05,0.0041391154734272345,2.283873488454744,2.5-3.0
4708,33.59084462113378,2.66951864049121,55.051777832774405,1.7407713485665617,4.669713845089724e-05,0.002570760491425102,2.4796560552016293,2.5-3.0
4709,95.62629992771886,2.7119583535024487,152.80174471683452,2.1841283131177325,4.6920918965627496e-05,0.0071695982816650915,2.4490568026332307,2.5-3.0
4710,21.79987414770729,1.9309905984382563,14.2954095162797,1.1551966009750907,0.00010608920071967013,0.0015165885695424795,1.911111938047842,1.5-2.0
4711,82.02008600480414,1.761000219999551,58.986381074454165,1.7707517522022596,0.00010455368827623436,0.0061672436994016505,2.0437640594370734,1.5-2.0
4712,26.76579883831105,0.7718711807938451,inf,inf,1.6933285867088754e-15,0.0006706493082817342,0.0,0.5-1.0
4713,64.94630882764693,1.1002184448831431,inf,inf,1.266204027219659e-15,0.001736807863856433,0.0,1.0-1.5
4714,42.77947210206625,0.7810893714330731,inf,inf,4.4223597448453723e-16,0.0010658058393784317,1.4901161193847656e-08,0.5-1.0
4715,52.58745940155616,1.8306903886054757,36.37401574677666,1.5607912504743224,0.00010523952669041902,0.0038279842010206233,1.9900352653870894,1.5-2.0
4716,52.20235920435772,1.5892304497160323,41.55934883926147,1.6186687343199084,0.00010259400865274336,0.004263740194417571,2.171070655105118,1.5-2.0
4717,62.59776681458662,0.9315386835762958,inf,inf,2.226462380230648e-16,0.0016103226297803587,0.0,0.5-1.0
4718,6.799890445056834,0.7471074802735154,inf,inf,3.1348536729558936e-16,0.00019826529780084232,0.0,0.5-1.0
4719,5.944577739201373,1.9358681616219653,3.9195902214275757,0.5932406655216693,0.00010570345876613972,0.0004143142433508342,1.9072345528992862,1.5-2.0
4720,97.08816539113688,0.8528350515997641,inf,inf,7.055910544180499e-16,0.0024491879521281656,0.0,0.5-1.0
4721,25.30581612927898,0.5321815551497057,inf,inf,1.2294941603951357e-15,0.000600833275957003,2.1073424255447017e-08,0.5-1.0
4722,35.67749455414459,1.0638991740509196,inf,inf,2.841394319144359e-16,0.000950958772350658,1.4901161193847656e-08,1.0-1.5
4723,23.972599355053813,2.5073747212935724,22.527010413890057,1.3527035598152466,7.486970121101569e-05,0.0016865905388653874,2.0837585640554375,2.5-3.0
4724,64.56568963705773,2.1441644121015373,74.84611541383161,1.8741692649580755,7.211335821684827e-05,0.005397404731977208,2.366461216314946,2.0-2.5
4725,98.39097064473997,1.792928208863382,69.49234313941511,1.8419369554463556,0.00010487904609596846,0.007288290659435575,2.019276968206786,1.5-2.0
4726,40.27140026185572,1.0633842383191798,inf,inf,7.840137644235381e-16,0.0010716010659156253,0.0,1.0-1.5
4727,32.133202207729084,1.6688652874570704,24.39328384811396,1.3872702694041632,0.00010352118976591835,0.0025252217662545162,2.113050377910511,1.5-2.0
4728,34.94941258248209,0.5247721067191692,inf,inf,1.6391732587480994e-16,0.0008227567385032875,0.0,0.5-1.0
4729,2.7103363920923718,1.3132060592200887,inf,inf,4.565514340459638e-16,0.00014318557330264144,0.0,1.0-1.5
4730,8.985283400252197,1.6984937619368676,6.749022303437576,0.8292408633531035,0.00010350058380107193,0.0006985277484922443,2.091006879828595,1.5-2.0
4731,4.804797989775378,0.7291555849111931,inf,inf,4.590251778701386e-16,0.00015841915057385314,0.0,0.5-1.0
4732,32.391153336448376,1.9500835972668238,21.02375020925385,1.3227101879012269,0.00010625770192161883,0.0022339353830094673,1.895916478059536,1.5-2.0
4733,98.43727397693569,1.6063200810956215,77.54136458603001,1.8895334395260825,0.00010281247136847992,0.007972219326374074,2.158777184572759,1.5-2.0
4734,14.124922214834545,0.6353313893188592,inf,inf,5.886212492701508e-16,0.00035408193042302,0.0,0.5-1.0
4735,54.8901831807878,0.8679308012383522,inf,inf,4.265779868984071e-16,0.0013924518656410695,0.0,0.5-1.0
4736,20.716760543650615,1.7208783609776472,15.265173288854385,1.1837017387339974,0.0001040642823008756,0.0015885593025031283,2.07419982876686,1.5-2.0
4737,3.6781711659776617,2.7426167685694773,6.009727692449521,0.778854794074986,4.613785860851868e-05,0.0002772759665499352,2.4260231667731604,2.5-3.0
4738,83.70060223997784,0.6422358871946472,inf,inf,2.6799860530816917e-16,0.0020119284941665276,0.0,0.5-1.0
4739,12.725089895667974,1.9054832496672385,8.469027528896389,0.9278335445596226,0.00010580684072899923,0.00089608104687945,1.9313350690025863,1.5-2.0
4740,13.513205980230437,1.2110580365796162,inf,inf,6.452301766899193e-16,0.0003884503622608139,0.0,1.0-1.5
4741,81.72118657207636,1.470929624172666,inf,inf,4.1900869091270686e-16,0.0023787884124828154,0.0,1.0-1.5
4742,24.3741802158981,2.8059371182172455,36.935998164231606,1.56744983995807,4.734793906398201e-05,0.0017488433903473893,2.375903836797048,2.5-3.0
4743,19.89109963145852,2.07438925826578,24.13027375022808,1.3825622488685496,7.141283764956916e-05,0.0017232113217646983,2.413174357632367,2.0-2.5
4744,94.31891275922335,1.2106803230483245,inf,inf,4.48213361087398e-16,0.002584450367137818,2.1073424255447017e-08,1.0-1.5
4745,19.43325786876713,1.6294249204579558,15.122148226738013,1.179613490685524,0.00010299946982852993,0.0015575732500224594,2.1420172120090504,1.5-2.0
4746,83.16507785528538,2.953281917996212,116.1813774502558,2.065136521180483,4.798188935679255e-05,0.005574601998137927,2.2454904890108525,2.5-3.0
4747,30.676346958839208,2.668352398498098,50.31532445338696,1.701700277539836,4.668864174982762e-05,0.002349154157930525,2.480476260979769,2.5-3.0
4748,56.5661668704278,1.5644095182026383,45.72310336046894,1.6601356995576133,0.00010228785236957974,0.004676918046414682,2.188765214592975,1.5-2.0
4749,31.10056292675164,1.824315908959439,21.59383127653108,1.334329703688505,0.00010516395260457584,0.0022708926489163218,1.9949915830408322,1.5-2.0
4750,33.92138136499364,1.6458602305183396,26.104807955495072,1.416720502596512,0.00010325703534796668,0.0026955050778124366,2.130000084931445,1.5-2.0
4751,93.22841410747684,0.8763981147894078,inf,inf,4.936536555931499e-16,0.0023648503556097013,0.0,0.5-1.0
4752,90.77472026518832,2.9193623513506517,129.13204762307456,2.111034037608315,4.784942704398043e-05,0.006178894491780112,2.2772455830542544,2.5-3.0
4753,17.48343024965323,1.0728690147196862,inf,inf,4.3164952400194567e-16,0.0004775806764618754,1.4901161193847656e-08,1.0-1.5
4754,72.44304283453896,1.0478713759681795,inf,inf,7.949399848744173e-16,0.0019131783124242427,0.0,1.0-1.5
4755,13.955946927097262,0.776016435377642,inf,inf,8.940651176862655e-16,0.0003617763589375922,0.0,0.5-1.0
4756,29.934109077819603,2.854492197250733,44.13558435115595,1.6447888809811912,4.7569974571239585e-05,0.002099528625271288,2.335084029984813,2.5-3.0
4757,7.082232283476564,2.7870132273563195,10.94594712007107,1.0392533457325952,4.7048516902011714e-05,0.0005149905780871902,2.391247639534165,2.5-3.0
4758,64.78854667868266,2.0925792925572524,77.55129085073693,1.8895890310946435,7.164984972384283e-05,0.0055565383353453285,2.4012404382190566,2.0-2.5
4759,72.64820784512047,1.8215985177504863,50.499084284822125,1.7032835029967912,0.00010515684145568404,0.005310324199796265,1.9971020006672324,1.5-2.0
4760,74.63199486712882,1.9526046685557836,48.367447729713284,1.6845531709909667,0.00010628815757136006,0.005140886905620287,1.8939066001918965,1.5-2.0
4761,77.43786460213339,1.4259881696296455,inf,inf,3.2010754971067613e-16,0.0022311897339580256,0.0,1.0-1.5
4762,39.4780325873629,2.724700786483168,62.63598516894593,1.796823912605882,4.697641694242086e-05,0.0029424141548956935,2.439579373200559,2.5-3.0
4763,17.719525834665205,1.8933796465417534,11.857972170761789,1.0740104267730897,0.00010575411802814652,0.001254029388521219,1.9408977315602636,1.5-2.0
4764,0.4306454630478851,2.6397149238156397,4.3813788785711365,0.6416108103016778,1.8846217300623915e-05,8.257241842191556e-05,2.500277089526998,2.5-3.0
4765,44.023539166236546,2.236327089481338,48.26105509431739,1.6835968123226845,7.289689434239258e-05,0.003518081034062842,2.3008805034290707,2.0-2.5
4766,93.32901448966872,2.1973799973269443,104.71448381361988,2.0200067562279136,7.25791149986523e-05,0.0076000845627332315,2.3291312204511985,2.0-2.5
4767,44.87526668068188,2.177781121571006,50.968030154174365,1.7072978490153532,7.240062054953294e-05,0.0036901170113495313,2.343050789290922,2.0-2.5
4768,61.58253078172646,2.439765927997348,60.016480448657575,1.778270523468965,7.444707331627455e-05,0.0044680513201459686,2.1410514770507545,2.0-2.5
4769,91.67403251746167,2.533459086000001,162.99074372356915,2.2121629414351136,4.5981455431132096e-05,0.007494551618212369,2.5682817654236167,2.5-3.0
4770,86.25257684504119,2.2078676100494197,96.16349091867646,1.9830102206653115,7.266773598812978e-05,0.006987983169775296,2.3216009190087954,2.0-2.5
4771,73.97884749980014,1.301903337554012,inf,inf,6.639882545712102e-16,0.0020716249777124134,0.0,1.0-1.5
4772,59.23382202695178,1.1580340785404226,inf,inf,4.811422225739468e-16,0.001606051823278474,1.4901161193847656e-08,1.0-1.5
4773,23.18181409337282,0.9898463357536281,inf,inf,8.410883301054719e-16,0.0006134235495936018,0.0,0.5-1.0
4774,74.86935225278563,2.6399912042335085,124.81376077388141,2.096262469150174,4.6555197986901624e-05,0.005810729344317825,2.5000891509610703,2.5-3.0
4775,41.762734836767315,1.714476203407027,30.857145265004444,1.4893557450257793,0.0001040458293391798,0.003210557270136932,2.079019845419042,1.5-2.0
4776,70.62775944634309,0.5008182966313319,inf,inf,7.256281814655005e-16,0.0016440351577967098,0.0,0.5-1.0
4777,22.339446342978363,1.9976692243979008,14.155424487311778,1.1509228973488062,0.00010659540013890957,0.001508903137361118,1.8578586449541703,1.5-2.0
4778,94.06938330870986,2.658978879035423,155.05857218447906,2.1904957805669536,4.665432938751904e-05,0.007234153701053085,2.487029023349751,2.5-3.0
4779,16.404866148561737,2.7966413686815366,25.014970223632574,1.3981999902608127,4.728214855264361e-05,0.0011827615381537519,2.383480269155048,2.5-3.0
4780,79.07612798706543,2.846388677486919,117.06849224388331,2.0684400249967174,4.754453064923309e-05,0.005565966517548817,2.342042841715483,2.5-3.0
4781,89.03536522980657,2.6716663325344427,145.66680025584625,2.1633605805369167,4.6718965151909635e-05,0.006805402164943063,2.478142747118859,2.5-3.0
4782,15.203265003791467,0.9417984267842306,inf,inf,4.523009875551154e-16,0.0004066511801535256,0.0,0.5-1.0
4783,86.50425243687314,1.7891565053035958,61.22733843536541,1.7869453809781577,0.00010484069098770007,0.0064191164689014766,2.0221813660510652,1.5-2.0
4784,64.43653196862758,2.2710080371372605,69.18232419876048,1.8399951481631798,7.318732054372793e-05,0.005063268937094789,2.2750696646846644,2.0-2.5
4785,60.35541021627492,2.108147471145511,71.54768827023996,1.8545956061223836,7.179019612013168e-05,0.0051364225728625715,2.3908901395118978,2.0-2.5
4786,25.40260568867826,1.396473776697277,inf,inf,4.472623754230233e-16,0.00073628136304848,0.0,1.0-1.5
4787,32.83768127439872,0.5930073335417902,inf,inf,5.056726806776666e-16,0.0007861088996713396,0.0,0.5-1.0
4788,23.509865151126586,2.7330233762999714,37.14532945159572,1.5699042145726019,4.70019305459141e-05,0.0017459021949889995,2.43331577570863,2.5-3.0
4789,44.13898100754574,2.4452106245257674,42.891484933843884,1.6323710820845112,7.448014731742291e-05,0.003194564116535718,2.1365083334878094,2.0-2.5
4790,64.78803331719061,2.6650317509916275,106.41978919646257,2.0270223943095855,4.668352337699348e-05,0.004968050716727779,2.4828056645599896,2.5-3.0
4791,72.8719377781217,1.463814257445756,inf,inf,6.869541290563358e-16,0.002118480435898359,0.0,1.0-1.5
4792,70.57340667032992,1.120133572114521,inf,inf,1.07032309815701e-16,0.0018953457505807075,0.0,1.0-1.5
4793,34.681713494548184,2.610518875722113,58.871197850889516,1.7699028724817625,4.638992390841392e-05,0.0027310303886999457,2.519804272131095,2.5-3.0
4794,33.61412582493474,2.1364244714834335,39.17282930798623,1.5929849401583032,7.202649070324761e-05,0.0028214814259715755,2.371767921669175,2.0-2.5
4795,76.347533391283,2.1680797767143387,87.20821863889807,1.9405574154523866,7.232510440279419e-05,0.006307343517840005,2.3498670953198744,2.0-2.5
4796,97.38650157050039,0.5857562253944039,inf,inf,1.7173452331523626e-15,0.0023097602827255254,0.0,0.5-1.0
4797,22.1619525734023,0.7679960150087277,inf,inf,2.2619410076402035e-16,0.0005580334265812037,0.0,0.5-1.0
4798,41.280371346302346,2.4234513740243253,40.603633950807065,1.6085649038766447,7.432921035749851e-05,0.003018036049208407,2.154587150335866,2.0-2.5
4799,27.615117943035884,2.708901512405271,44.23530329989115,1.6457690093630464,4.688970745006379e-05,0.0020741804306967375,2.451310257270751,2.5-3.0
4800,97.46277212528423,1.3837368666721603,inf,inf,6.823762822973295e-16,0.002779296135826709,0.0,1.0-1.5
4801,1.6442697013464236,2.6804480835081526,3.347118691326826,0.5246711130372907,4.181526025490792e-05,0.00013996063918189804,2.471916258127933,2.5-3.0
4802,89.23788944985864,0.947970428587233,inf,inf,4.863113602370834e-16,0.0023015759294590793,2.1073424255447017e-08,0.5-1.0
4803,76.74662300910848,1.949655700820357,49.81348811013606,1.6973469535762913,0.00010626566999987913,0.0052934636890546215,1.8962575332802056,1.5-2.0
4804,33.18566876508211,1.373105483631083,inf,inf,7.50155294583618e-16,0.0009510832435827304,1.4901161193847656e-08,1.0-1.5
4805,68.04545408118088,1.8347109905624475,46.95919880974934,1.6717206786255656,0.0001052805887749505,0.004943892099090365,1.986905100331785,1.5-2.0
4806,36.96499315704865,0.9917729660186559,inf,inf,8.176288532731063e-16,0.0009685200598998602,0.0,0.5-1.0
4807,63.68382152194606,1.4574949249863618,inf,inf,3.508301693882517e-16,0.0018496764247160871,0.0,1.0-1.5
4808,42.53520440038552,1.6543168462455773,32.5618802103945,1.5127094742707068,0.0001033666620427262,0.003365812867183582,2.1237866696727536,1.5-2.0
4809,91.50225658476216,1.9484914060415788,59.425755031226885,1.773974708344053,0.0001062574263237628,0.006314427786964567,1.8971854209479642,1.5-2.0
4810,45.76117108639546,1.012490459861856,inf,inf,7.829343332593361e-16,0.0012019016158679747,2.1073424255447017e-08,1.0-1.5
4811,81.2310715176588,2.013722205795258,51.04108429532215,1.7079198917803726,0.00010672591996458165,0.005447406677408017,1.8449685341856505,2.0-2.5
4812,57.62631077441611,1.0295541352224715,inf,inf,9.50408721124811e-16,0.0015170182245028427,0.0,1.0-1.5
4813,37.24448981139447,2.940437425394847,52.3977204046266,1.7193123931435177,4.7927640952602886e-05,0.0025112991302878177,2.257637264280488,2.5-3.0
4814,96.6736162487987,1.1033762433386558,inf,inf,8.054994244790349e-16,0.0025840087908532657,0.0,1.0-1.5
4815,19.538531002508954,0.7740693078208243,inf,inf,5.37146565370702e-16,0.0004952559177562276,0.0,0.5-1.0
4816,90.81704749077602,1.1778474706762558,inf,inf,5.05079733257513e-16,0.0024699031298409486,2.1073424255447017e-08,1.0-1.5
4817,98.1296618854319,1.920191213061042,64.67605767729347,1.8107435396638998,0.00010603323746448709,0.006857811781963322,1.9196853403325145,1.5-2.0
4818,84.90823263429965,1.6155283358607933,66.51366702817766,1.8229108919959456,0.00010292227569108151,0.0068457379750989,2.1521166236284253,1.5-2.0
4819,61.04031119602917,2.1484962664726464,70.57228038295686,1.8486341509006783,7.215082671328686e-05,0.005091848372672215,2.363477564196788,2.0-2.5
4820,62.2437586144316,0.7746025252596707,inf,inf,4.783507280747682e-16,0.0015442681372316532,0.0,0.5-1.0
4821,92.84314489444559,1.5313721412810086,76.58735816545031,1.884157089057075,0.00010187671735767802,0.007802468640992835,2.2120139557086627,1.5-2.0
4822,43.31142304110831,1.8901403401406573,29.0082265361637,1.462521178333814,0.00010577387038039314,0.00306831239360126,1.9434531431782898,1.5-2.0
4823,82.43672081482272,2.9366607168293415,116.1883586689135,2.065162616702142,4.791758664979347e-05,0.005567465744214945,2.261180581561332,2.5-3.0
4824,77.4625103085219,2.7161463918859137,123.48087637213801,2.091599703108673,4.69407565362666e-05,0.005796285754669365,2.4459568282281534,2.5-3.0
4825,85.8685022052342,1.9291178762899204,56.331385276741635,1.7507504313462576,0.00010610486081537016,0.005977033794325663,1.9125997986220342,1.5-2.0
4826,44.07045414107834,1.2509614948190348,inf,inf,7.435012619349536e-16,0.0012234492769731856,0.0,1.0-1.5
4827,65.25383285614873,0.7870771422708074,inf,inf,6.561357893920907e-16,0.0016232660268408014,1.4901161193847656e-08,0.5-1.0
4828,9.226662858284262,2.0810360982786,11.234148652814492,1.050540166261676,7.119411236728884e-05,0.0007998052415393015,2.408833475332466,2.0-2.5
4829,7.208709120528467,1.9082223064874118,4.811748168672068,0.6823028896948126,0.00010559818260491638,0.000508111861764305,1.92916794545958,1.5-2.0
4830,10.746958613225054,1.6856562261560089,8.11606589889346,0.9093455646562325,0.00010346725197365103,0.0008397470353955662,2.1005868775934795,1.5-2.0
4831,73.53674993407007,2.300562918986782,77.58796203091124,1.8897943445945524,7.342404017621788e-05,0.005696821641348495,2.252593698976915,2.0-2.5
4832,35.51177206808433,1.6633425100335986,27.043663379794832,1.4320655215102183,0.00010346329471894835,0.0027980265145437434,2.1171329460445816,1.5-2.0
4833,90.83650073355153,2.44797163790841,88.11973308532146,1.945073173002702,7.450506619114768e-05,0.0065653665462681405,2.1341996122217983,2.0-2.5
4834,7.921836068893706,1.221361214605491,inf,inf,2.7714504399031946e-16,0.0002477323408690341,0.0,1.0-1.5
4835,17.240387778465116,1.3185667916708108,inf,inf,2.7427200574002726e-16,0.0004988431053921049,0.0,1.0-1.5
4836,83.62904442302558,2.7808426982406846,128.44648554511394,2.1087222259301615,4.7250100935008415e-05,0.006069109406753734,2.396183022289111,2.5-3.0
4837,41.84526571864935,1.9476031656051962,27.192062490358182,1.4344421496327608,0.0001062440179368544,0.0028889939749656805,1.8978931933964855,1.5-2.0
4838,22.035781685952927,2.8873824127937575,31.9193887520689,1.5040545661327867,4.770105439719079e-05,0.0015225884991875184,2.3062336586049725,2.5-3.0
4839,78.09789583913515,0.6536722073795527,inf,inf,3.674563828687055e-16,0.00188259268046421,0.0,0.5-1.0
4840,23.443477095615073,2.811982829113467,35.40702207910811,1.5490894017935282,4.737395169331947e-05,0.0016773705535799636,2.370935448057806,2.5-3.0
4841,97.3454203165426,0.6434438109661562,inf,inf,6.741819583219419e-16,0.0023397499917528273,0.0,0.5-1.0
4842,27.49286826759947,2.3694598748084172,27.890633829748907,1.4454583839553499,7.392755569506575e-05,0.0020618863858194473,2.198526780424902,2.0-2.5
4843,85.85412648564645,1.9477898591780298,55.778063995281265,1.7464634362341231,0.00010625177773243397,0.0059265184579721025,1.8977444393837941,1.5-2.0
4844,47.959750884457755,0.8035649123668627,inf,inf,1.9832869082815804e-16,0.001199839288016085,0.0,0.5-1.0
4845,93.53088584482879,1.2572756053498115,inf,inf,2.6711915926242722e-16,0.00259062872110129,0.0,1.0-1.5
4846,29.626117484485416,1.6994743585027587,22.08976667982429,1.3441911287188788,0.00010386280455606184,0.0022943051193555974,2.0902733251901644,1.5-2.0
4847,92.51150376493364,1.8952547527357622,61.7828948204924,1.7908682531903024,0.00010582516080844955,0.006538184779590133,1.9394177507143222,1.5-2.0
4848,30.27334435225997,1.719297723037648,22.311892641492015,1.3485364115609795,0.00010408332075788066,0.0023222958785198105,2.075390811030564,1.5-2.0
4849,44.81712174329749,0.5680367099198029,inf,inf,5.979460974090257e-16,0.0010624879477701408,0.0,0.5-1.0
4850,63.258383260905724,2.986450049917377,86.84280182205858,1.9387338267150165,4.810515944343093e-05,0.004177586828164402,2.2134410183022446,2.5-3.0
4851,55.45001262821122,1.3803649561173366,inf,inf,3.3833830585979636e-16,0.0015832577608060985,0.0,1.0-1.5
4852,67.0836188466056,2.3065821864624665,70.53202276145349,1.8483863389919237,7.347045834143897e-05,0.005182020040032794,2.247962638930579,2.0-2.5
4853,69.59875641120999,2.8220970638187346,104.44322468364372,2.01888027219622,4.743708764795674e-05,0.004954482403553246,2.36255122055301,2.5-3.0
4854,26.780841804855736,2.9357502352165517,37.780194340402176,1.5772641875918285,4.790373271098117e-05,0.0018098123314515492,2.2620328753315078,2.5-3.0
4855,0.8754161173276542,0.9591484867860629,inf,inf,7.849371505255721e-17,0.0001141065270620615,1.4901161193847656e-08,0.5-1.0
4856,72.3487817213829,2.730566622766435,114.37131025919054,2.05831709649596,4.701083627674666e-05,0.005376690941351802,2.435170803331921,2.5-3.0
4857,60.02677861804613,1.7818820280455805,42.66405487391979,1.6300621292587607,0.00010476400721244314,0.004469657352523403,2.0277743687001992,1.5-2.0
4858,56.338916471607966,2.137896891853684,65.56649571985757,1.81668197289638,7.205569269760109e-05,0.004724439266848634,2.3707607954766363,2.0-2.5
4859,49.571118834929116,1.114950706607094,inf,inf,7.47259973610228e-16,0.0013322664142285132,0.0,1.0-1.5
4860,92.84211887069529,0.860239836488361,inf,inf,3.539596067517469e-16,0.0023463014765439483,0.0,0.5-1.0
4861,29.701018658024015,1.9480291352406969,19.29915113571059,1.285538207184755,0.00010623915389808836,0.0020503254876092242,1.89755378225358,1.5-2.0
4862,91.20168957450522,2.75789629200604,141.92046838027696,2.15204503579257,4.714278460185261e-05,0.00669052607144543,2.4142463632429356,2.5-3.0
4863,16.79310820431843,1.5465965180632888,13.760073931204458,1.1386207673172164,0.00010193084354245727,0.0014025759430142466,2.201344076918715,1.5-2.0
4864,69.45055443734039,2.8827775973420895,100.78117379305546,2.0033794122543025,4.769915013745172e-05,0.0048071763397835665,2.310331577118066,2.5-3.0
4865,94.15125218917294,2.2643523394365626,101.47682213711566,2.0063668583336423,7.313644722792146e-05,0.007421654247088331,2.280070517183076,2.0-2.5
4866,15.421237025401124,0.5469006152082754,inf,inf,3.273624443531205e-16,0.00037613404896200397,0.0,0.5-1.0
4867,77.0138829105808,2.83475307125593,114.75528541987146,2.0597726974844384,4.7493552049858945e-05,0.005450136121085084,2.3519319797726044,2.5-3.0
4868,27.30524370547408,0.781008912851376,inf,inf,9.583683527399487e-16,0.0006852687701931442,2.580956827951785e-08,0.5-1.0
4869,5.9032284775716874,1.0548940885200038,inf,inf,4.3053692013097813e-16,0.0001933180034844643,0.0,1.0-1.5
4870,43.12108528012109,1.907078864136819,28.621675286098093,1.4566950503257343,0.00010591773678231061,0.0030315430692217024,1.9300727653680365,1.5-2.0
4871,69.89738808766516,2.8488950574592957,103.33818004140264,2.014260808623072,4.7554954011836745e-05,0.004914242399535808,2.339896803204355,2.5-3.0
4872,28.3446609872264,0.8370528072007475,inf,inf,2.8865097642318257e-16,0.0007199839673551376,0.0,0.5-1.0
4873,95.02612872695197,1.244039113060258,inf,inf,8.214125305461952e-16,0.0026239236230651197,0.0,1.0-1.5
4874,0.2268676253526558,0.6139778221612973,inf,inf,4.9317461087105364e-17,0.0001034168258934221,0.0,0.5-1.0
4875,26.778081412423905,0.7197303878637815,inf,inf,3.506160601424647e-16,0.0006629190614162466,0.0,0.5-1.0
4876,34.160887662104,1.5768976202705294,27.41260325380991,1.437950280525996,0.00010242255104632691,0.0028076687560760526,2.179886617344763,1.5-2.0
4877,37.08840621248499,1.93947062425977,24.203880124619506,1.3838849933206618,0.00010617811575074745,0.0025699223854890652,1.9043687851236266,1.5-2.0
4878,29.968156774096176,1.7776400361335254,21.359646493632397,1.3295940607565562,0.00010469979294123765,0.0022363505651813447,2.031030478303881,1.5-2.0
4879,2.136848987564699,0.618596569710808,inf,inf,1.1812339788894939e-16,0.000115287362929237,0.0,0.5-1.0
4880,20.995467569553185,1.57213986305149,16.91559894414632,1.2282873798084544,0.00010230786824688987,0.001730598868094951,2.183274989163968,1.5-2.0
4881,26.164053130774477,1.609897937905956,20.585264874857884,1.3135564595263196,0.0001028059842302968,0.0021162884161011223,2.156192247579924,1.5-2.0
4882,67.24896214361426,2.8378767513982255,100.0332551255625,2.000144401166204,4.7506726341016774e-05,0.004752252476251211,2.349289036323849,2.5-3.0
4883,37.731307060604166,1.3185739714996099,inf,inf,5.498170703833165e-16,0.0010658009897786486,0.0,1.0-1.5
4884,72.23814595119202,2.083841511284602,86.93995418228182,1.9392194069798767,7.157133601897291e-05,0.0062224086742542015,2.4069944551894507,2.0-2.5
4885,44.248739442468754,1.7197050388748223,32.5935838557467,1.5131321163166709,0.00010410478258996523,0.003393147961130311,2.0750839659601255,1.5-2.0
4886,34.07152719397407,2.44573870357463,33.10380649826306,1.5198779347467983,7.447819637073939e-05,0.0024655118009965947,2.136067014683932,2.0-2.5
4887,15.897649102809808,2.010369133610234,10.013691380072194,1.0005942024017112,0.00010666172349038226,0.0010680775810992845,1.8476628384567177,2.0-2.5
4888,22.83419900580814,2.980338979004361,31.463878841346606,1.4978122610575537,4.8070567662921564e-05,0.0015124865167809181,2.2194196049915638,2.5-3.0
4889,90.14960769224236,2.092626352710157,107.89467229188888,2.0330000002773585,7.165373027516734e-05,0.007731055746530577,2.4012093407445114,2.0-2.5
4890,45.51479859954332,1.3542684515694754,inf,inf,3.413814333972538e-16,0.0012936651194403789,0.0,1.0-1.5
4891,31.35224705665808,1.550850206832633,25.569974998438255,1.4077303033863036,0.00010208842661467935,0.0026103985161672495,2.1983495104673056,1.5-2.0
4892,21.834265641912353,2.6401545897836685,36.44117803648388,1.5615924079956598,4.65272394367318e-05,0.0016955074158600575,2.499977980559772,2.5-3.0
4893,87.66120263355518,1.4203172570229758,inf,inf,4.852498375555037e-16,0.0025215819878401814,0.0,1.0-1.5
4894,70.41935147960957,2.8168220434550824,105.98705168417928,2.0252528112496955,4.741355727378348e-05,0.005025223145307284,2.366935276834076,2.5-3.0
4895,69.44778445913556,1.6013777988676607,54.87432801933863,1.7393692149945046,0.00010274862038716403,0.005638261498659743,2.162341550801728,1.5-2.0
4896,80.46084422828362,2.8579528112980745,118.3587587246139,2.0732004018934833,4.759453904782089e-05,0.005633230563770248,2.332094309925475,2.5-3.0
4897,24.130511345284912,0.87582805459512,inf,inf,6.552545005059371e-16,0.0006211259188485887,0.0,0.5-1.0
4898,73.10276610402725,2.4600673771250055,70.44692098124837,1.8478620161809953,7.458514903120002e-05,0.005254294100175581,2.124046947012336,2.0-2.5
4899,7.142806552778225,1.611533708200021,5.68885947526597,0.7550252060704052,0.0001021489723918277,0.000581111149479931,2.1550091538898473,1.5-2.0
4900,66.49017810953987,1.0670438411649386,inf,inf,2.9299184804997126e-16,0.0017643455100253406,1.4901161193847656e-08,1.0-1.5
4901,32.22215008621592,1.9759358207636277,20.638524835093477,1.3146786523120484,0.00010645224229091551,0.002197017246272448,1.875270884228942,1.5-2.0
4902,66.1839284907264,0.6489070618819321,inf,inf,8.723257094704575e-16,0.0015946035180085085,0.0,0.5-1.0
4903,22.661974275366937,0.9996754026107311,inf,inf,6.96144973584971e-16,0.0006015005209948426,0.0,0.5-1.0
4904,35.350361353988,2.6181126973562012,59.731944070830906,1.7762066497796287,4.6430766713193525e-05,0.002773399960478273,2.5147883986192383,2.5-3.0
4905,67.02360133071204,1.8094711580507021,46.90473686417052,1.6712167039110377,0.00010503901470388714,0.004926827345157565,2.006502513346691,1.5-2.0
4906,93.94999831535607,1.3455787051423747,inf,inf,3.485427873912831e-16,0.0026558197101669155,1.4901161193847656e-08,1.0-1.5
4907,34.07049721871087,0.8608120486971536,inf,inf,2.6326564500632763e-16,0.0008671268340570149,1.4901161193847656e-08,0.5-1.0
4908,16.9132533171359,0.9009988934964243,inf,inf,5.95789760195544e-16,0.0004449071909022413,1.4901161193847656e-08,0.5-1.0
4909,12.460159079333877,1.074766897762224,inf,inf,5.349355745845383e-16,0.0003499176987844599,0.0,1.0-1.5
4910,67.13516204081856,1.6516168125116253,51.46558055411248,1.7115168761699604,0.00010334640022998992,0.005318782486014095,2.125772693336641,1.5-2.0
4911,89.43284577744473,0.5501425116512331,inf,inf,7.002300690545094e-16,0.002104132703740055,0.0,0.5-1.0
4912,1.6966056515712702,1.0129226710138295,inf,inf,1.813723604785672e-16,0.00012162268453544362,0.0,1.0-1.5
4913,34.49098089663559,1.570294332829761,27.78983764045139,1.443886009459559,0.00010234074913967603,0.002844032802593762,2.184587426444872,1.5-2.0
4914,16.894176868736444,2.7065698886972775,27.13298605295539,1.4334975915853738,4.684857490525374e-05,0.0012711417295050856,2.453023880725046,2.5-3.0
4915,95.46283027684221,2.6640217278541214,156.8867995093292,2.19558640348857,4.668021548424121e-05,0.007323509607728435,2.483512435764934,2.5-3.0
4916,13.228908606653944,2.8375990528128563,19.728814776583526,1.2951009954675554,4.744805598043017e-05,0.000936093907946873,2.3495243497341227,2.5-3.0
4917,6.860557682641222,1.0626919033628224,inf,inf,3.31358782967816e-16,0.00021460893769871395,0.0,1.0-1.5
4918,76.80293414696959,0.8105731742192543,inf,inf,7.993195820794733e-16,0.0019197863535372112,1.4901161193847656e-08,0.5-1.0
4919,99.89674563998969,2.622925593890831,168.23241059956152,2.2259096679695354,4.646702251501906e-05,0.007817259211085757,2.511586538317024,2.5-3.0
4920,77.38035431873982,2.246694153529102,84.28487024374499,1.9257496225563007,7.29909842292389e-05,0.006152035634724638,2.2932292101175085,2.0-2.5
4921,11.460606977307231,1.1162954649878725,inf,inf,6.055368425233874e-16,0.00032812059676044124,0.0,1.0-1.5
4922,40.78686245763671,1.583138517495935,32.59823410968649,1.5131940743872372,0.00010250990520571502,0.003341641888457668,2.175431282470587,1.5-2.0
4923,52.002615964703345,2.8115360912491494,78.5069576293727,1.8949081475241492,4.738794324940948e-05,0.0037202832528245087,2.371303683856852,2.5-3.0
4924,89.87362942555191,2.5422895064899373,158.92737193679147,2.201198701847801,4.603047761663998e-05,0.007315502836607897,2.562944521834717,2.5-3.0
4925,75.33378261971079,2.840747082579271,111.87862530550495,2.0487471213936135,4.751976640467063e-05,0.005316446140193268,2.3468527673480644,2.5-3.0
4926,6.0023071749255035,1.7347530334693644,4.45114805418727,0.6484720400356527,0.00010346548501512448,0.0004605401923006134,2.0637188154594805,1.5-2.0
4927,45.30395343099143,0.981489074867437,inf,inf,5.4623116008538245e-16,0.0011815113292554125,2.1073424255447017e-08,0.5-1.0
4928,77.86435865695057,1.8475495736244758,53.357478546743884,1.727195298436436,0.00010540109928255795,0.005623936893772308,1.9768893767318767,1.5-2.0
4929,54.31605199495835,0.7834827433830617,inf,inf,6.270729568405911e-16,0.001351366186082051,0.0,0.5-1.0
4930,66.67661231232066,0.7926217834549782,inf,inf,3.416271334218624e-16,0.0016606306981608234,0.0,0.5-1.0
4931,96.74073473971079,0.7274336462720966,inf,inf,8.670746178771811e-16,0.0023707837198831136,0.0,0.5-1.0
4932,97.86456404049166,1.1298683221457289,inf,inf,5.696974383476387e-16,0.0026318299819483486,0.0,1.0-1.5
4933,83.68912039229667,0.90975725705506,inf,inf,5.21673388860408e-16,0.002139846108112966,0.0,0.5-1.0
4934,57.19253595328809,1.1443324155084793,inf,inf,2.1747849385960065e-16,0.0015461046493450573,0.0,1.0-1.5
4935,30.75804431456165,2.2377878956630215,33.701320544562684,1.5276469184968724,7.289588558981307e-05,0.002456687606642058,2.2998057027508993,2.0-2.5
4936,15.968895908624802,2.1807030353276624,18.15025279604158,1.258882678251544,7.233493495468078e-05,0.0013128973554126806,2.340988225287696,2.0-2.5
4937,16.748392242537257,0.5644021362451077,inf,inf,6.740398698301202e-16,0.0004078707982357458,0.0,0.5-1.0
4938,64.04976202165557,2.647436278548371,106.30946589023148,2.026571936215353,4.659288406972898e-05,0.004953264619738363,2.495002144613048,2.5-3.0
4939,77.29111304556791,2.549944898797989,136.04290646552676,2.1336759017703604,4.607209734107048e-05,0.006267782029241896,2.5582728235106593,2.5-3.0
4940,85.86945562136346,2.8606256109328037,126.12780658215681,2.1008108432257986,4.760618276191203e-05,0.0060044634115092475,2.329777840659336,2.5-3.0
4941,91.40432494626941,1.0448564961065647,inf,inf,4.54760574797824e-16,0.0024106572209912957,0.0,1.0-1.5
4942,28.786131114128754,2.325448796673286,29.951686873091116,1.4764212867936046,7.359643333557213e-05,0.002204337326243381,2.233331134631633,2.0-2.5
4943,33.4473684006841,1.8924532234717253,22.376759654750746,1.3497971972080505,0.00010578730737037708,0.0023671771515501702,1.94162873375106,1.5-2.0
4944,19.622861777167188,2.266430624189777,21.156825956633316,1.3254505134143562,7.309581369141686e-05,0.0015464754084278012,2.278511377581927,2.0-2.5
4945,54.39230862227434,2.758413312021835,84.62532861222526,1.927500368123913,4.714256006413422e-05,0.003989454637048926,2.413844370350964,2.5-3.0
4946,94.66346767749596,0.7029840444527065,inf,inf,2.3325093163654083e-16,0.0023069182577891067,0.0,0.5-1.0
4947,75.7593385022481,2.6031617070462376,129.11189345511244,2.1109662501983606,4.636105037794447e-05,0.005985762996864266,2.5246220208442587,2.5-3.0
4948,43.680674126380566,2.6470025090080416,72.53260430311596,1.8605332712045723,4.6586472071507486e-05,0.0033790381446408154,2.4952997213820236,2.5-3.0
4949,15.904104036515587,2.1125400256156848,18.858211464170346,1.2755005013348006,7.172240737422458e-05,0.0013525563249824977,2.3879470038195105,2.0-2.5
4950,84.27966655262364,1.5039573991744106,inf,inf,1.2526026464539815e-15,0.0024718375172481676,0.0,1.5-2.0
4951,89.62227176956557,1.8529735254092736,61.232323082281255,1.7869807363698704,0.00010545168057741325,0.0064570513746856914,1.9726488410466223,1.5-2.0
4952,76.80685228904036,0.8510480055752496,inf,inf,8.130066385439422e-16,0.0019379124864749135,0.0,0.5-1.0
4953,29.214353854448106,2.3622268865270155,29.757748340980513,1.4736000666560063,7.387663190510505e-05,0.0021984022205113678,2.2043103997012983,2.0-2.5
4954,39.024691311857055,1.8780300780510846,26.30861464968015,1.4200979797527542,0.00010566603399667897,0.002779926969978629,1.952991706181506,1.5-2.0
4955,58.35659664399162,1.9378263795122945,38.11138875742072,1.5810547745054533,0.00010617167095941139,0.004046349826959083,1.9056769959751634,1.5-2.0
4956,91.78786921990176,2.273110731300269,98.41806089089745,1.9930748039750454,7.320706005465724e-05,0.007204896894102843,2.273485117027286,2.0-2.5
4957,24.28009018351478,0.7528856521264916,inf,inf,6.757897390254659e-16,0.0006073659372802721,2.1073424255447017e-08,0.5-1.0
4958,41.97141201783434,0.6184790318618236,inf,inf,4.725483497280594e-16,0.0010073348299585473,0.0,0.5-1.0
4959,6.017107021926693,0.7975668342754976,inf,inf,5.909904105761786e-16,0.00018445743971217323,0.0,0.5-1.0
4960,0.3109727576388166,0.7000463508306449,inf,inf,6.506590213601035e-17,0.00010561963786185851,0.0,0.5-1.0
4961,24.336564959745587,2.50403027441818,22.909982019894006,1.3600247483485473,7.484923542110476e-05,0.0017147946377003235,2.0866362032884673,2.5-3.0
4962,80.90107256404414,0.8309649410283619,inf,inf,6.376882219124688e-16,0.002031451573644664,0.0,0.5-1.0
4963,67.53569576563265,1.4423493175909665,inf,inf,3.851536297717944e-16,0.0019542058422548046,0.0,1.0-1.5
4964,47.67536750240493,2.141961992797242,55.350214753671516,1.7431193102400997,7.208825092952844e-05,0.003990100170165959,2.3679744290267126,2.0-2.5
4965,40.959548187744524,1.1447120767714902,inf,inf,3.82915403096835e-16,0.00111036336600738,0.0,1.0-1.5
4966,26.491341139508005,2.7792618331927934,40.75088428625413,1.6101370372839403,4.722764218635703e-05,0.0019245681818488491,2.3974421088360174,2.5-3.0
4967,76.60723704286649,2.7847527674266583,117.40243828006724,2.069677116678054,4.726788970152539e-05,0.005549365503312361,2.393059481042737,2.5-3.0
4968,48.77253139174932,1.4768501971325327,inf,inf,4.3062399572537664e-16,0.0014252348767067916,1.4901161193847656e-08,1.0-1.5
4969,7.002602292648829,1.9665561838951626,4.529928874291778,0.656091383084553,0.00010611030177415028,0.0004806721198665374,1.882770310381153,1.5-2.0
4970,62.718054123512744,2.4642528246573754,60.30228856495653,1.7803337945990505,7.46119219285536e-05,0.004499269646521646,2.1205194428375664,2.0-2.5
4971,99.31486756248543,2.9542469961941755,138.66957213943272,2.1419811755530196,4.798591742602716e-05,0.006654186638185334,2.2445718477016348,2.5-3.0
4972,7.281101630561048,2.231942605902832,8.103226104986453,0.9086579572309375,7.24082759978326e-05,0.0005867406322827011,2.3040998528810634,2.0-2.5
4973,99.70875658738157,1.6243366757867683,77.69126973313384,1.890372219318987,0.0001030291039051168,0.008004461901855503,2.1457217190133964,1.5-2.0
4974,9.950183776799138,0.6084013512051768,inf,inf,4.140966289101188e-16,0.00025846765534795414,0.0,0.5-1.0
4975,30.770945826554563,2.1045139660730965,36.58337529594483,1.563283772348123,7.173423661138684e-05,0.002624280499522471,2.393317103245159,2.0-2.5
4976,97.6474142626553,2.148069670321092,112.91133247741716,2.052737532584114,7.215161181043377e-05,0.008146734629909426,2.3637718247695734,2.0-2.5
4977,97.21120904405109,2.2334583472540177,106.72244650704482,2.028255772460133,7.28830695151229e-05,0.007778259487596933,2.302988020710998,2.0-2.5
4978,18.46364775023417,1.370172381545597,inf,inf,2.233818561682087e-16,0.0005385829731518854,0.0,1.0-1.5
4979,72.03180877488875,2.6540071455099232,119.08906741092873,2.0758718943036367,4.6627589208687374e-05,0.005552836114482464,2.49047621084919,2.5-3.0
4980,61.26491670921715,1.9814133401975353,39.1251288406675,1.5924557807065511,0.00010650084640786251,0.004166859337347761,1.8708869700630915,1.5-2.0
4981,39.8033089783685,1.450534726106019,inf,inf,3.9649808742352298e-16,0.0011583537011060332,0.0,1.0-1.5
4982,78.3673188198928,1.108029411561139,inf,inf,9.221853441578752e-16,0.002098043221310024,0.0,1.0-1.5
4983,63.46176469062114,0.5764233314023649,inf,inf,9.186777647198098e-16,0.0015039178234341382,0.0,0.5-1.0
4984,22.511158798733277,2.2797808036452074,24.069836693117214,1.3814731437225312,7.321870145860206e-05,0.001762362186990655,2.268443919910918,2.0-2.5
4985,49.017487138123315,1.289753245180349,inf,inf,5.469536455583467e-16,0.001371770659726143,0.0,1.0-1.5
4986,70.95097389265526,2.6349058298234134,118.64184682118682,2.074237898455321,4.6528368945171485e-05,0.005520211621232701,2.503538908805205,2.5-3.0
4987,62.15329377947384,1.3047918971269399,inf,inf,5.561384705002697e-16,0.0017428748317056947,1.4901161193847656e-08,1.0-1.5
4988,54.29706031366931,1.2647298310158857,inf,inf,3.4724114883564923e-16,0.00150968334428591,1.4901161193847656e-08,1.0-1.5
4989,73.75432986849806,2.4592984131013442,71.10478760437833,1.8518988434887318,7.458007810322167e-05,0.005303000613047524,2.124694230525246,2.0-2.5
4990,13.47596621115713,1.4502219227673803,inf,inf,4.250164499749063e-16,0.00040948162663302195,1.4901161193847656e-08,1.0-1.5
4991,4.2923871523468655,2.9646528209156617,6.065759644794992,0.782885197434037,4.7606328871582295e-05,0.00028876854850608263,2.234613701664592,2.5-3.0
4992,3.284064516505558,1.913911624273758,2.250588019409532,0.3522960026538993,0.00010410654547910563,0.0002343009439973887,1.92466305510832,1.5-2.0
4993,62.05469538621927,2.843522106000999,92.01922416488833,1.9638785673081702,4.753102256969307e-05,0.004373767820626953,2.3444903899780756,2.5-3.0
4994,43.44550283298451,0.8043437470843489,inf,inf,5.702005972510727e-16,0.0010880594777471363,1.4901161193847656e-08,0.5-1.0
4995,83.58108162211524,0.616356920204773,inf,inf,9.855031904715027e-16,0.0019970927355676326,0.0,0.5-1.0
4996,97.1506840714678,0.5334694584938642,inf,inf,6.7872622521532025e-16,0.002276524394355358,0.0,0.5-1.0
4997,11.199642690680623,2.690124825943304,18.210086057771917,1.260311998201683,4.670348867893728e-05,0.0008504745480416243,2.464982779400926,2.5-3.0
4998,37.88743738242295,1.6921141960114494,28.364420642763086,1.4527739173130012,0.00010379408863179925,0.002944059190184588,2.095773076516096,1.5-2.0
4999,41.95039673595689,2.3338909103131824,43.420152552700394,1.6376913449746793,7.367448762074745e-05,0.003198957491734891,2.226727521237729,2.0-2.5
